REF_AREA,date,HPI,HPI_RPI,RPI,iso2,hh_share,year,d_ptr,d_hp,d_rent,d_hh
AUT,2001-10-01,59.2210326298841,93.2005098999544,63.5436931899732,AT,33.778767631774315,2001,-2.371179068934648,-0.15133081380822588,2.219848255126333,-0.2317666044935578
AUT,2002-10-01,60.3220131154023,91.1146212708797,66.2067878220056,AT,34.523809523809526,2002,-2.2634904382364596,1.842033736904014,4.1055241751405624,0.7450418920352107
AUT,2003-10-01,61.5206446672933,91.6148246453139,67.1536910336406,AT,34.23357664233577,2003,0.5474811367504273,1.9675707057809966,1.4200895690305693,-0.2902328814737558
AUT,2004-10-01,61.3846975744578,84.0868197280524,73.0040507739639,AT,35.48148148148148,2004,-8.574326642070584,-0.22122252100507112,8.353104121065513,1.2479048391457113
AUT,2005-10-01,63.7016341672044,88.1702893016303,72.2508686751662,AT,37.47307968413496,2005,4.74202170028688,3.704963744564971,-1.0370579557219983,1.9915982026534778
AUT,2006-10-01,65.1782852693657,87.9270999401194,74.1301615593621,AT,38.50658857979503,2006,-0.2761988887594491,2.291614907864048,2.567813796623586,1.03350889566007
AUT,2007-10-01,67.8981963469832,90.2723258301432,75.2174092851348,AT,36.78977272727273,2007,2.632288285366613,4.088310539504736,1.456022254138123,-1.716815852522302
AUT,2008-10-01,70.2097464736047,91.232535270428,76.9595334590318,AT,36.59217877094972,2008,1.0580635608188338,3.347766921092532,2.2897033602736983,-0.19759395632300425
AUT,2009-10-01,71.7855582675198,88.2546866658205,81.3418545670124,AT,36.85655456417296,2009,-3.3184778749550503,2.219617743786362,5.538095618741323,0.26437579322323757
AUT,2010-10-01,79.4243779818974,94.994937783307,83.6119062270971,AT,37.00202565833896,2010,7.359680259111467,10.112203112184215,2.7525228530728363,0.14547109416599824
AUT,2011-10-01,83.6366659201828,96.1594360865583,86.980033217722,AT,36.62551440329217,2011,1.218400275596565,5.167666289162476,3.949266013565911,-0.3765112550467862
AUT,2012-10-01,88.6512041242573,97.8558875138789,90.5967135895238,AT,36.22484385843164,2012,1.7488254354077526,5.822760382867465,4.073934947459623,-0.40067054486053166
AUT,2013-10-01,92.3997404584831,99.3398020608166,93.0169780931249,AT,34.85868102288022,2013,1.5050456335300666,4.141455442290454,2.6364098087602983,-1.366162835551421
AUT,2014-10-01,96.9953613203887,99.4151955952445,97.5692482889431,AT,35.65998617829994,2014,0.07586580356031547,4.853898616779162,4.7780328132188465,0.801305155419719
AUT,2015-10-01,101.566719073752,100.840093486058,100.723996467189,AT,35.60027758501041,2015,1.4231054222247685,4.6052757389866805,3.1821703167615567,-0.05970859328952827
AUT,2016-10-01,109.079785669597,104.221173337998,104.665386827167,AT,35.490605427974955,2016,3.297927830578118,7.136367977313096,3.838440146735067,-0.10967215703545463
AUT,2017-10-01,113.775422558614,104.24223108665,109.148940480338,AT,35.17869656622285,2017,0.02020282531773887,4.214693479694276,4.194490654376892,-0.31190886175210863
AUT,2018-10-01,122.333249152221,108.397951002451,112.859521033882,AT,34.66386554621849,2018,3.9091850684072504,7.252234337668995,3.343049269261922,-0.5148310200043582
AUT,2019-10-01,129.969437917801,112.450113171172,115.583571267198,AT,34.69101123595505,2019,3.6700498182600683,6.055045861967301,2.3849960437076767,0.02714568973656384
AUT,2020-10-01,139.998305926324,114.703156317845,122.056855423689,AT,34.5075016307893,2020,1.9837856966915979,7.433099213292227,5.449313516600096,-0.183509605165753
AUT,2021-10-01,158.799189410622,132.308046273615,120.026402652005,AT,33.702737940026076,2021,14.278534588121516,12.601012232305564,-1.6775223558154195,-0.8047636907632238
AUT,2022-10-01,167.8374837444,133.832600934255,125.412783442047,AT,33.58831710709318,2022,1.1456884566195313,5.535570821272451,4.389882364652031,-0.11442083293289329
AUT,2023-10-01,162.819191569849,118.85994046007,136.98873360092,AT,33.08605341246291,2023,-11.864394321889282,-3.0355821589306053,8.828812162958855,-0.5022636946302725
AUT,2024-10-01,164.580539889092,114.843083123903,143.313929686226,AT,32.723112128146454,2024,-3.43791269954421,1.075972362110189,4.513885061654488,-0.3629412843164559
AUT,2025-10-01,169.588603650776,113.238175404347,149.767840060088,AT,33.147410358565736,2025,-1.4073354546832562,2.997547106734544,4.4048825614175335,0.42429823041928216
AUS,1978-10-01,6.70827630608097,39.0043511125406,17.1998680500084,AU,48.921832884097036,1978,-3.6749626953381576,4.062382288062305,7.7373449834006625,0.8936638700125243
AUS,1979-10-01,7.82403265111442,42.1348606989221,18.5701889123786,AU,48.812664907651715,1979,7.720223625842726,15.385807227999404,7.6655836021567225,-0.10916797644532039
AUS,1980-10-01,8.96661913934686,45.1802637446294,19.8475631097908,AU,48.28025477707006,1980,6.97849055108577,13.630859155754438,6.652368604668668,-0.5324101305816527
AUS,1981-10-01,10.1247971024217,46.7159295985059,21.6744738454018,AU,47.41379310344828,1981,3.342486274084555,12.147887604377283,8.805401330292684,-0.8664616736217852
AUS,1982-10-01,10.0901165769729,41.3359181637668,24.4115763983187,AU,45.3474676089517,1982,-12.235340020307994,-0.34311855121820223,11.89222146908957,-2.0663254944965743
AUS,1983-10-01,11.1278070024056,42.7104256912819,26.055710175122,AU,44.280860702151756,1983,3.271124061858943,9.78907230366084,6.517948241801985,-1.0666069067999473
AUS,1984-10-01,12.2119510450679,43.5145714744175,28.0658095414992,AU,44.568868980963046,1984,1.8652806605579997,9.296795505903521,7.431514845345788,0.2880082788112901
AUS,1985-10-01,13.4299648958578,43.7265625175975,30.7154420599585,AU,44.166666666666664,1985,0.4859896948233633,9.50733305632685,9.021343361503309,-0.40220231429638176
AUS,1986-10-01,14.1441231868645,41.7146211588575,33.9089979766218,AU,40.31805425631431,1986,-4.7104060714090235,5.181081866435111,9.891487937844223,-3.8486124103523522
AUS,1987-10-01,15.4176963595143,41.0604299233816,37.5511486389483,AU,37.422222222222224,1987,-1.5806812510837709,8.621674861142425,10.202356112226063,-2.895832034092088
AUS,1988-10-01,20.5080573280191,49.1379339950143,41.7383099912444,AU,35.82342954159593,1988,17.958644081643005,28.530188536807,10.571544455163995,-1.5987926806262962
AUS,1989-10-01,22.6810676749411,50.1860470770465,45.1968049550833,AU,37.30092204526404,1989,2.110571842527875,10.071270405081956,7.960698562554125,1.4774925036681097
AUS,1990-10-01,22.9156460943329,48.2758150006803,47.4711466591883,AU,37.25165562913907,1990,-3.8806330760475127,1.0289359455210256,4.909569021568672,-0.04926641612496496
AUS,1991-10-01,23.9256444976934,49.4574575495197,48.3792452285223,AU,39.05079100749376,1991,2.4182145966845425,4.313096240736103,1.894881644051516,1.7991353783546842
AUS,1992-10-01,24.0461100057506,49.4229373791164,48.6567958286953,AU,39.82978723404255,1992,-0.06982207510528582,0.502236211803142,0.5720582869082946,0.7789962265487915
AUS,1993-10-01,24.7234142766959,50.4281862751107,49.0300490625578,AU,42.857142857142854,1993,2.013563439849486,2.777750369457621,0.7641869296081794,3.0273556231003056
AUS,1994-10-01,25.578697019536,51.8788388110191,49.3077744773445,AU,45.56737588652482,1994,2.8360706744402275,3.4009116342671675,0.5648409598270288,2.7102330293819676
AUS,1995-10-01,25.6480366913045,50.7950044640175,50.4963925734915,AU,47.4561403508772,1995,-2.1112964562667536,0.270716905386692,2.382013361653401,1.888764464352377
AUS,1996-10-01,26.0934377240936,50.0469459442469,52.1411912947665,AU,48.83318928262748,1996,-1.483652862205398,1.7216828081698665,3.2053356703751756,1.3770489317502808
AUS,1997-10-01,27.6922948661563,51.5738173948035,53.6978502149514,AU,49.46325350949628,1997,3.005264507519767,5.947035630230113,2.9417711227103016,0.6300642268688037
AUS,1998-10-01,29.4448933080003,53.2962015129482,55.2511036645805,AU,50.19794140934284,1998,3.285093357900637,6.1366282134526,2.851534855552007,0.7346878998465556
AUS,1999-10-01,32.1877609471066,56.7561753454452,56.7159061940359,AU,51.51975683890577,1999,6.289940464257171,8.906579252920688,2.616638788663561,1.3218154295629319
AUS,2000-10-01,34.3075089798959,58.6976018593061,58.4515534291669,AU,50.5407354001442,2000,3.3634404712673316,6.3777965423262195,3.014356071058888,-0.9790214387615706
AUS,2001-10-01,39.5651285569833,65.6435534122243,60.2764586824227,AU,53.05975521958244,2001,11.184052780295328,14.258388740723715,3.0743359604285203,2.519019819438242
AUS,2002-10-01,46.9134811497475,76.2256982538837,61.5493511643278,AU,56.10766045548654,2002,14.945925364690194,17.03569403893117,2.089768674240844,3.0479052359040963
AUS,2003-10-01,55.7536598160619,88.61740062198,62.9189699350747,AU,59.38320209973753,2003,15.062958034618301,17.263797640496303,2.200839605878002,3.2755416442509926
AUS,2004-10-01,55.8977644210759,86.8284828812345,64.3812576705284,AU,60.984848484848484,2004,-2.039352197801847,0.2581331783556351,2.2974853761573932,1.6016463851109535
AUS,2005-10-01,57.2545780088167,86.8380268320318,65.9367445876325,AU,59.91711071640024,2005,0.010991124106407568,2.3983217562809855,2.387330632174667,-1.0677377684482465
AUS,2006-10-01,62.2089744689117,90.9488004613453,68.4042832338844,AU,59.427609427609426,2006,4.6252093014006235,8.299166894648646,3.673957593248023,-0.48950128879081234
AUS,2007-10-01,70.5313907322087,96.78274310591,72.8805682636574,AU,58.25761624799573,2007,6.217198880360986,12.555859592961838,6.338660712600852,-1.169993179613698
AUS,2008-10-01,67.7553610974673,85.7760722643527,78.9959340314981,AU,57.0362473347548,2008,-12.072861512825117,-4.015428211383831,8.057433301441375,-1.22136891324093
AUS,2009-10-01,77.4537150174437,93.2120047747529,83.0993514937542,AU,60.204631125471195,2009,8.313643043039054,13.377694514862082,5.064051471822939,3.1683837907163976
AUS,2010-10-01,80.8618570402869,93.3232057717488,86.6525389177249,AU,62.45772266065389,2010,0.11922790323941612,4.306169769903345,4.186941866663929,2.2530915351826977
AUS,2011-10-01,77.5687151016634,85.4786560395481,90.7519869535087,AU,62.905092592592595,2011,-8.780209121127225,-4.157804007314514,4.622405113812711,0.44736993193870234
AUS,2012-10-01,79.9064551456954,84.9076382806525,94.1157556835632,AU,62.64302059496567,2012,-0.6702650573449986,2.9692449824364253,3.6395100397815128,-0.2620719976269257
AUS,2013-10-01,87.8665168020173,90.659298499837,96.9255527222605,AU,61.84939091915835,2013,6.554445053924685,9.496216854923212,2.941771800998527,-0.7936296758073169
AUS,2014-10-01,93.7920713935364,94.5662118001296,99.1875961956298,AU,62.043010752688176,2014,4.219173534625575,6.52615173510549,2.3069782004798256,0.19361983352982293
AUS,2015-10-01,101.912864600199,101.556881452259,100.356818004861,AU,61.35437881873727,2015,7.131880678241576,8.303785384515372,1.1719047062734411,-0.6886319339509086
AUS,2016-10-01,109.690718382923,108.633832070589,100.979219885255,AU,62.241292276627966,2016,6.736383827146231,7.354657504912154,0.6182736777663678,0.8869134578906994
AUS,2017-10-01,115.117939181313,113.208663677637,101.692885959219,AU,63.39193381592555,2017,4.124980891542851,4.829240632368226,0.7042597408254636,1.150641539297581
AUS,2018-10-01,109.175949341141,106.79223264767,102.238516913471,AU,63.076126359399275,2018,-5.834750123201715,-5.2996366011432094,0.5351135220581504,-0.3158074565262723
AUS,2019-10-01,111.954043684275,109.302502519318,102.432296416829,AU,62.76483050847457,2019,2.323409493382478,2.5127667916761354,0.18935729829427927,-0.3112958509247079
AUS,2020-10-01,116.05780222169,114.804081197929,101.098391285201,AU,63.80753138075315,2020,4.910774296113196,3.5999899171678784,-1.3107843789453177,1.04270087227858
AUS,2021-10-01,143.595876235374,141.467357170368,101.510965346134,AU,64.89773355444997,2021,20.88419653362834,21.29145771647245,0.4072611828440209,1.0902021736968237
AUS,2022-10-01,139.589511134051,132.212185713843,105.586533384292,AU,64.84420928865373,2022,-6.766089957202492,-2.8296886815338596,3.936401275668544,-0.053524265796241366
AUS,2023-10-01,148.723257427124,131.265138700399,113.306993823435,AU,64.84884410195613,2023,-0.718886222289683,6.338119389790453,7.0570056120799585,0.004634813302402563
AUS,2024-10-01,157.054417030992,130.187793209268,120.644386626363,AU,64.59054209919262,2024,-0.8241266073345521,5.450510432702238,6.274637040036346,-0.25830200276351434
BEL,1981-10-01,20.4580245761145,55.1906026258214,37.0686547458662,BE,35.55798687089715,1981,-11.68725471032701,-3.3454987670302305,8.341755943296425,-1.77232987118429
BEL,1982-10-01,20.0649984941193,49.8676611410021,40.2372598157449,BE,35.3726362625139,1982,-10.141997716377338,-1.9398276661384717,8.202170050238955,-0.1853506083832528
BEL,1983-10-01,19.572847566504,44.9810177804666,43.5144001820632,BE,35.039817974971555,1983,-10.313214566507067,-2.4833651126173084,7.829849453889981,-0.3328182875423451
BEL,1984-10-01,20.0748001966618,44.015177812113,45.6096811698148,BE,35.11269276393831,1984,-2.1706048963609614,2.5322029396967594,4.702807836057543,0.07287478896675736
BEL,1985-10-01,20.6179985952385,43.2151121993502,47.7110666940198,BE,35.88162762022195,1985,-1.8344271204972173,2.6699105601868833,4.504337680684145,0.7689348562836358
BEL,1986-10-01,21.7094583777818,43.9693459499304,49.3750159112915,BE,37.29662077596996,1986,1.7302454658871813,5.158362298514696,3.4281168326274702,1.4149931557480144
BEL,1987-10-01,23.0490725725409,44.8356797718494,51.4088586743124,BE,38.630806845965765,1987,1.9511537757040731,5.9877497642021105,4.036595988498171,1.334186069995802
BEL,1988-10-01,25.3098741187083,47.2750212134083,53.5385393266334,BE,38.604651162790695,1988,5.297781734519358,9.356906779679308,4.059125045159817,-0.026155683175069555
BEL,1989-10-01,29.3469593561844,53.0634206803008,55.3064946064314,BE,37.97606093579978,1989,11.550575151852271,14.799434049335991,3.248858897483764,-0.6285902269909158
BEL,1990-10-01,31.4428071462461,55.0976393824606,57.0685167782874,BE,38.66809881847476,1990,3.761905803097765,6.898130793860169,3.1362249907622264,0.6920378826749811
BEL,1991-10-01,32.8959000862864,55.612547527894,59.1530646113121,BE,38.07053941908713,1991,0.9301977940372019,4.517778317048382,3.5875805230113578,-0.5975593993876274
BEL,1992-10-01,34.511260836455,55.1402702256994,62.5893154388239,BE,36.67917448405254,1992,-0.8528544454278197,4.793763926891925,5.646618372319789,-1.391364935034595
BEL,1993-10-01,37.2312268517377,56.4891905789298,65.9098405665286,BE,35.44877606527652,1993,2.4168996358227446,7.586216881510488,5.169317245687655,-1.2303984187760193
BEL,1994-10-01,38.7966054173271,56.6599055597708,68.4740707259443,BE,34.92779783393502,1994,0.3017524950764461,4.11849129058246,3.8167387955060583,-0.5209782313415019
BEL,1995-10-01,40.7425578214147,57.9177555981478,70.3468786480494,BE,35.526315789473685,1995,2.195716968207151,4.8940439300948935,2.698326961887876,0.5985179555386679
BEL,1996-10-01,41.6745853119441,58.0407859654961,71.8036080700924,BE,35.688405797101446,1996,0.21219724196948064,2.261828520549125,2.049631278579511,0.1620900076277607
BEL,1997-10-01,43.0527123018141,59.0055210272046,72.9652597668321,BE,34.2687074829932,1997,1.6485046545596127,3.253375435144701,1.6048707805849993,-1.4196983141082455
BEL,1998-10-01,45.6405749160541,61.8706522462676,73.7691327058266,BE,33.710590137429264,1998,4.741493543307307,5.837188925739145,1.095695382432016,-0.5581173455639359
BEL,1999-10-01,48.3394139856897,64.6239112673203,74.8025507096249,BE,30.887747615553923,1999,4.353853406629238,5.745013076700234,1.3911596700709516,-2.822842521875341
BEL,2000-10-01,51.3661766125542,67.5611474283013,76.0306125409351,BE,27.906976744186046,2000,4.444858987708766,6.073266085882123,1.6284070981731347,-2.980770871367877
BEL,2001-10-01,53.4637361201407,68.8528413765721,77.6507586172002,BE,25.689881734559794,2001,1.8938417772708327,4.002368124280542,2.1085263470098425,-2.2170950096262523
BEL,2002-10-01,57.7908300010272,72.5440186500957,79.6646380628891,BE,26.40750670241287,2002,5.222203800262726,7.782651804916929,2.5604480046542477,0.7176249678530766
BEL,2003-10-01,61.9455222134334,76.1899665549346,81.3055891486637,BE,25.38560411311054,2003,4.903625010383461,6.9425212217200105,2.0388962113365494,-1.0219025893023321
BEL,2004-10-01,67.8774280404904,82.0001739392702,82.7787511217274,BE,25.55205047318612,2004,7.349158695702052,9.144822504192351,1.7956638084902998,0.16644636007558233
BEL,2005-10-01,75.6543917270705,89.3890039031638,84.6366200552757,BE,27.59719566602932,2005,8.627630729583213,10.847194193238874,2.2195634636555717,2.0451451928432007
BEL,2006-10-01,82.2008361040917,93.9850592310551,87.4632641062571,BE,28.598365807668134,2006,5.013814951808726,8.298998181076556,3.285183229268007,1.0011701416388128
BEL,2007-10-01,87.7724994060174,98.4569404332012,89.1498045064336,BE,27.689594356261026,2007,4.648347434987166,6.55827593745677,1.9099285024695156,-0.9087714514071088
BEL,2008-10-01,90.6152204955476,99.6384179458624,90.9457887634492,BE,25.976054138469546,2008,1.1928512930421853,3.1873962611080664,1.9945449680657923,-1.7135402177914791
BEL,2009-10-01,89.8724149660723,97.0259277694724,92.6289781624593,BE,25.959142999501744,2009,-2.6569573188315765,-0.8231142498295263,1.8338430690020502,-0.01691113896780294
BEL,2010-10-01,92.7446413471079,99.0780173288201,93.6094695797481,BE,27.983104540654697,2010,2.0929354231165043,3.1458871504772112,1.052951727360707,2.0239615411529535
BEL,2011-10-01,95.8652884451563,101.189519998469,94.7401598349843,BE,27.7497477295661,2011,2.1087600553876484,3.309403604894001,1.2006435495064416,-0.23335681108859774
BEL,2012-10-01,97.4477325837088,101.271139464246,96.2264152990233,BE,27.263779527559052,2012,0.0806274862633849,1.637219756503594,1.556592270239765,-0.48596820200704727
BEL,2013-10-01,98.466102327385,100.916007720921,97.5741892572983,BE,27.486526212640864,2013,-0.3512904885178081,1.039619194129049,1.39090968264739,0.2227466850818125
BEL,2014-10-01,99.0657012812932,99.4986598632037,99.5667548350748,BE,28.326810176125246,2014,-1.41443887786874,0.6070929182342866,2.021531796102849,0.8402839634843815
BEL,2015-10-01,101.28869034245,100.924778523477,100.362487371114,BE,28.20019249278152,2015,1.4231296907858848,2.219148051103126,0.7960183603175075,-0.12661768334372425
BEL,2016-10-01,103.800018029224,102.464576891109,101.30524785497,BE,25.79798863139484,2016,1.5141675271590493,2.4491384589924614,0.9349709318335897,-2.402203861386681
BEL,2017-10-01,107.128747643912,104.577270325053,102.4417506961,BE,27.51615881809788,2017,2.040907956807292,3.1565215722790363,1.1156136154713003,1.7181701867030377
BEL,2018-10-01,110.123248546448,106.489317707248,103.414452094362,BE,28.280435812411177,2018,1.8118449790602398,2.7568819751333073,0.9450369960727123,0.764276994313299
BEL,2019-10-01,114.847730548528,109.768634909661,104.62908321705,BE,28.780718336483936,2019,3.033015480691237,4.20069889073158,1.1676834100403433,0.5002825240727589
BEL,2020-10-01,121.561459496485,112.772351042877,107.795724720983,BE,29.56088727931191,2020,2.699636244292858,5.681280555902646,2.981644311610321,0.7801689428279737
BEL,2021-10-01,128.6639608234,116.76096602194,110.196424352371,BE,30.483091787439616,2021,3.475762537060234,5.67840763414571,2.2026450970856537,0.9222045081277059
BEL,2022-10-01,134.464972371702,116.507695813534,115.415149713038,BE,31.178310740354533,2022,-0.21714902116301005,4.4099685955688805,4.627117616731091,0.6952189529149173
BEL,2023-10-01,138.071683172932,113.223271746223,121.948702652878,BE,31.57894736842105,2023,-2.8595603871990782,2.6469256914029238,5.506486078602979,0.40063662806651834
BEL,2024-10-01,141.863935394055,111.437456986894,127.306059585315,BE,31.782511210762333,2024,-1.5898215798110016,2.7095403207106017,4.299361900521781,0.203563842341282
BEL,2025-10-01,146.693514793645,110.91164996511,132.264109997346,BE,32.51287922152261,2025,-0.4729571520505793,3.347708012034989,3.8206651640850353,0.7303680107602766
CAN,1971-10-01,5.88872074558441,21.0565576197657,27.9672167434411,CA,40.33333333333333,1971,5.023100829464067,6.641419657678482,1.6183188282142602,0.518518518518519
CAN,1972-10-01,6.40340942642348,22.583319333023,28.3556206049838,CA,41.810344827586206,1972,6.999951365768231,8.379178822617806,1.3792274568493745,1.4770114942528778
CAN,1973-10-01,8.34434940779021,28.9007951776261,28.8734281376226,CA,42.29957805907173,1973,24.665755838504523,26.475402075828434,1.8096462373238253,0.489233231485521
CAN,1974-10-01,9.58259345871772,31.9054441324775,30.0354353077291,CA,41.49377593360995,1974,9.890754815311498,13.836367913100656,3.9456130977896464,-0.8058021254617742
CAN,1975-10-01,11.1778110564752,34.9482710825282,31.9850276173197,CA,42.2649140546006,1975,9.109234145542722,15.398238625731153,6.2890044801882095,0.7711381209906492
CAN,1976-10-01,12.2306529060592,35.7957289325517,34.1691434706596,CA,42.78557114228457,1976,2.395958358425565,9.001467634367932,6.60550927594219,0.5206570876839649
CAN,1977-10-01,12.6577450389587,34.9226356092291,36.246409497637,CA,43.89312977099237,1977,-2.469337896957935,3.4323949977312918,5.90173289468936,1.1075586287077996
CAN,1978-10-01,13.5455865568312,35.6338790010937,38.0145957324164,CA,44.66911764705882,1978,2.0161638893490874,6.779149504049764,4.762985614700677,0.775987876066452
CAN,1979-10-01,14.8649097314386,37.4026304590882,39.7443859333626,CA,43.007915567282325,1979,4.84441924246064,9.294260496858664,4.449841254398024,-1.6612020797764941
CAN,1980-10-01,17.4275205494461,41.5777126453383,41.917046230986,CA,40.54514480408859,1980,10.582323490415702,15.904721364227381,5.322397873811857,-2.4627707631937383
CAN,1981-10-01,19.0228719722826,42.207892568566,45.0710917532854,CA,35.62653562653563,1981,1.5042961263520116,8.759144569267985,7.254848442915751,-4.918609177552959
CAN,1982-10-01,17.5743597003433,35.505441588467,49.4994364000306,CA,34.50881612090681,1982,-17.292126232888627,-7.920103858931604,9.372022373956979,-1.1177195056288198
CAN,1983-10-01,18.6011334923563,35.5372911135256,52.3444632804603,CA,36.58536585365854,1983,0.08966301261517096,5.678151469147208,5.588488456532303,2.0765497327517295
CAN,1984-10-01,18.6260387187583,34.0544218977298,54.6968921636014,CA,36.74418604651163,1984,-4.262271004117801,0.1338013533575655,4.396072357475145,0.15882019285309212
CAN,1985-10-01,20.38269685114,35.7466250524479,57.0219758494463,CA,37.12190650779102,1985,4.849597155464203,9.012581451369828,4.162984295905581,0.3777204612793881
CAN,1986-10-01,24.6205271403525,41.5705051816863,59.2280871094194,CA,38.36589698046181,1986,15.0935045188767,18.889418423044102,3.7959139041674916,1.243990472670795
CAN,1987-10-01,27.8576717385249,45.4320644880715,61.3194154234545,CA,40.05190311418685,1987,8.882721627063805,12.352786322438059,3.4700646953742975,1.6860061337250372
CAN,1988-10-01,33.8281302403505,52.7911623009237,64.0814649584744,CA,40.691927512355846,1988,15.012567402244548,19.418431717423967,4.405864315179375,0.6400243981689968
CAN,1989-10-01,36.7937824794276,54.8135192135702,67.1277996508702,CA,41.10334110334111,1989,3.759306846766064,8.403616454914786,4.644309608148678,0.4114135909852621
CAN,1990-10-01,34.0998143383803,48.9097384055482,69.7224012607621,CA,41.246290801186944,1990,-11.396033845491482,-7.6036936884738004,3.7923401570176374,0.142949697845836
CAN,1991-10-01,35.4963672384378,49.3542469387018,71.924200108239,CA,41.35977337110482,1991,0.9047293647642896,4.013842028118253,3.1091126633540966,0.11348256991787764
CAN,1992-10-01,37.2390201236063,50.5264436889908,73.7046986507017,CA,41.97617379117029,1992,2.3473016938273084,4.7926779658841845,2.4453762720567873,0.6164004200654674
CAN,1993-10-01,37.1187429307826,49.3731118826418,75.1827869747952,CA,41.850828729281766,1993,-2.3090854498300395,-0.3235097259072006,1.9855757239229277,-0.1253450618885239
CAN,1994-10-01,38.3256342225918,50.2492674886333,76.2737812122008,CA,42.23471539002108,1994,1.7589987353757053,3.1996930822314695,1.4406943468555866,0.3838866607393143
CAN,1995-10-01,36.6670738905946,47.447600800641,77.281876390483,CA,42.24259520451339,1995,-5.737000839876982,-4.423978998587774,1.3130218412894301,0.007879814492312676
CAN,1996-10-01,36.7514608768042,46.9313475196793,78.3118068685638,CA,43.02816901408451,1996,-1.0940118303322421,0.22987934487805894,1.323891175210079,0.7855738095711189
CAN,1997-10-01,37.483749165677,47.3351349220945,79.1908610574788,CA,42.72915230875259,1997,0.8566987153000749,1.9729506850211465,1.1162519697212048,-0.2990167053319226
CAN,1998-10-01,37.1988776462699,46.4640423021467,80.0623822029999,CA,42.498347653668205,1998,-1.8574100312862996,-0.7628893443994755,1.0945206868869128,-0.23080465508438408
CAN,1999-10-01,38.7362611399355,47.9159908164029,80.8449484412522,CA,43.77593360995851,1999,3.07705565783718,4.049755167898139,0.9726995100608704,1.2775859562903022
CAN,2000-10-01,40.5337718427792,49.5218648444452,81.853205091801,CA,42.638888888888886,2000,3.296499986819601,4.535935759131782,1.2394357723121807,-1.1370447210696213
CAN,2001-10-01,42.74900059539,51.279618253129,83.3675126537087,CA,41.699867197875164,2001,3.4879082146029194,5.321031792883213,1.8331235782802047,-0.9390216910137212
CAN,2002-10-01,46.5254741855916,54.7395990149838,84.9972466968803,CA,41.989664082687334,2002,6.529401009757274,8.465417731248959,1.936016721491729,0.28979688481216925
CAN,2003-10-01,50.292497141183,58.4368064134143,86.0661523220697,CA,44.158415841584166,2003,6.5358559796592,7.785590924040653,1.2497349443814976,2.168751758896832
CAN,2004-10-01,54.0897621275269,62.2978656472417,86.82755369477,CA,45.4071661237785,2004,6.39812278156251,7.278902438061019,0.8807796564984649,1.2487502821943366
CAN,2005-10-01,58.7923979095194,67.1696238083429,87.5314089663953,CA,48.39357429718876,2005,7.529395273995476,8.336763113579826,0.8073678395843054,2.986408173410261
CAN,2006-10-01,66.1071890977477,74.6901127675127,88.5118132052403,CA,49.34980494148245,2006,10.612660550251807,11.7264942584562,1.1138337082043925,0.956230644293683
CAN,2007-10-01,72.8776237324334,80.9078409388986,90.0781074418196,CA,50.03095975232198,2007,7.996301656347526,9.750414533428309,1.7541128770808712,0.68115481083953
CAN,2008-10-01,72.7963482747866,79.4875329092945,91.5853981582478,CA,50.029958058717796,2008,-1.7710550126756708,-0.11158543281295508,1.6594695798627157,-0.0010016936041807867
CAN,2009-10-01,76.7297023995163,82.6211724596819,92.8726465487255,CA,51.96936542669584,2009,3.8665782247066183,5.262309475671678,1.39573125096506,1.939407367978042
CAN,2010-10-01,79.9070057554365,85.0377507679635,93.9698977089735,CA,52.86908077994429,2010,2.8829311718182815,4.057464283268963,1.174533111450593,0.8997153532484532
CAN,2011-10-01,85.4034948446786,89.9933529185103,94.9032033454638,CA,52.62569832402235,2011,5.664052656456953,6.652349272367264,0.9882966159103113,-0.24338245592193886
CAN,2012-10-01,88.2972791622959,91.5216130534999,96.4804492039187,CA,51.78958785249458,2012,1.6839341481928116,3.3322270374146257,1.6482928892219029,-0.8361104715277747
CAN,2013-10-01,91.6824964796388,93.5570013900975,97.9999373937931,CA,50.39494470774092,2013,2.199573845147018,3.7622189387108484,1.5626450935638303,-1.3946431447536582
CAN,2014-10-01,96.783949042178,97.4170013522688,99.3537452195329,CA,49.25141972121839,2014,4.04298562122829,5.414968189537017,1.3719825683087272,-1.1435249865225288
CAN,2015-10-01,102.798332908055,102.504536977229,100.290234087042,CA,48.37320574162679,2015,5.090631350392716,6.028797118824425,0.9381657684309097,-0.8782139795915995
CAN,2016-10-01,115.053915870451,114.029898603432,100.901663883046,CA,49.06454630495791,2016,10.655362166794102,11.263171610932954,0.6078094441388515,0.6913405633311172
CAN,2017-10-01,125.054577414873,123.060244831731,101.624279539181,CA,48.85460495558672,2017,7.621334838244476,8.334940917962008,0.7136060797184207,-0.20994134937118503
CAN,2018-10-01,128.498388666799,124.789097733037,102.976161370328,CA,48.12933025404157,2018,1.395106336930585,2.716610336786296,1.3215039998554445,-0.7252747015451533
CAN,2019-10-01,131.494239838205,123.489936253872,106.485585670262,CA,47.19963866305329,2019,-1.046542928622607,2.3046682447999345,3.35121117342263,-0.929691590988277
CAN,2020-10-01,143.902923081285,133.793632465411,107.559761959198,CA,46.20408163265306,2020,8.01388916922594,9.017587982237796,1.0036988130118552,-0.995557030400235
CAN,2021-10-01,166.21209114192,151.212847347959,109.923255926362,CA,46.29388816644994,2021,12.23898727512056,14.412570335917696,2.1735830607975792,0.08980653379688164
CAN,2022-10-01,170.236171358907,146.819244751065,115.95367542471,CA,46.68828161185735,2022,-2.948622674557022,2.39220859040854,5.340831264965384,0.3943934454074096
CAN,2023-10-01,175.258238590722,140.553250090278,124.696197880701,CA,45.821980018165306,2023,-4.361578145159761,2.907381908083817,7.268960053243134,-0.8663015936920431
CAN,2024-10-01,179.469441372988,134.541666715445,133.398015567291,CA,45.9113750571037,2024,-4.371248039823605,2.374441507477343,6.745689547301215,0.08939503893839174
CAN,2025-10-01,174.080689518301,124.568813695119,139.751645824044,CA,45.95705801735953,2025,-7.701565711907765,-3.0486025800446903,4.652963131863341,0.04568296025583152
CHE,2000-10-01,62.7237610943723,76.4257135808538,82.0713549908359,CH,52.66772319070259,2000,-2.1235465440160084,0.18249351327845886,2.3060400572942896,0.8440149840156508
CHE,2001-10-01,63.5573244942552,75.8552432051227,83.7874582154593,CH,53.17073170731707,2001,-0.7492375362153858,1.3201905935448899,2.0694281297604533,0.5030085166144787
CHE,2002-10-01,62.7358617990769,74.4086789445377,84.3123682134136,CH,55.048859934853425,2002,-1.9254241863362331,-1.300900395689908,0.6245237906463252,1.878128227536358
CHE,2003-10-01,64.1596842888289,75.8424977521242,84.5957616552926,CH,55.34132360604481,2003,1.9086204383726546,2.244180020989983,0.3355595826172397,0.29246367119138483
CHE,2004-10-01,67.3583371259451,78.1591985520674,86.1807508970106,CH,56.17088607594937,2004,3.0088961842436035,4.86516403959909,1.8562678553554868,0.829562469904559
CHE,2005-10-01,69.8880331715326,80.3029524999998,87.0302676727379,CH,56.661400737230124,2005,2.705863490320848,3.6867752063922232,0.9809117160714642,0.4905146612807556
CHE,2006-10-01,75.7407956556622,85.232666255985,88.8633748467015,CH,56.41025641025641,2006,5.9578378468676085,8.042249218966191,2.0844113720985824,-0.2511443269737157
CHE,2007-10-01,77.4165972720048,85.2756951222058,90.7836886088635,CH,52.0163348647269,2007,0.05047126931065904,2.1884265136203673,2.1379552443095307,-4.393921545529508
CHE,2008-10-01,81.632617242667,87.3297000208947,93.4761391583816,CH,51.440329218106996,2008,2.3801131606209225,5.302771056737932,2.922657896117098,-0.5760056466199046
CHE,2009-10-01,79.6161139936967,83.7580310617602,95.0546857869327,CH,50.21479713603819,2009,-4.175855203092471,-2.501239374452169,1.6746158286401247,-1.2255320820688027
CHE,2010-10-01,84.9259055896815,88.3599018463526,96.1134077947576,CH,50.59837242699856,2010,5.3486208330821405,6.456266792547982,1.1076459594659305,0.3835752909603656
CHE,2011-10-01,89.3093067927116,91.7921306969213,97.2949460506902,CH,50.04612546125461,2011,3.8108303983043434,5.03265244603206,1.2218220477278052,-0.5522469657439473
CHE,2012-10-01,93.1479217261654,95.534175625898,97.501977328023,CH,49.51024042742653,2012,3.995747173080666,4.208308389852444,0.21256121677186712,-0.5358850338280803
CHE,2013-10-01,95.9114694518301,97.2445693966597,98.628902679224,CH,50.91151622943531,2013,1.774509583262951,2.9236787022191457,1.1491691189561948,1.4012758020087759
CHE,2014-10-01,99.1061428386357,99.4232292437009,99.6808478251213,CH,52.25144895229603,2014,2.2156641705075586,3.276585290162437,1.0609211196547896,1.3399327228607234
CHE,2015-10-01,100.688842907154,100.770942566525,99.9183016018676,CH,52.46402093327518,2015,1.346426492593622,1.58435725477295,0.2379307621789728,0.2125719809791491
CHE,2016-10-01,101.173551127524,100.563364407172,100.606540002974,CH,51.56514382402707,2016,-0.20620254543217698,0.48023719747041227,0.6864397429028557,-0.8988771092481116
CHE,2017-10-01,105.230208793698,103.481959777223,101.689193095898,CH,50.282942603071945,2017,2.860927540733016,3.9313044715867385,1.0703769308536337,-1.2822012209551232
CHE,2018-10-01,108.85390415606,106.609840980457,102.104698808233,CH,51.25208681135225,2018,2.9778528516863467,3.3856239425624324,0.4077710908757304,0.969144208280305
CHE,2019-10-01,111.472123330044,108.287148948362,102.940996550036,CH,47.6828801225584,2019,1.561066100215136,2.3767890322514695,0.8157229320369552,-3.569206688793848
CHE,2020-10-01,117.475077422258,113.522577502947,103.481451277094,CH,48.73021715126978,2020,4.7215252507368355,5.245165937768537,0.5236406870314347,1.0473370287113752
CHE,2021-10-01,127.181127306521,121.053789671331,105.061426760656,CH,46.521899153478095,2021,6.423325168500149,7.938606562459682,1.5152813939596221,-2.2083179977916814
CHE,2022-10-01,134.1531152673,125.927234744183,106.53200714036,CH,46.526717557251914,2022,3.946924854749412,5.33695292040397,1.3900280656549135,0.004818403773818147
CHE,2023-10-01,136.228411089471,125.466502527314,108.577268893308,CH,47.91009463722398,2023,-0.3665427291158707,1.5351171398876318,1.9016598690039466,1.383377079972064
CHE,2024-10-01,140.900301148354,125.52261021839,112.250678206579,CH,47.639653815893,2024,0.04470926359854133,3.371958595287605,3.327249331688087,-0.270440821330979
CHE,2025-10-01,148.262499779963,130.089431711975,113.969414147918,CH,48.82890035728464,2025,3.573624673438758,5.093179364918132,1.5195546914797298,1.1892465413916398
DEU,1971-10-01,36.9313739734104,139.509801920336,26.4730490273536,DE,39.93362831858407,1971,1.8871792419442812,8.141248687586744,6.254069445642374,-0.11162055019421047
DEU,1972-10-01,39.2275074755656,140.063752361666,28.0077471874816,DE,40.319148936170215,1972,0.3962829515042898,6.031678904422755,5.635395952918021,0.3855206175861454
DEU,1973-10-01,42.1603112742608,143.070227144151,29.4691604152792,DE,40.904311251314404,1973,2.123791565052624,7.210106535084826,5.086314970032246,0.5851623151441885
DEU,1974-10-01,44.3987985142615,144.183747259689,30.794143565301,DE,40.062434963579605,1974,0.775290016728647,5.1733121211001265,4.398022104371879,-0.8418762877347987
DEU,1975-10-01,45.0472087918981,136.658536277183,32.9643367864976,DE,40.0611620795107,1975,-5.360313018189089,1.4498615547957172,6.8101745729849394,-0.0012728840689035792
DEU,1976-10-01,46.4850793284621,135.558059725506,34.2926820796318,DE,40.714285714285715,1976,-0.8085345000513833,3.142036231490497,3.950570731541214,0.6531236347750138
DEU,1977-10-01,49.4541118603785,139.671553187037,35.4085110700635,DE,41.30653266331659,1977,2.9893584056021716,6.191382004473223,3.2020235988710954,0.5922469490308728
DEU,1978-10-01,53.4503896195428,147.028221075865,36.3549367577655,DE,42.54473161033797,1978,5.13309307994847,7.7708720375280205,2.637778957580128,1.238198947021381
DEU,1979-10-01,57.9602990078681,153.026214489666,37.8772118641088,DE,43.79276637341153,1979,3.9984694788933517,8.100434943977808,4.101965465084323,1.2480347630735622
DEU,1980-10-01,62.3879171346521,157.576512567831,39.5933476177147,DE,43.87947269303202,1980,2.930189113763859,7.361334465786573,4.431145352022492,0.08670631962048958
DEU,1981-10-01,65.4491569809232,157.564891504469,41.539170812908,DE,44.072398190045256,1981,-0.007375142216847763,4.790199095741965,4.797574237959035,0.1929254970132348
DEU,1982-10-01,65.6192952900747,150.325950772338,43.6526711287518,DE,44.44444444444444,1982,-4.703144128104508,0.25961762997344096,4.962761758077949,0.37204625439918715
DEU,1983-10-01,65.2720868040716,142.685511735968,45.7468127364417,DE,45.709281961471106,1983,-5.216295188658648,-0.530530421227926,4.6857647674304115,1.2648375170266632
DEU,1984-10-01,63.8200404882585,134.205950754984,47.555255915985,DE,46.25435540069686,1984,-6.1267423806583565,-2.249722874460147,3.8770195061984314,0.545073439225753
DEU,1985-10-01,63.5560079340191,130.710072575587,48.6251300236889,DE,47.51958224543081,1985,-2.639388195244674,-0.4145723402018575,2.22481585504255,1.2652268447339523
DEU,1986-10-01,63.4639735251153,128.442782817852,49.4118113458114,DE,47.95008912655972,1986,-1.7498148765369592,-0.14491330254102763,1.6049015739962424,0.4305068811289061
DEU,1987-10-01,63.3768605305194,126.297392609283,50.1821839527565,DE,47.99643811219946,1987,-1.684415055359434,-0.1373579871828845,1.547057068176283,0.04634898563974588
DEU,1988-10-01,64.7331041044211,125.365123723705,51.6372279828595,DE,47.5,1988,-0.7408915429036433,2.1173907092531863,2.8582822521570073,-0.49643811219946343
DEU,1989-10-01,68.0457286499242,128.22098724137,53.0707192345217,DE,47.2,1989,2.2524768828422914,4.990723325210045,2.7382464423673536,-0.29999999999999716
DEU,1990-10-01,72.9718098518069,132.549119612279,55.0543311918199,DE,47.02702702702703,1990,3.3198052664731748,6.989324084473836,3.6695188180008387,-0.1729729729729712
DEU,1991-10-01,76.2091573030534,123.922208929873,61.4994503130773,DE,45.414069456812115,1991,-6.729926938311337,4.34084298996309,11.070769928274604,-1.6129575702149168
DEU,1992-10-01,80.2953129943831,123.557916031619,64.9879505669761,DE,45.744680851063826,1992,-0.2944019536347042,5.222962050859792,5.51736400449423,0.3306113942517115
DEU,1993-10-01,84.0419397907019,117.8985444145,71.2854417863754,DE,45.61983471074381,1993,-4.688554033015535,4.560470690399399,9.249024723415555,-0.12484614032001673
DEU,1994-10-01,86.8479386488136,115.901634883429,74.9347346246995,DE,47.73289365210223,1994,-1.7082605304907794,3.2842800326339017,4.992540563124681,2.1130589413584175
DEU,1995-10-01,87.1029739454567,111.412648796726,78.1828872456761,DE,49.95829858215179,1995,-3.9500991225406956,0.2932269518758801,4.243326074416576,2.2254049300495637
DEU,1996-10-01,85.5735665474111,106.797620638547,80.1292866988271,DE,50.521251002405776,1996,-4.230521739117332,-1.7714593868346284,2.459062352282526,0.5629524202539855
DEU,1997-10-01,84.2233259085517,103.000791708008,81.7720800865918,DE,50.742767787333854,1997,-3.6198972927021345,-1.590452076692106,2.0294452160094067,0.22151678492807747
DEU,1998-10-01,83.8515896640067,101.64196128168,82.4995319519171,DE,50.64247921390778,1998,-1.3280220063266235,-0.44234661600404124,0.885675390323204,-0.10028857342607722
DEU,1999-10-01,84.3096845530609,101.025797168547,83.4561602301681,DE,51.39296187683286,1999,-0.6080552884216495,0.5448293899496193,1.1528846783715352,0.75048266292508
DEU,2000-10-01,85.1328904396684,100.92110759504,84.3584500157655,DE,47.699594046008116,2000,-0.10368030449159349,0.9716712148800433,1.0753515193706598,-3.693367830824741
DEU,2001-10-01,83.6941235420406,98.0194760215486,85.3877972068439,DE,46.44295302013423,2001,-2.9172904854045,-1.7044686110724072,1.212821874332537,-1.2566410258738827
DEU,2002-10-01,83.0375069359509,95.9852509341268,86.513327834373,DE,45.580474934036936,2002,-2.097165027741088,-0.7876369933630833,1.3095280343780935,-0.8624780860972976
DEU,2003-10-01,83.5209238702042,95.7180870489929,87.259857607952,DE,45.412844036697244,2003,-0.27872655834544346,0.5804789218180062,0.8592054801634497,-0.1676308973396914
DEU,2004-10-01,81.7137298514519,92.7875829150336,88.0680527096001,DE,47.062888735314445,2004,-3.1094451933702416,-2.1875145953320185,0.9219305980380454,1.6500446986172008
DEU,2005-10-01,82.9887503442861,93.3155278125341,88.9361917387101,DE,45.9478021978022,2005,0.5673696819839869,1.5483020805690195,0.9809323985852103,-1.1150865375122478
DEU,2006-10-01,83.8364372144718,93.255072878337,89.9028726541219,DE,43.934201507882115,2006,-0.06480649801101634,1.0162664023555479,1.0810729003665642,-2.0136006899200822
DEU,2007-10-01,82.0026567809273,90.088597146568,91.0272284752313,DE,42.53521126760563,2007,-3.454485903088589,-2.2116078106598103,1.2428780924287786,-1.3989902402764827
DEU,2008-10-01,82.0697275859778,89.0581920054807,92.1557289154784,DE,41.0327983251919,2008,-1.1503600025139171,0.0817575840630802,1.2321175865768197,-1.5024129424137342
DEU,2009-10-01,84.1969873257513,90.5041691643076,93.033891452911,DE,41.541609822646656,2009,1.61059189303705,2.5589918281532675,0.9483999351162176,0.508811497454758
DEU,2010-10-01,83.6731138455868,88.8332541768572,94.1940738834787,DE,41.18476727785613,2010,-1.8634853888555014,-0.624143521871634,1.2393418669838674,-0.35684254479052413
DEU,2011-10-01,87.3358415349513,91.5380363251639,95.4122502196875,DE,40.65217391304348,2011,2.9993519575845617,4.284322913618865,1.2849709560344813,-0.5325933648126551
DEU,2012-10-01,91.6706448809448,94.9940249713469,96.5044228845644,DE,40.51094890510949,2012,3.7059411138146814,4.844127221154704,1.1381861073398447,-0.14122500793398984
DEU,2013-10-01,93.0872828872263,95.1110880231707,97.8751464636384,DE,39.29343907714492,2013,0.12315614743449999,1.5335371924526164,1.4103810450181165,-1.2175098279645695
DEU,2014-10-01,96.2797599152513,96.9208713260262,99.3415449158258,DE,40.075471698113205,2014,1.8849330006558418,3.372054061948493,1.487121061292651,0.7820326209682875
DEU,2015-10-01,101.86737038008,101.506701238892,100.358370673092,DE,39.60843373493976,2015,4.622993229551664,5.641355747981613,1.0183625184305711,-0.46703796317344626
DEU,2016-10-01,110.304917958891,108.546849940974,101.622733397614,DE,38.872403560830854,2016,6.705705811362428,7.95768355996378,1.2519777486010852,-0.7360301741089046
DEU,2017-10-01,117.000955504231,113.499851170245,103.087815632139,DE,38.62788963460104,2017,4.461964917106798,5.893358908579138,1.4313939914719853,-0.24451392622981416
DEU,2018-10-01,124.172738224439,118.689570883115,104.622939859914,DE,38.17642698295033,2018,4.470991097403143,5.9491544940634355,1.4781633966602925,-0.45146265165070787
DEU,2019-10-01,132.193839855026,124.527494293437,106.159579399606,DE,38.05374001452433,2019,4.801509260274184,6.259568276084071,1.4580590158102424,-0.12268696842600235
DEU,2020-10-01,143.850903713017,133.769615772165,107.539579954448,DE,37.676292813969106,2020,7.159250577939957,8.450804313804383,1.2915537358638929,-0.37744720055522407
DEU,2021-10-01,162.350058894183,148.788929464932,109.117662070294,DE,37.46612466124661,2021,10.640968587269306,12.097748900263028,1.4567803129941659,-0.21016815272249545
DEU,2022-10-01,158.498702449402,142.591966171283,111.158806360159,DE,36.36363636363637,2022,-4.254155269074644,-2.4008454464664375,1.8533098226078515,-1.1024882976102433
DEU,2023-10-01,146.690476155429,129.306527879062,113.447437032442,DE,36.24641833810888,2023,-9.780139737627103,-7.7421644352439145,2.0379753023830993,-0.11721802552748528
DEU,2024-10-01,149.637317390764,129.099639664655,115.911921309754,DE,36.020334059549754,2024,-0.16012640919491616,1.9889719740389111,2.1490983832341826,-0.22608427855912794
DEU,2025-10-01,153.553426583912,129.643123187772,118.446777100966,DE,35.771762984637895,2025,0.4200962503548844,2.583408015841915,2.163311765486764,-0.24857107491185815
DNK,1995-10-01,36.868922988862,59.4176589699611,62.0574520491881,DK,47.4468085106383,1995,9.63258328279335,11.167603153175909,1.5350198703823814,3.617916505028198
DNK,1996-10-01,41.1628660164275,65.0434342511275,63.2923422336766,DK,48.98245614035088,1996,9.046379474113042,11.016753887338071,1.9703744132250733,1.535647629712578
DNK,1997-10-01,44.8143310250319,69.0333626325549,64.9242460894704,DK,49.420586230402186,1997,5.953463817002547,8.499143756872662,2.5456799398702934,0.43813009005130965
DNK,1998-10-01,49.0738394877452,74.0270739139184,66.2992294237218,DK,52.94934073560028,1998,6.98409858392619,9.07981149358652,2.0957129096601967,3.528754505198094
DNK,1999-10-01,51.7245541462387,76.1121322427784,67.9660284774147,DK,50.332005312084995,1999,2.777678717051746,5.260651174388586,2.482972457336885,-2.6173354235152857
DNK,2000-10-01,55.7215737997795,79.7064894505618,69.916345265283,DK,48.12698412698413,2000,4.614332878701077,7.443478940544379,2.8291460618432573,-2.2050211851008683
DNK,2001-10-01,57.7829777519741,80.3913263628783,71.8852439031176,DK,46.47806004618938,2001,0.8555283355119236,3.6326836438758114,2.777155308363799,-1.6489240807947496
DNK,2002-10-01,60.2214316209538,82.0150053141944,73.4356230972479,DK,49.79448032883147,2002,1.999593285322998,4.133406620897517,2.133813335574697,3.316420282642092
DNK,2003-10-01,63.7894583312043,84.4672778029748,75.5282534962596,DK,50.87323943661972,2003,2.946199226939328,5.75596508284395,2.8097658559045335,1.078759107788251
DNK,2004-10-01,72.7404743749054,93.6976232208406,77.6419761232705,DK,50.67096081588836,2004,10.370860865394071,13.131001427091249,2.7601405616972663,-0.20227862073136293
DNK,2005-10-01,91.8518321748861,115.607041637827,79.4607320471477,DK,49.58556801560214,2005,21.01240451219617,23.327879787838324,2.3154752756417096,-1.0853928002862148
DNK,2006-10-01,105.41924437033,130.061679683655,81.0624203056696,DK,47.791519434628974,2006,11.781192883535052,13.776844466988614,1.995651583454272,-1.7940485809731683
DNK,2007-10-01,105.384093927534,127.32230243595,82.7788918471458,DK,48.0849292256453,2007,-2.128711093878888,-0.03334903840288561,2.0953620554759134,0.29340979101632314
DNK,2008-10-01,93.8235498181011,110.523620725152,84.8996270695047,DK,47.70825029892388,2008,-14.14924257692105,-11.619582455579547,2.5296601213416814,-0.3766789267214179
DNK,2009-10-01,89.2095779417749,101.841871440877,87.606058094415,DK,47.951273532668885,2009,-8.180792996705666,-5.042747880927045,3.1380451157779987,0.24302323374500645
DNK,2010-10-01,91.5967713945039,101.534664124248,90.2224996740686,DK,49.212447176335004,2010,-0.30210717222507455,2.64076144235732,2.9428686145828387,1.261173643666119
DNK,2011-10-01,86.5664111418342,93.1542877098056,92.9384851658689,DK,47.29526671675431,2011,-8.6143132490629,-5.648414604711238,2.9658986443513946,-1.9171804595806918
DNK,2012-10-01,87.6700745306777,92.0273662356147,95.2759765226082,DK,46.72439759036144,2012,-1.2171134252926485,1.2668737500732163,2.483987175365865,-0.5708691263928714
DNK,2013-10-01,90.8534153842438,93.450689963787,97.2316759929656,DK,48.844496670583624,2013,1.5347925214785008,3.5666772070488406,2.03188468557034,2.1200990802221824
DNK,2014-10-01,94.5960067528037,95.6937309179103,98.8640374363053,DK,47.466150870406196,2014,2.3718871548936704,4.036787545337184,1.6649003904436022,-1.3783458001774278
DNK,2015-10-01,103.366202222057,102.793080977321,100.568900685718,DK,45.8864426419467,2015,7.15652564245044,8.8662781000866,1.7097524576362488,-1.579708228459495
DNK,2016-10-01,107.708283175226,105.505418799388,102.099440851895,DK,45.17001545595054,2016,2.604426953660699,4.114844665756401,1.5104177120952578,-0.7164271859961602
DNK,2017-10-01,112.079559321957,108.182006624618,103.614469533569,DK,45.140817136057116,2017,2.50527405894605,3.978247929415879,1.4729738704702733,-0.029198319893424696
DNK,2018-10-01,115.310296786732,110.153165582665,104.693599931114,DK,44.545815152717175,2018,1.8056756456386047,2.841775739171215,1.0361000935318998,-0.5950019833399409
DNK,2019-10-01,118.035425779628,111.826582903463,105.564122645832,DK,42.22560975609756,2019,1.5077492732531006,2.3358070284749566,0.8280577552227442,-2.3202053966196132
DNK,2020-10-01,126.411148677836,118.590982078917,106.606267498118,DK,47.061293031066334,2020,5.873114283578218,6.855488150784517,0.9823738672057658,4.835683274968773
DNK,2021-10-01,140.387486685724,129.994638741144,108.007019965495,DK,44.58460200086994,2021,9.181276191381293,10.48666820612949,1.3053920147483744,-2.476691030196392
DNK,2022-10-01,141.354212232435,127.521651402814,110.859739147908,DK,38.65698729582578,2022,-1.920704404684237,0.6862522263133997,2.6069566309971037,-5.927614705044164
DNK,2023-10-01,140.543789881414,123.587283579548,113.733106019715,DK,38.85714285714286,2023,-3.1338509035501616,-0.5749771744729237,2.558873729078126,0.20015556131708223
DNK,2024-10-01,145.907384596252,125.936879366425,115.870630763991,DK,38.116392714349175,2024,1.8833167950978336,3.74529563733752,1.8619788422394201,-0.7407501427936865
DNK,2025-10-01,156.922464816307,132.439431687153,118.499587494573,DK,37.394397510004445,2025,5.034459755207088,7.277976034726041,2.2435162795183317,-0.7219952043447293
ESP,1981-10-01,8.73878249487119,44.117376623264,19.8076421419792,ES,26.673640167364017,1981,-11.189679585298906,1.5639094617853733,12.753589047084501,-0.4374709437470905
ESP,1982-10-01,9.5423565905899,43.0542757441118,22.1631193293661,ES,27.24458204334365,1982,-2.4392186220160816,8.796959971206686,11.236178593222679,0.570941875979635
ESP,1983-10-01,11.2317811458875,47.4582651226442,23.6661877360181,ES,27.23492723492723,1983,9.738914946041932,16.300688518925497,6.5617735728837,-0.00965480841642119
ESP,1984-10-01,11.9667788579208,48.0254257998031,24.9171044297504,ES,25.511302475780408,1984,1.187987900380083,6.3387019876957496,5.1507140873156665,-1.7236247591468228
ESP,1985-10-01,13.1506814917734,49.3445067119798,26.6502310444583,ES,26.840317100792753,1985,2.7095872029872403,9.433919965450066,6.724332762462604,1.329014625012345
ESP,1986-10-01,16.6749414385417,58.3279715808537,28.5876841185911,ES,29.176755447941893,1986,16.725531841749763,23.743349811359593,7.017817969610096,2.336438347149141
ESP,1987-10-01,23.0019442574343,76.3933524266256,30.1092895869199,ES,33.00248138957817,1987,26.981391699007418,32.167166542438075,5.185774843430524,3.8257259416362785
ESP,1988-10-01,28.3579781341617,87.7930131135941,32.3003210993752,ES,35.00597371565114,1988,13.908623791654051,20.932966096250993,7.024342304596853,2.0034923260729656
ESP,1989-10-01,34.5817517438451,98.0647024788604,35.2635316348921,ES,36.206896551724135,1989,11.064557001045472,19.841773043795328,8.777216042749947,1.2009228360729978
ESP,1990-10-01,38.7921209891797,101.194997697725,38.3332826767415,ES,35.34777651083238,1990,3.142183557612377,11.489102203025903,8.346918645413393,-0.859120040891753
ESP,1991-10-01,44.1858750165189,106.095575946034,41.6464239667572,ES,34.92769744160177,1991,4.72910219619429,13.018800952924758,8.289698756730246,-0.42007906923061
ESP,1992-10-01,42.1492447817967,93.1689417200884,45.2387051639345,ES,34.69613259668508,1992,-12.992592492228283,-4.718840135608904,8.273752356619735,-0.23156484491669005
ESP,1993-10-01,42.7562146051315,87.1663354979405,49.0503364538244,ES,34.868421052631575,1993,-6.659622723611047,1.4297788805465839,8.089401604157498,0.172288455946493
ESP,1994-10-01,43.3822520759817,84.3390845424265,51.4368946904717,ES,36.175115207373274,1994,-3.297280168142791,1.4535863429121942,4.7508665110551185,1.3066941547416988
ESP,1995-10-01,44.9045030321242,82.2885890256372,54.5684740765762,ES,37.90613718411552,1995,-2.4612946783634015,3.448766084039523,5.910060762402969,1.7310219767422481
ESP,1996-10-01,46.0964652069067,78.6315552211628,58.6222238281703,ES,39.15151515151515,1996,-4.545936231839676,2.6198190455798187,7.1657552774194055,1.2453779673996266
ESP,1997-10-01,47.2353271753386,76.1026557436784,62.066698723931,ES,40.209790209790214,1997,-3.268992245142055,2.440579931877185,5.70957217701924,1.0582750582750649
ESP,1998-10-01,50.9127130506525,78.7201707706029,64.6743010429105,ES,41.458106637649614,1998,3.381625974769076,7.497058786728195,4.115432811959074,1.2483164278594003
ESP,1999-10-01,55.4676802574356,82.925982448036,66.8868754650334,ES,39.385474860335194,1999,5.204901010811636,8.568785581498428,3.363884570687059,-2.0726317773144203
ESP,2000-10-01,58.8967859045445,84.7600591226467,69.4851301373884,ES,37.315875613747956,2000,2.187599873813184,5.998600706109247,3.8110008322957967,-2.069599246587238
ESP,2001-10-01,65.5440404961105,90.3793019383204,72.5196598632669,ES,35.969581749049425,2001,6.419084939340269,10.693577020034883,4.274492080694614,-1.3462938646985307
ESP,2002-10-01,77.6557943401377,102.574950865536,75.7049156305683,ES,37.07458363504706,2002,12.657847899470198,16.956387737612744,4.29853983814219,1.1050018859976376
ESP,2003-10-01,94.0290124169253,119.110900724185,78.9408679050374,ES,38.25910931174089,2003,14.946123866681393,19.131720932124363,4.185597065443414,1.1845256766938306
ESP,2004-10-01,109.740396359809,133.64658632053,82.1107814160934,ES,39.221741815935765,2004,11.514390233997496,15.45141660494167,3.937026370944352,0.9626325041948718
ESP,2005-10-01,124.891804406458,145.897810728632,85.6005777784756,ES,39.520624303233,2005,8.77075498044011,12.933025430419853,4.162270449979832,0.29888248729723443
ESP,2006-10-01,142.653334462278,159.603024513376,89.378351745733,ES,38.8474913065077,2006,8.978318529201523,13.296965477970257,4.31864694876829,-0.6731329967253004
ESP,2007-10-01,150.446251908993,161.360452366773,93.2343185213168,ES,37.86407766990291,2007,1.095106168371185,5.318843771375992,4.223737603005162,-0.9834136366047872
ESP,2008-10-01,142.258247405796,146.311773825612,97.2276321821324,ES,37.398373983739845,2008,-9.790091504005627,-5.596184065606558,4.193907438398803,-0.46570368616306723
ESP,2009-10-01,135.781901708324,136.900958450576,99.1806452093265,ES,36.97259678120922,2009,-6.648204869507346,-4.659411499258148,1.9887933702496419,-0.42577720253062523
ESP,2010-10-01,133.651527387909,133.307259647631,100.256296217717,ES,36.47771527477282,2010,-2.6601046695599706,-1.5814063794503674,1.0786982901093367,-0.49488150643639983
ESP,2011-10-01,116.616956596741,115.341080584124,101.10420494892,ES,36.39575971731449,2011,-14.476302984584688,-13.634118208567436,0.8421847760175183,-0.08195555745832905
ESP,2012-10-01,101.782040318608,100.288265082472,101.487502481967,ES,37.35658558972006,2012,-13.984496688601578,-13.606102138051668,0.37839455055017623,0.9608258724055716
ESP,2013-10-01,95.5458930915636,94.6274445870396,100.968625236366,ES,37.3076923076923,2013,-5.810114404508404,-6.322697933135313,-0.5125835286271752,-0.04889328202776255
ESP,2014-10-01,97.3832696302099,97.133825665753,100.254849366031,ES,37.738771295818275,2014,2.6142127807675664,1.9047738194748476,-0.7094389612936958,0.4310789881259751
ESP,2015-10-01,101.721818116483,101.846392892012,99.8757359966477,ES,37.55555555555555,2015,4.737605245474619,4.358738794673389,-0.37886645080087433,-0.18321574026272458
ESP,2016-10-01,106.292289655271,106.358223249573,99.9360591514242,ES,37.22415795586527,2016,4.334713501331233,4.395093476962142,0.060379975631086324,-0.33139759969027693
ESP,2017-10-01,113.949960935087,113.143634429345,100.710693469377,ES,37.66233766233766,2017,6.184525151886522,6.956666396622957,0.7721412447357245,0.4381797064723898
ESP,2018-10-01,121.550659935337,118.934060678243,102.198049019496,ES,37.54003843689942,2018,4.991111489538458,6.457171721306221,1.4660602317681182,-0.12229922543824046
ESP,2019-10-01,126.036199823195,121.549559885302,103.68918009181,ES,37.22002635046113,2019,2.1752852315215954,3.623803579311069,1.4485183477899177,-0.3200120864382896
ESP,2020-10-01,128.175006449156,122.465695033426,104.659926956185,ES,36.379613356766264,2020,0.7508870320198646,1.6827402112233436,0.9318531792037454,-0.8404129936948692
ESP,2021-10-01,136.301071705441,129.538271141693,105.218645085182,ES,35.95223130106851,2021,5.614541730822609,6.146963352913115,0.53242162209024,-0.42738205569775545
ESP,2022-10-01,143.83550405999,134.238178375642,107.147386035499,ES,36.24823695345557,2022,3.563930518863767,5.380411218557057,1.816480699693912,0.2960056523870591
ESP,2023-10-01,150.09701951822,137.25829812036,109.351561692032,ES,35.54356206630687,2023,2.2248865735837953,4.261156810179223,2.0362702365946284,-0.7046748871486983
ESP,2024-10-01,167.200433732315,149.372738233917,111.932856833026,ES,35.100401606425706,2024,8.45802425855311,10.79114129385319,2.3331170353001696,-0.44316045988116315
ESP,2025-10-01,188.750081378045,164.630450399075,114.648535670982,ES,35.87594300083822,2025,9.725848644155644,12.123052453097127,2.3972038089414838,0.7755413944125138
FIN,1971-10-01,7.16738342034631,58.2358944819267,12.3070542174534,FI,23.414634146341463,1971,-6.568040838011502,5.730579280798476,12.298620118809689,3.789496329362411
FIN,1972-10-01,8.1386120191412,64.7311366551336,12.57249115828,FI,15.11216056670602,1972,10.574042404171458,12.707899825035973,2.133857420864649,-8.302473579635443
FIN,1973-10-01,10.6004091057842,67.5352667128134,15.6955389755831,FI,15.44811320754717,1973,4.240759891150425,26.427294340222794,22.186534449072504,0.33595264084114973
FIN,1974-10-01,11.9512346569317,63.6837333970557,18.7658605457882,FI,30.0,1974,-5.872076397417647,11.99419963536541,17.866276032782746,14.55188679245283
FIN,1975-10-01,12.4361190456214,61.2501429203668,20.3030830376486,FI,24.548736462093864,1975,-3.896298446807389,3.977047320021576,7.873345766829232,-5.4512635379061365
FIN,1976-10-01,13.1452550087274,61.8037872289322,21.2685632630947,FI,24.940898345153666,1976,0.8998461791677848,5.5455792856207164,4.6457331064527985,0.3921618830598028
FIN,1977-10-01,13.4231075427094,57.2501273559325,23.445572347761,FI,25.0,1977,-7.653477761788796,2.091680762845849,9.745158524634512,0.05910165484633367
FIN,1978-10-01,14.0303243990961,58.3605922927381,24.0398773900445,FI,26.81564245810056,1978,1.9211005563713357,4.424335036722482,2.5032344803513684,1.8156424581005588
FIN,1979-10-01,15.1204997562414,58.406147421605,25.8876013258756,FI,28.701594533029613,1979,0.07802758095261098,7.4830407202307825,7.405013139278127,1.8859520749290546
FIN,1980-10-01,17.2922056801715,58.6517164470219,29.4817930172557,FI,29.5662100456621,1980,0.41956922422361487,13.420443839563179,13.000874615339386,0.8646155126324864
FIN,1981-10-01,19.9793635195266,59.8062818151765,33.4055842998238,FI,30.089485458612973,1981,1.9493861910935273,14.444405557118856,12.495019366025462,0.5232754129508734
FIN,1982-10-01,23.9775053113978,66.451697215397,36.0812973577899,FI,30.34188034188034,1982,10.536462355700937,18.241619530240882,7.705157174540034,0.2523948832673675
FIN,1983-10-01,28.4942367538975,73.5914977012608,38.7180622229376,FI,31.322751322751323,1983,10.205417262546757,17.25857355282048,7.053156290273455,0.9808709808709821
FIN,1984-10-01,30.5993505046115,75.0922868879804,40.7475127391297,FI,31.89926547743966,1984,2.0188350242890785,7.1276935729518875,5.108858548662942,0.5765141546883363
FIN,1985-10-01,31.4860414843713,75.6020695172218,41.6455503703006,FI,32.36180904522613,1985,0.6765808435810428,2.856553674773421,2.1799728311924227,0.4625435677864722
FIN,1986-10-01,32.9542521142462,79.8429044354338,41.2723653788378,FI,33.04007820136852,1986,5.4577352163622805,4.557597995462137,-0.9001372209000991,0.6782691561423917
FIN,1987-10-01,38.0588654393875,89.554254584952,42.4965663044932,FI,34.168987929433605,1987,11.478362855699498,14.401375153761231,2.9230122980615114,1.1289097280650822
FIN,1988-10-01,54.4969580581808,114.338869283402,47.6609390340199,FI,36.61971830985916,1988,24.432193861615126,35.90108330316859,11.468889441553465,2.4507303804255542
FIN,1989-10-01,59.0255792329963,106.528608330137,55.4061828143913,FI,36.93379790940766,1989,-7.075300481898683,7.982601160840419,15.05790164273928,0.3140795995484993
FIN,1990-10-01,56.1352973765931,97.9734032427839,57.2943847400714,FI,32.919254658385086,1990,-8.37175255406617,-5.020609485144334,3.3511430689219246,-4.014543251022573
FIN,1991-10-01,47.7190412824069,82.6027678476899,57.7672024997346,FI,31.805359661495064,1991,-17.065285733690416,-16.243429487193907,0.8218562464962886,-1.1138949968900214
FIN,1992-10-01,39.6841566721635,68.6310060224352,57.820390056626,FI,27.018822100789315,1992,-18.5298773564754,-18.437847477715952,0.09202987875953639,-4.786537560705749
FIN,1993-10-01,40.220832882772,74.2400315433474,54.1747777646384,FI,28.317373461012313,1993,7.855909790860682,1.3433060531338636,-6.512603737726774,1.2985513602229979
FIN,1994-10-01,39.9880195970683,71.9106642165738,55.6058933768541,FI,27.23311546840959,1994,-3.1878939513399374,-0.5805193125891783,2.60737463875067,-1.0842579926027227
FIN,1995-10-01,39.2981210750961,69.4159160404993,56.610495181543,FI,29.557069846678026,1995,-3.5308394869675297,-1.7403191240245253,1.7905203629430488,2.3239543782684358
FIN,1996-10-01,44.1996841764073,76.0259752253262,58.1354974475688,FI,28.010471204188487,1996,9.095888219547454,11.754093578967417,2.658205359419963,-1.5465986424895384
FIN,1997-10-01,50.2843594963294,84.4014778727118,59.5754179717543,FI,25.79535683576956,1997,10.450985061508877,12.897644061751468,2.4466590002425903,-2.215114368418927
FIN,1998-10-01,54.3671770763092,88.0304857039753,61.7572447524769,FI,27.382053654024052,1998,4.209827115119502,7.806652485211929,3.5968253700924713,1.5866968182544916
FIN,1999-10-01,58.5491175268998,92.4301796969405,63.3418557353433,FI,27.78272484416741,1999,4.877036247567634,7.410540860443504,2.53350461287587,0.4006711901433597
FIN,2000-10-01,57.8982154494124,88.8291155885391,65.1769549416422,FI,25.944170771756976,2000,-3.9739070908553664,-1.1179454951748546,2.8559615956805118,-1.8385540724104352
FIN,2001-10-01,58.3914275257056,86.0617582084098,67.845821443842,FI,27.342419080068144,2001,-3.164931727502296,0.8482527265939233,4.01318445409613,1.3982483083111674
FIN,2002-10-01,63.2173512898067,90.7329889185095,69.6715230592701,FI,28.92976588628763,2002,5.285584840815716,7.940971908058803,2.6553870672431756,1.587346806219486
FIN,2003-10-01,67.317346048697,94.6196787601854,71.142601655179,FI,30.38277511961722,2003,4.1944469505052595,6.283913642379968,2.0894666918747085,1.4530092333295919
FIN,2004-10-01,71.9968395748335,98.527347945309,73.0702959336601,FI,32.11792086889061,2004,4.0468678611562225,6.720427763805148,2.6735599026487478,1.7351457492733857
FIN,2005-10-01,79.18154144787,106.164783291237,74.5809139304016,FI,34.5780433159074,2005,7.465829262992951,9.512098587152362,2.0462693241595886,2.4601224470167935
FIN,2006-10-01,83.7607982742049,110.031268966943,76.1217760636318,FI,35.50000000000001,2006,3.5772142346304214,5.62218878809988,2.0449745534693697,0.9219566840926063
FIN,2007-10-01,87.5447660379612,111.804100898345,78.2990836590951,FI,35.151933701657455,2007,1.5983651980167046,4.41851773860602,2.8201525405894934,-0.34806629834255176
FIN,2008-10-01,84.7184573194982,104.130752472412,81.3548144189923,FI,33.696348494554776,2008,-7.11008959187609,-3.281678243539954,3.828411348335603,-1.4555852071026791
FIN,2009-10-01,91.2683595622646,107.850471784224,84.6218317582085,FI,35.714285714285715,2009,3.5098402479163404,7.447068094495535,3.9372278465791055,2.017937219730939
FIN,2010-10-01,95.182722812701,110.661614150809,86.0092875010105,FI,35.22727272727273,2010,2.5731276668707004,4.199426936060302,1.6262992691903122,-0.4870129870129887
FIN,2011-10-01,97.314217167748,108.871288965944,89.3814004901699,FI,35.07418397626113,2011,-1.631067462323621,2.2146653082463885,3.8457327705696542,-0.15308875101159458
FIN,2012-10-01,100.163453895154,108.176969778118,92.5888534877444,FI,35.560720511330615,2012,-0.6397854193310515,2.885829518485572,3.5256149378167123,0.486536535069483
FIN,2013-10-01,100.441846465607,105.495859051514,95.2058207951112,FI,34.87584650112867,2013,-2.5096793676581797,0.277552735316533,2.787232102974979,-0.6848740102019448
FIN,2014-10-01,99.9221915966182,101.624946090822,98.3209008838474,FI,34.24209378407852,2014,-3.738266405302504,-0.5187118798119172,3.219554525489876,-0.6337527170501502
FIN,2015-10-01,100.296851752241,99.335724999746,100.963886927694,FI,33.42077649527806,2015,-2.2783762670122165,0.37425070728351884,2.652626974295824,-0.8213172888004578
FIN,2016-10-01,101.601196612827,98.5167251841668,103.127165834699,FI,35.74585635359116,2016,-0.8278942138212564,1.2921006597715667,2.119994873592912,2.325079858313096
FIN,2017-10-01,102.651003506026,97.6320450267053,105.136869040018,FI,34.484590860786405,2017,-0.9020562865745596,1.0279606653184281,1.9300169518936094,-1.2612654928047533
FIN,2018-10-01,103.687365191317,96.7895076338843,107.122767644039,FI,35.11491181186531,2018,-0.8667173526405669,1.0045348392284659,1.8712521918691216,0.6303209510789074
FIN,2019-10-01,103.813637878237,94.9797797282299,109.296807977771,FI,35.84190579317813,2019,-1.887457221589628,0.12170804057731743,2.0091652621669454,0.7269939813128161
FIN,2020-10-01,107.468994431191,97.3331347649689,110.409565581862,FI,36.15145228215768,2020,2.4475449532319615,3.460503385807634,1.0129584325749619,0.3095464889795494
FIN,2021-10-01,111.618510652954,100.299989354301,111.280626742928,FI,36.03981141959141,2021,3.0026115317155266,3.788452018920374,0.7858404872052027,-0.1116408625662686
FIN,2022-10-01,108.929186126464,96.6759675698775,112.670431609595,FI,35.29411764705882,2022,-3.6800742905273687,-2.438889972032676,1.2411843184946925,-0.7456937725325901
FIN,2023-10-01,102.802120774182,89.1393461265012,115.323245645818,FI,35.393873085339166,2023,-8.116401378701621,-5.789201963121116,2.32719941558015,0.09975543828034716
FIN,2024-10-01,100.847104740672,85.4459376855191,118.020171353815,FI,35.55926544240401,2024,-4.231696395687923,-1.9200427489623806,2.311653646726075,0.1653923570648459
FIN,2025-10-01,98.240371991923,82.9971367112462,118.361678353269,FI,35.45659526493799,2025,-2.9077758433459167,-2.618830446329312,0.2889453970167821,-0.10267017746602392
FRA,1978-10-01,16.4884304817996,72.9635397088076,22.5981124179633,FR,17.958412098298677,1978,0.27457217009319024,10.040978339152007,9.766406169058728,1.3838264629395596
FRA,1979-10-01,19.1985233882874,76.3485114597876,25.1458311601403,FR,20.57971014492754,1979,4.534867486967098,15.217441717464109,10.6825742304971,2.621298046628862
FRA,1980-10-01,23.0274824493436,80.6107172536972,28.5661963334219,FR,21.73076923076923,1980,5.4323073876607175,18.185502250300445,12.753194862639683,1.1510590858416911
FRA,1981-10-01,25.0906036815787,77.3345519508359,32.444140918259,FR,21.86897880539499,1981,-4.14907682222303,8.580502901447984,12.729579723671147,0.13820957462575834
FRA,1982-10-01,26.1446967213745,74.5264418375619,35.0809999185508,FR,22.549952426260703,1982,-3.6986854449978956,4.115294696817884,7.8139801418157795,0.6809736208657142
FRA,1983-10-01,26.7349235556573,68.6630429629476,38.9362966910907,FR,22.58364312267658,1983,-8.194288006431005,2.232434135892003,10.426722142323008,0.03369069641587785
FRA,1984-10-01,27.5123346154639,66.0044216915736,41.6824422187801,FR,23.443223443223445,1984,-3.94893712354909,2.866372652296434,6.815309775845391,0.8595803205468648
FRA,1985-10-01,29.5374091650844,66.6729510443425,44.3018092874359,FR,24.609733700642796,1985,1.007760399312474,7.102313168405239,6.094552769092898,1.1665102574193504
FRA,1986-10-01,31.9720585660845,68.6340627794372,46.5832338534471,FR,25.449385052034064,1986,2.8989614367633365,7.92047842872341,5.021516991960073,0.839651351391268
FRA,1987-10-01,35.3099850402994,71.3694798518139,49.4747654708926,FR,26.618049225159524,1987,3.908137143564172,9.930343471761738,6.02220632819761,1.1686641731254603
FRA,1988-10-01,38.550040156265,73.635202374437,52.3525803738217,FR,26.147186147186147,1988,3.125287961445622,8.779135540317995,5.65384757887224,-0.4708630779733767
FRA,1989-10-01,41.796347503647,75.9157403664899,55.0560743398661,FR,25.1864125932063,1989,3.050084133835007,8.0851813741452,5.035097240310105,-0.9607735539798483
FRA,1990-10-01,44.4844285761796,77.2596618864756,57.5776526234767,FR,25.156250000000004,1990,1.7547935062551367,6.233025288231575,4.47823178197666,-0.03016259320629544
FRA,1991-10-01,45.0382049087383,74.3006095366941,60.6160228679152,FR,24.867724867724863,1991,-3.905282550689382,1.2371919247739616,5.14247447546321,-0.2885251322751401
FRA,1992-10-01,43.7947275551117,68.7014219399846,63.746279886011,FR,24.032140248356463,1992,-7.834925858359831,-2.7997692864735857,5.035156571886201,-0.8355846193684009
FRA,1993-10-01,43.9173013589402,66.6201361610358,65.92177184718,FR,24.752475247524753,1993,-3.076302022080224,0.2794916162288441,3.35579363830929,0.7203349991682906
FRA,1994-10-01,43.2784252697377,63.884473015777,67.7446300837448,FR,25.018341892883345,1994,-4.193053355122878,-1.4654101678936993,2.727643187229045,0.2658666453585923
FRA,1995-10-01,41.3647048430824,59.5442188482054,69.4686836800325,FR,25.54144884241972,1995,-7.035713260443632,-4.5226271975796095,2.5130860628641116,0.5231069495363734
FRA,1996-10-01,41.9,59.3000001464681,70.6574680345623,FR,26.083650190114067,1996,-0.41099019803780834,1.2857849737913263,1.6967751718292234,0.5422013476943484
FRA,1997-10-01,41.8,58.2344760288935,71.7785782375198,FR,26.25570776255708,1997,-1.813175748858331,-0.238948739738154,1.5742270091201327,0.17205757244301267
FRA,1998-10-01,42.9,58.5301550232888,73.2953393591509,FR,26.100386100386096,1998,0.5064540927059547,2.597548640326064,2.0910945476200204,-0.15532166217098364
FRA,1999-10-01,46.5,62.5918214357793,74.2906409474608,FR,25.720620842572057,1999,6.709252966800694,8.058048665933937,1.3487956991332872,-0.37976525781403936
FRA,2000-10-01,50.4,67.9812251029924,74.1379019776112,FR,24.92836676217765,2000,8.259694404639362,8.053886248401243,-0.20580815623825188,-0.7922540803944074
FRA,2001-10-01,54.4,72.8462890466156,74.6775754222793,FR,24.344827586206893,2001,6.912002606885892,7.637297878457394,0.7252952715716354,-0.5835391759707562
FRA,2002-10-01,59.9,77.9143833001363,76.8790356526523,FR,24.845147969717825,2002,6.725898213702042,9.631235125950655,2.9053369122485684,0.5003203835109318
FRA,2003-10-01,67.5,85.5499982479918,78.9010004522083,FR,25.933609958506228,2003,9.349040602646674,11.945109275708088,2.5960686730614135,1.0884619887884028
FRA,2004-10-01,78.2,95.9510071619469,81.4996901313092,FR,26.644067796610166,2004,11.473673927709527,14.71420496727811,3.240531039568584,0.7104578381039381
FRA,2005-10-01,89.8,106.516684019941,84.3057974859453,FR,27.891606080634503,2005,10.446391120826615,13.83153277568887,3.385141654862611,1.247538284024337
FRA,2006-10-01,98.7,113.359502743176,87.0678785225129,FR,28.7001287001287,2006,6.226257850050132,9.449997113128195,3.2237392630775297,0.8085226194941981
FRA,2007-10-01,104.1,115.889849238576,89.8264163656045,FR,29.548306148055207,2007,2.2075955599675012,5.32670291814874,3.119107358181683,0.8481774479265063
FRA,2008-10-01,100.2,109.502876884982,91.5041802080285,FR,29.65186074429772,2008,-5.6689342610753535,-3.818378697015934,1.8505555640595084,0.10355459624251395
FRA,2009-10-01,96.1,102.920210408802,93.3730326537805,FR,30.609896432681243,2009,-6.199679003040437,-4.177887267451741,2.021791735588785,0.9580356883835215
FRA,2010-10-01,103.4,109.338051585074,94.5688157333053,FR,31.206896551724135,2010,6.049044172319107,7.3215646098081955,1.2725204374886445,0.5970001190428924
FRA,2011-10-01,107.2,111.946562733117,95.7596972224767,FR,30.675526024363236,2011,2.357716545713018,3.6091286562372815,1.251412110524086,-0.5313705273608988
FRA,2012-10-01,105.1,107.904541150174,97.4006232601592,FR,30.145867098865477,2012,-3.6774680949162253,-1.9783970753795899,1.6990710195364578,-0.5296589254977597
FRA,2013-10-01,103.2,104.513736959112,98.742714701221,FR,30.63457330415755,2013,-3.1928441114685846,-1.8243424835443278,1.3685016279243456,0.48870620529207187
FRA,2014-10-01,100.6,100.932096247704,99.670681952775,FR,29.793977812995244,2014,-3.4870540562276453,-2.5516595381823493,0.9353945180459178,-0.8405954911623041
FRA,2015-10-01,100.1,99.9186170808559,100.18124050539,FR,29.224447868515664,2015,-1.009195089953785,-0.4982571344464226,0.5109379555068294,-0.56952994447958
FRA,2016-10-01,101.6,101.144054760915,100.450497049233,FR,29.246231155778897,2016,1.2189759966915403,1.487384882320697,0.2684088856288902,0.021783287263232864
FRA,2017-10-01,104.9,104.186382050797,100.684651986846,FR,29.478908188585606,2017,2.963564486232073,3.196398025786973,0.23283353955543262,0.23267703280670915
FRA,2018-10-01,108.3,108.359549893999,99.9447547025557,FR,29.485935984481088,2018,3.9273433118988343,3.1897638604693412,-0.7375794514294043,0.007027795895481859
FRA,2019-10-01,112.4,111.250781656175,101.032705380161,FR,29.37293729372937,2019,2.63320837384704,3.715878345264656,1.082669971416994,-0.11299869075171998
FRA,2020-10-01,119.6,118.071012026971,101.294679835248,FR,28.452231956612433,2020,5.949929315271252,6.208890405694056,0.2589610904228046,-0.9207053371169351
FRA,2021-10-01,128.0,125.29507124875,102.158551016353,FR,29.192273924495172,2021,5.938528522650799,6.787742240308514,0.8492137176578929,0.740041967882739
FRA,2022-10-01,133.9,129.68252954746,103.251851010411,FR,29.3019119608715,2022,3.4417857785703276,4.506298877751025,1.0645130991800755,0.10963803637632807
FRA,2023-10-01,128.7,121.874923125279,105.599760767008,FR,28.782287822878228,2023,-6.209408475864109,-3.960913809504607,2.2484946663601235,-0.5196241379932722
FRA,2024-10-01,125.9,116.416357992501,108.14600073026,FR,28.244631185807656,2024,-4.582224054568762,-2.199617355177974,2.3826066993909656,-0.5376566370705724
FRA,2025-10-01,127.1,114.743311674553,110.768662708403,FR,27.703016241299306,2025,-1.4475496823767031,0.948623714510699,2.3961733968876686,-0.5416149445083498
GBR,1977-10-01,5.85378034963138,59.864108799838,9.77946850282656,GB,51.38888888888889,1977,-0.733560459393523,8.168140612706765,8.901701072100288,2.372495446265944
GBR,1978-10-01,7.19121660380627,65.9406047969479,10.9067358578724,GB,53.475935828877006,1978,9.6677269303167,20.57726990307294,10.909542972756148,2.087046939988113
GBR,1979-10-01,9.37386706184296,71.0866397229735,13.1879155053383,GB,55.415162454873645,1979,7.5145001366117015,26.506535263658094,18.992035127046904,1.939226625996639
GBR,1980-10-01,10.5753700312927,62.0834570610072,17.0358980093829,GB,51.986183074265966,1980,-13.54198493773282,12.060199764178714,25.602184701910915,-3.4289793806076787
GBR,1981-10-01,10.8523514634176,53.0762466665039,20.4488551184204,GB,50.63897763578276,1981,-15.675006543440473,2.585406578504834,18.260413121945575,-1.3472054384832077
GBR,1982-10-01,11.4955458552449,54.2211632463997,21.2034299080118,GB,51.26300148588411,1982,2.134180195025648,5.757786216339689,3.623606021314174,0.6240238501013522
GBR,1983-10-01,12.8590804437229,56.8397026168054,22.6257751811993,GB,53.70101596516691,1983,4.716377324565091,11.2090567691717,6.492679444606564,2.438014479282799
GBR,1984-10-01,14.0718501499621,56.3096515204649,24.9927309164255,GB,53.52480417754569,1984,-0.9369120623245131,9.012614747060699,9.9495268093853,-0.17621178762122014
GBR,1985-10-01,15.3745016088177,56.2548133206855,27.3329627682156,GB,54.86381322957199,1985,-0.09743430876723025,8.853403891080314,8.95083819984741,1.3390090520262987
GBR,1986-10-01,17.5992443367537,60.1112991997288,29.2808215330396,GB,55.094786729857816,1986,6.630622295205413,13.514556823010526,6.883934527805025,0.23097350028582753
GBR,1987-10-01,21.0092594785543,67.4172809148577,31.1662725152012,GB,56.05889014722537,1987,11.470354792941873,17.71073023830074,6.240375445359003,0.9641034173675536
GBR,1988-10-01,27.9333638805599,82.6647522257205,33.7946709230164,GB,54.43425076452599,1988,20.389192021827007,28.485854430181902,8.096662408354716,-1.6246393826993781
GBR,1989-10-01,30.0145149614244,81.2646017233974,36.9381609760562,GB,52.108716026241794,1989,-1.7082780086832727,7.185928430519084,8.894206439202579,-2.3255347382841975
GBR,1990-10-01,29.2546941166253,70.4991282527755,41.5008666529039,GB,50.218722659667534,1990,-14.211017404912862,-2.5641053279074733,11.646912077005389,-1.8899933665742594
GBR,1991-10-01,29.087084013059,63.4798646665218,45.8257460901026,GB,51.13636363636363,1991,-10.487758078432385,-0.5745816122451064,9.913176466187057,0.9176409766960987
GBR,1992-10-01,27.0068927858387,54.675846533204,49.3997164191515,GB,50.953206239168104,1992,-14.930071430234637,-7.420210551092898,7.5098608791418275,-0.18315739719552937
GBR,1993-10-01,27.4573563307342,51.8454896543862,52.9655017387082,GB,51.00965759438103,1993,-5.315410689797817,1.6542000455068262,6.969610735304643,0.056451355212928434
GBR,1994-10-01,28.4524424542739,51.4145518781521,55.3450584047665,GB,52.579185520361996,1994,-0.8346699685469083,3.5599885409448806,4.394658509491789,1.5695279259809638
GBR,1995-10-01,28.3684643544458,48.6342922308514,58.336259446553,GB,51.88172043010753,1995,-5.559235931817241,-0.2955889502285647,5.263646981588632,-0.6974650902544681
GBR,1996-10-01,30.460486397874,50.1877925374812,60.6993570956337,GB,52.26223453370268,1996,3.144293703664891,7.115219760255487,3.9709260565906845,0.3805141035951536
GBR,1997-10-01,32.8268122829042,52.4994105368183,62.5344933921599,GB,51.47982062780269,1997,4.503012108314319,7.481531335827141,2.978519227512777,-0.7824139058999933
GBR,1998-10-01,36.8032616390874,57.0860568593738,64.4765237923135,GB,49.83277591973245,1998,8.37579570767426,11.43408436330331,3.0582886556291378,-1.64704470807024
GBR,1999-10-01,41.8478521850922,63.0792039967978,66.3486850464501,GB,49.0257209664848,1999,9.983124432665491,12.845400113207006,2.862275680541515,-0.8070549532476505
GBR,2000-10-01,47.4486252398393,69.2303240281145,68.5445012770884,GB,47.97047970479705,2000,9.304783206926892,12.560707794298542,3.255924587371517,-1.0552412616877476
GBR,2001-10-01,49.591496591057,70.2016266984692,70.6488977578712,GB,47.913769123783034,2001,1.3932507969072638,4.41718275176437,3.023931954857151,-0.05671058101401627
GBR,2002-10-01,62.1281064208941,85.9014898316169,72.332382861288,GB,48.57142857142857,2002,20.18296895243017,22.537910658052198,2.3549417056218935,0.6576594476455355
GBR,2003-10-01,68.3115110665464,93.172376741213,73.3249996206901,GB,51.65476963011032,2003,8.125011823295392,9.48798033039795,1.3629685071027353,3.0833410586817536
GBR,2004-10-01,76.7925005360976,101.819201575561,75.4283267298334,GB,53.99746192893401,2004,8.87474160514623,11.702869689457618,2.8281280843110324,2.3426922988236853
GBR,2005-10-01,80.5367986580034,103.322570745258,77.9550959670262,GB,52.784503631961265,2005,1.4657142393646794,4.760722004448681,3.295007765084268,-1.2129582969727437
GBR,2006-10-01,88.4037789905525,110.007160161714,80.3702331172525,GB,53.177842565597665,2006,6.268960674469604,9.320051133125151,3.051090458655814,0.39333893363640016
GBR,2007-10-01,95.6467608830978,115.297021514501,82.9654991031348,GB,53.82420091324202,2007,4.6966138403318425,7.874711355652408,3.178097515320122,0.6463583476443517
GBR,2008-10-01,82.8877927805181,96.4612050519851,85.9376044225179,GB,51.4378730330982,2008,-17.837068713005877,-14.31740320957493,3.519665503431124,-2.386327880143817
GBR,2009-10-01,84.4227889430277,97.2581542491925,86.8118523674861,GB,52.93478260869565,2009,0.8227919977749742,1.8349577376192805,1.0121657398443062,1.4969095755974493
GBR,2010-10-01,85.6697858255354,97.2590729998893,88.0933055876794,GB,53.6322360953462,2010,0.0009446471244345389,1.4662829650307962,1.4653383179063617,0.6974534866505522
GBR,2011-10-01,84.6137884655289,93.4159970547457,90.5868667240066,GB,53.44224037339556,2011,-4.031566853042889,-1.2402968421275418,2.7912700109153477,-0.18999572195063763
GBR,2012-10-01,85.3817865455336,90.9656203883633,93.8714018207961,GB,52.383720930232556,2012,-2.6580968041883146,0.9035568190407517,3.561653623229155,-1.0585194431630072
GBR,2013-10-01,89.2187769530576,93.2779694351694,95.658272453118,GB,53.4576067348166,2013,2.5102316671191893,4.3958715642950175,1.8856398971758281,1.0738858045840445
GBR,2014-10-01,96.797758005605,98.6397993313147,98.1428057729995,GB,54.9936788874842,2014,5.589087062560072,8.153231152402718,2.564144089842735,1.5360721526676002
GBR,2015-10-01,103.081742295644,101.93486210388,101.135671424242,GB,55.66944266495836,2015,3.285917796342197,6.289845508977443,3.0039277126348907,0.6757637774741596
GBR,2016-10-01,108.597728505679,106.334058855632,102.139493800817,GB,53.774752475247524,2016,4.225163472380178,5.212820312215971,0.9876568398363261,-1.8946901897108361
GBR,2017-10-01,113.63471591321,110.611846884927,102.743590381756,GB,53.05744286596665,2017,3.944156085661632,4.533856630197786,0.5897005445357095,-0.7173096092808748
GBR,2018-10-01,115.984710038225,112.127045349494,103.451243232499,GB,54.51633568225497,2018,1.3605363858815167,2.046931497426119,0.6863951115452238,1.4588928162883192
GBR,2019-10-01,116.896707758231,112.145332735125,104.247686928443,GB,54.26908150064682,2019,0.01630819258950922,0.7832332788697549,0.7669250862800681,-0.24725418160814883
GBR,2020-10-01,123.755690610773,116.712008190399,106.046169914452,GB,52.27403569372482,2020,3.991378811724111,5.701867993299636,1.7104891815744594,-1.9950458069220005
GBR,2021-10-01,132.629668425829,122.781290195334,108.032354796702,GB,52.264381884944925,2021,5.069521218648898,6.925141138433322,1.8556199197854895,-0.009653808779894746
GBR,2022-10-01,144.621638445904,128.068809246762,112.936742560139,GB,53.6503683858004,2022,4.216304758751832,8.656014549079227,4.439709790326862,1.3859865008554735
GBR,2023-10-01,141.071647320882,117.529291604103,120.043588810759,GB,54.935622317596554,2023,-8.588009895550197,-2.4853043652380613,6.102705530312402,1.2852539317961558
GBR,2024-10-01,144.860637848405,112.253283306737,129.061495122927,GB,54.39360929557009,2024,-4.592981662099671,2.6504263615575674,7.243408023656883,-0.5420130220264667
GBR,2025-10-01,148.266629333427,110.604066536171,134.065697202177,GB,55.5052790346908,2025,-1.480091977279585,2.3240040506927073,3.8040960279727365,1.111669739120714
IRL,2003-10-01,114.223001755476,143.725567251115,79.4641126653962,IE,41.1764705882353,2003,14.359247458890056,12.678760233674335,-1.6804872252159875,2.4424841526663386
IRL,2004-10-01,124.144853170674,158.801490994531,78.1673958933672,IE,43.81669805398619,2004,9.974923962060789,8.329636119267825,-1.6452878427934081,2.6402274657508897
IRL,2005-10-01,138.798960789787,169.791588527884,81.7375363386561,IE,45.89700056593096,2005,6.691679721975419,11.157750638363861,4.466070916388798,2.0803025119447724
IRL,2006-10-01,159.06042407534,181.486820735411,87.6331743841534,IE,42.817033224146,2006,6.6611302917374715,13.625759472045562,6.964629180307913,-3.0799673417849576
IRL,2007-10-01,161.225477949445,165.446365538159,97.4379060438055,IE,42.96394019349165,2007,-9.253597104517564,1.3519713719372994,10.605568476455307,0.1469069693456504
IRL,2008-10-01,141.707717216883,151.062421575245,93.7969162066975,IE,38.118811881188115,2008,-9.09539276860265,-12.903726250796321,-3.8083334821938486,-4.845128312303537
IRL,2009-10-01,114.8366725426,141.798030092318,80.9770409887358,IE,38.78968253968254,2009,-6.3289417463407105,-21.02557267630063,-14.696630929960097,0.6708706584944224
IRL,2010-10-01,99.300116712429,125.455545504169,79.1427972814021,IE,36.22300999033194,2010,-12.245224511465302,-14.536413370606471,-2.2911888591412577,-2.5666725493505993
IRL,2011-10-01,79.6865908633197,98.8325739060748,80.6188579976715,IE,33.642468819955226,2011,-23.852423090930053,-22.00454198885513,1.8478811020751884,-2.580541170376712
IRL,2012-10-01,75.8023329368521,92.3712430855918,82.053532790289,IE,31.346153846153847,2012,-6.761153763123939,-4.997225680789974,1.7639280823337877,-2.2963149738013797
IRL,2013-10-01,79.9886863422885,90.6345941932758,88.2441796857023,IE,33.03886925795053,2013,-1.89797336589983,5.375613424589698,7.273586790489528,1.6927154117966836
IRL,2014-10-01,95.6501528222172,100.930195585156,94.7580366772265,IE,28.18018018018018,2014,10.759317054702144,17.881208965647843,7.121891910946143,-4.85868907777035
IRL,2015-10-01,102.306307948102,99.4307425563626,102.880538721364,IE,18.211595152309204,2015,-1.4967797982559539,6.727403872025928,8.224183670281526,-9.968585027870976
IRL,2016-10-01,111.219253035167,99.1797450564817,112.126557018967,IE,17.16171617161716,2016,-0.25275365517831716,8.35321733067751,8.605970985855826,-1.0498789806920428
IRL,2017-10-01,124.408727263465,104.883674332153,118.602666781862,IE,19.027027027027028,2017,5.591806197552973,11.206882706019972,5.615076508467087,1.8653108554098665
IRL,2018-10-01,133.523200425573,105.901187130498,126.068738000442,IE,17.201919527500923,2018,0.9654589944426029,7.070291600527501,6.104832606084898,-1.825107499526105
IRL,2019-10-01,134.606296740054,101.9626751511,132.0005240257,IE,14.9528706083976,2019,-3.7899646039832646,0.8078948545475306,4.597859458530884,-2.2490489191033234
IRL,2020-10-01,135.568496133524,105.168284654301,128.891859273106,IE,15.298507462686567,2020,3.095496175582557,0.7122821868751572,-2.3832139887080217,0.3456368542889674
IRL,2021-10-01,154.265800130832,111.517508430134,138.317808326946,IE,15.533443891652848,2021,5.86198266718263,12.920007039134873,7.0580243719533975,0.23493642896628053
IRL,2022-10-01,167.465198600965,110.532950367441,151.490119030632,IE,16.359163591635916,2022,-0.8867934974558622,8.20984706253629,9.096640559991531,0.8257196999830683
IRL,2023-10-01,172.659484543862,107.132050174149,161.147111164122,IE,15.987460815047022,2023,-3.1251482530961106,3.0545797288885623,6.179727981984762,-0.3717027765888936
IRL,2024-10-01,188.821939087336,111.354427193961,169.54948128869,IE,16.400277970813065,2024,3.865596482968492,8.94830923330252,5.082712750333762,0.4128171557660423
IRL,2025-10-01,202.009356560298,115.10139494269,175.485969269944,IE,20.481927710843372,2025,3.309528287599406,6.750956618044857,3.4414283304456283,4.081649740030308
ITA,1971-10-01,3.24075981247538,55.2260878987444,5.86816581220521,IT,18.842105263157894,1971,-0.025235764308106923,3.129145785356502,3.1543815496643424,0.2659094900766945
ITA,1972-10-01,3.53871746440147,57.5170238428253,6.15246703671167,IT,19.5,1972,4.064552231500063,8.79565509738358,4.731102865883674,0.6578947368421062
ITA,1973-10-01,4.40905041406031,66.9952814993778,6.58113288970136,IT,22.560975609756095,1973,15.254122071264842,21.989497735479823,6.735375664214938,3.0609756097560954
ITA,1974-10-01,7.25523862541687,101.302123228337,7.16197770913538,IT,19.89010989010989,1974,41.34851793123158,49.80644362993276,8.457925698701008,-2.670865719646205
ITA,1975-10-01,7.48660497314394,93.3538002263647,8.01960039538322,IT,21.166306695464364,1975,-8.171079224024513,3.1391643193223073,11.310243543347,1.2761968053544734
ITA,1976-10-01,9.92238754753459,108.18782826362,9.17144138227632,IT,20.143027413587603,1976,14.747228854142946,28.167815237745806,13.42058638360335,-1.0232792818767606
ITA,1977-10-01,10.6062021656195,111.751193902048,9.49090314265592,IT,19.72361809045226,1977,3.2406049981776874,6.664536743906346,3.4239317457283036,-0.4194093231353442
ITA,1978-10-01,13.5896796617303,133.897080065443,10.1493428922222,IT,20.684931506849313,1978,18.079652850536654,24.78717162965971,6.707518779123545,0.9613134163970543
ITA,1979-10-01,14.332488976004,106.419453276789,13.4679161843987,IT,21.007194244604317,1979,-22.96830538845427,5.321826037075672,28.290131425529275,0.322262737755004
ITA,1980-10-01,22.6290576789484,139.200384272387,16.2564550383312,IT,21.57434402332362,1980,26.852611672933957,45.67059017921209,18.817978506278532,0.5671497787193012
ITA,1981-10-01,25.260349785335,136.20012280352,18.546487572642,IT,20.118343195266274,1981,-2.1789213117880735,11.000114579539888,13.179035891327562,-1.4560008280573449
ITA,1982-10-01,29.2669884378968,133.443256257372,21.9321504799366,IT,20.1848998459168,1982,-2.044895463505547,14.722424214678309,16.767319678183725,0.06655665065052574
ITA,1983-10-01,29.1306589374376,106.090830093141,27.4582132128478,IT,20.602218700475436,1983,-22.938072585650726,-0.466901508017159,22.47117107763441,0.41731885455863704
ITA,1984-10-01,28.5007562859452,93.8547313331631,30.3668696746753,IT,19.732937685459937,1984,-12.254743932373025,-2.1860568022040727,10.068687130168286,-0.869281015015499
ITA,1985-10-01,28.5797413705079,86.8962131893534,32.8894988042224,IT,21.96193265007321,1985,-7.703372086622817,0.2767499871870971,7.980122073809959,2.228994964613271
ITA,1986-10-01,29.8371302254475,84.1314635292195,35.4648737306915,IT,24.092888243831638,1986,-3.233383721873828,4.305547549792843,7.538931271666849,2.1309555937584292
ITA,1987-10-01,32.9636135447621,88.8899687453989,37.0835986776413,IT,24.893917963224897,1987,5.501868118779285,9.965073463702279,4.46320534492286,0.8010297193932594
ITA,1988-10-01,38.7593154670315,99.540792164567,38.9381055189431,IT,25.945945945945947,1988,11.316823300872336,16.196679277901183,4.879855977028802,1.0520279827210501
ITA,1989-10-01,50.1564171946648,121.315523091773,41.3437573385499,IT,25.964391691394656,1989,19.782724883671587,25.777534017770563,5.9948091340988885,0.018445745448708806
ITA,1990-10-01,58.6777669041319,134.342871031679,43.677599749704,IT,25.71022727272727,1990,10.200049050490634,15.691443083049483,5.491394032559294,-0.25416441866738637
ITA,1991-10-01,64.2348275600681,137.908519600567,46.5778328544966,IT,25.89041095890411,1991,2.619529290172462,9.048465189773225,6.428935899600141,0.18018368617683933
ITA,1992-10-01,66.9982225927898,136.782650754278,48.9814996409301,IT,25.0,1992,-0.8197388721512766,4.212054161001255,5.031793033152621,-0.8904109589041092
ITA,1993-10-01,65.6014028509541,124.77213942435,52.5769412575544,IT,24.710424710424707,1993,-9.190398595310967,-2.1069009928786464,7.083497602433075,-0.28957528957529277
ITA,1994-10-01,64.5517356447507,114.989611616803,56.136990804235,IT,25.371120107962213,1994,-8.164739870512339,-1.6130075336065808,6.5517323369049585,0.6606953975375056
ITA,1995-10-01,64.7578826209947,108.133505171333,59.886946680905,IT,24.92836676217765,1995,-6.147516781339402,0.31884271819953014,6.466359499539465,-0.4427533457845634
ITA,1996-10-01,61.2922857819518,94.8996234237795,64.5864093408692,IT,25.65982404692082,1996,-13.054688523177838,-5.500144115478722,7.554544407698849,0.731457284743172
ITA,1997-10-01,60.2299354048411,88.175553503393,68.3068117376861,IT,26.292466765140325,1997,-7.348998404043172,-1.748449675538577,5.600548728504595,0.632642718219504
ITA,1998-10-01,62.0491828443397,86.8964889895256,71.4058262924967,IT,27.419354838709676,1998,-1.4612124857576347,2.9757847674080296,4.4369972531655755,1.1268880735693507
ITA,1999-10-01,66.4100712224199,90.5400066944871,73.3488375988341,IT,28.208556149732615,1999,4.107418737456392,6.7921377763030755,2.6847190388467723,0.7892013110229392
ITA,2000-10-01,72.0821913628832,95.9636413460261,75.114031883492,IT,28.8265306122449,2000,5.8177567802994545,8.19582946364239,2.3780726833429355,0.6179744625122829
ITA,2001-10-01,78.2681027472075,101.897659757878,76.8104675313657,IT,29.181929181929178,2001,5.999959014863165,8.233313302260736,2.2333542873972156,0.3553985696842794
ITA,2002-10-01,85.859174585004,109.056767516588,78.7288486264486,IT,30.33175355450237,2002,6.7899575663867395,9.256830157516394,2.466872591130098,1.1498243725731925
ITA,2003-10-01,95.0652066246999,117.557813076568,80.8667352525133,IT,31.022727272727273,2003,7.506168919972289,10.185459241735817,2.6792903217636166,0.6909737182249032
ITA,2004-10-01,103.697747199131,124.841197506027,83.0636876112279,IT,32.391304347826086,2004,6.011227092038762,8.691734911780102,2.6805078197410737,1.3685770750988127
ITA,2005-10-01,110.889649317624,130.768205338652,84.7985953652421,IT,33.67556468172484,2005,4.638382134110408,6.705516573880388,2.06713443976998,1.2842603338987573
ITA,2006-10-01,117.516944058212,134.891524350178,87.1195530995353,IT,34.332688588007734,2006,3.1044601084436074,5.804697141295279,2.700237032851671,0.6571239062828909
ITA,2007-10-01,123.036806414186,138.456245343434,88.8632743464666,IT,34.052111410601974,2007,2.6083425508302227,4.59010218105913,1.981759630228641,-0.2805771774057604
ITA,2008-10-01,121.567248967445,132.747998031927,91.5774234949832,IT,33.76849434290688,2008,-4.21017783472557,-1.20159506432298,3.0085827704030343,-0.2836170676950971
ITA,2009-10-01,117.391750865868,124.601671299019,94.2135838316035,IT,34.197730956239866,2009,-6.333055969139867,-3.4950959377564317,2.8379600313832576,0.42923661333298924
ITA,2010-10-01,119.013907685758,124.297118711335,95.7494891244466,IT,34.891216760676876,2010,-0.24472014481329296,1.3723717863255658,1.617091931139214,0.6934858044370102
ITA,2011-10-01,119.576396652803,122.691060245037,97.4613347111249,IT,35.231895850284786,2011,-1.3005327706130387,0.47151120471697894,1.7720439753299289,0.34067908960791016
ITA,2012-10-01,113.642287820621,114.148052800152,99.5568788385774,IT,34.72,2012,-7.217317584892857,-5.089978067809842,2.1273395170825715,-0.5118958502847875
ITA,2013-10-01,107.004798559842,106.939252394993,100.061249577767,IT,34.98779495524817,2013,-6.523537596161688,-6.018200915057026,0.5053366811051951,0.26779495524817065
ITA,2014-10-01,101.905564071941,101.975933815289,99.9309505120922,IT,34.929810074318745,2014,-4.7524096155362905,-4.882713781450931,-0.1303041659151738,-0.057984880929424776
ITA,2015-10-01,99.8285034414373,99.7454625834646,100.083209439587,IT,35.52519214346713,2015,-2.2115275607681895,-2.0592793829973033,0.15224817777133026,0.5953820691483855
ITA,2016-10-01,100.123152537859,99.8122311742061,100.311462848684,IT,36.275375110326564,2016,0.06691658134121425,0.29472054958077365,0.22780396823938176,0.750182966859434
ITA,2017-10-01,98.9268698615083,98.304039021701,100.633532476178,IT,36.79927667269439,2017,-1.5225617629369914,-1.2020064758941018,0.3205552870432449,0.5239015623678256
ITA,2018-10-01,98.5968171930307,97.5627186560602,101.059888312759,IT,37.43119266055046,2018,-0.7569675571605039,-0.33419078043532835,0.42277677672464264,0.6319159878560683
ITA,2019-10-01,98.9399997056383,97.6510792820769,101.319880538077,IT,38.05555555555556,2019,0.09052703547016705,0.3474621726375915,0.25693513716706917,0.624362895005099
ITA,2020-10-01,100.534732927879,99.1586917031269,101.387672303693,IT,37.23051409618574,2020,1.5320803465888488,1.598966624078546,0.06688627748987486,-0.8250414593698139
ITA,2021-10-01,104.500849589501,102.864746660264,101.590494063389,IT,37.31211317418214,2021,3.669347280275481,3.869193234969437,0.19984595469475508,0.08159907799639399
ITA,2022-10-01,107.257378674776,103.668636195179,103.461698906894,IT,37.80718336483932,2022,0.778463591189027,2.603615285911687,1.8251516947222157,0.49507019065718083
ITA,2023-10-01,109.015341963565,102.592684683023,106.260300240407,IT,37.65306122448979,2023,-1.0432991188967122,1.6257270009822022,2.669026119878648,-0.15412214034952854
ITA,2024-10-01,113.815577837218,103.570251790803,109.89210376191,IT,37.93466807165437,2024,0.9483512905974045,4.3090775889131905,3.3607262983169406,0.28160684716458206
ITA,2025-10-01,118.30242462798,103.54008249821,114.25756147605,IT,37.96394485683987,2025,-0.029133546532111865,3.8664866188669933,3.8956201653978617,0.029276785185501808
JPN,1971-10-01,38.9382958641318,114.634939987207,33.9671432767863,JP,22.062168309325248,1971,6.6765200579668615,14.166051505416144,7.489531447449105,0.026844507811372154
JPN,1972-10-01,47.827950412185,129.432010000293,36.9521034556481,JP,22.727272727272727,1972,12.140307970341002,20.56319693950841,8.422888969167452,0.6651044179474788
JPN,1973-10-01,62.8130647107938,157.12997322636,39.9751440566503,JP,24.83847810480976,1973,19.39175938444322,27.25528833714428,7.863528952700971,2.1112053775370327
JPN,1974-10-01,64.6099474135903,149.89654300145,43.1029367315998,JP,25.770097670924113,1974,-4.7127974999443545,2.820529503104563,7.533327003048962,0.9316195661143531
JPN,1975-10-01,63.3467860083409,134.055832484958,47.2539330507894,JP,26.27365356622999,1975,-11.16889693033265,-1.9744212070183842,9.194475723314532,0.5035558953058761
JPN,1976-10-01,65.3951439033427,125.21755797533,52.2251096374757,JP,27.36462093862816,1976,-6.82036852546668,3.1823831869411734,10.00275171240732,1.0909673723981719
JPN,1977-10-01,68.4093156610141,119.415584591366,57.2866369300017,JP,28.32116788321168,1977,-4.744297159618505,4.506100576558403,9.250397736177662,0.9565469445835184
JPN,1978-10-01,72.9079274572273,117.948248354614,61.8133594809265,JP,30.294117647058826,1978,-1.2363761658455097,6.368836814218248,7.605212980063136,1.9729497638471472
JPN,1979-10-01,81.2957489451286,126.649797684232,64.1892684896379,JP,31.84115523465704,1979,7.117982400817358,10.889634931725123,3.771652530907943,1.547037587598215
JPN,1980-10-01,91.7754388097764,136.369456526157,67.2989751009338,JP,32.619557458957885,1980,7.394201556646074,12.125098404763524,4.730896848117538,0.7784022243008444
JPN,1981-10-01,100.795670026035,143.477428048272,70.2517882345563,JP,32.6829268292683,1981,5.080993242359977,9.375068788720053,4.294075546360343,0.06336937031041145
JPN,1982-10-01,107.460118217868,147.339733905883,72.9334106298409,JP,32.59557344064387,1982,2.6563308269555996,6.402438678680511,3.7461078517249113,-0.08735338862442887
JPN,1983-10-01,111.745802496796,146.954168951514,76.0411012839228,JP,33.01220295439949,1983,-0.2620272939584112,3.9106885827790094,4.172715876737598,0.4166295137556233
JPN,1984-10-01,114.988315297518,146.891553086838,78.2809304187186,JP,32.8732747804266,1984,-0.04261819106261555,2.8603845854159538,2.9030027764779476,-0.13892817397289292
JPN,1985-10-01,117.532988861211,145.779969781044,80.6233825356614,JP,32.160493827160494,1985,-0.7596151753340052,2.188853335271368,2.948468510605462,-0.7127809532661047
JPN,1986-10-01,121.590915033923,147.309767551247,82.5407998341486,JP,31.866825208085615,1986,1.0439203206693115,3.3943204403739102,2.35040011970451,-0.29366861907487873
JPN,1987-10-01,132.44489405304,155.042748375408,85.4245800236877,JP,32.444202504082746,1987,5.116324299567232,8.550441013017185,3.4341167134505746,0.5773772959971311
JPN,1988-10-01,138.820140325873,158.496237692819,87.5855803254247,JP,32.578947368421055,1988,2.202998121688271,4.7012475779507845,2.4982494562624247,0.1347448643383089
JPN,1989-10-01,153.442503118201,170.287128848947,90.1079152495351,JP,33.08457711442786,1989,7.1755149452542355,10.014678357898621,2.83916341264403,0.5056297460068038
JPN,1990-10-01,172.510159024512,186.56534428665,92.4661535475309,JP,32.93211362542128,1990,9.129554369396509,11.713020329543866,2.583465960147624,-0.15246348900657836
JPN,1991-10-01,172.248957818412,181.915278016785,94.6861632147505,JP,32.67086766844402,1991,-2.5240475935054185,-0.1515268158645,2.3725207776408297,-0.2612459569772625
JPN,1992-10-01,164.021578166465,168.051893961168,97.6015388872322,JP,32.31064237775648,1992,-7.926824896148599,-4.8942866119536355,3.032538284195052,-0.36022529068753784
JPN,1993-10-01,158.268458822177,158.570050753025,99.8095961935112,JP,32.162921348314605,1993,-5.807636806332361,-3.5705295706788043,2.237107235653557,-0.14772102944187537
JPN,1994-10-01,155.41988889058,152.643591153308,101.818597296279,JP,32.45948522402288,1994,-3.8090721897435564,-1.8162282765032955,1.9928439132403497,0.2965638757082729
JPN,1995-10-01,152.721324580304,147.517281980305,103.527534310878,JP,33.014354066985646,1995,-3.4160399486346193,-1.75155622428953,1.6644837243450006,0.5548688429627688
JPN,1996-10-01,150.103355359553,143.488182132323,104.610037390122,JP,33.36594911937378,1996,-2.769265755487371,-1.7290760089641921,1.040189746523179,0.3515950523881344
JPN,1997-10-01,148.096754862324,140.695953193359,105.259917803712,JP,33.613445378151255,1997,-1.9651475575025223,-1.345828331744059,0.6193192257585522,0.24749625877747405
JPN,1998-10-01,144.91526223343,138.556297339413,104.589225824936,JP,35.010162601626014,1998,-1.5324479732627516,-2.1716636029897707,-0.6392156297274632,1.3967172234747594
JPN,1999-10-01,139.86366449502,133.648589407236,104.650091842428,JP,36.18556701030928,1999,-3.6062833871970845,-3.548105010507019,0.05817837669068737,1.1754044086832636
JPN,2000-10-01,134.32107119913,128.394057870665,104.616048515854,JP,37.229437229437224,2000,-4.01097762310112,-4.043513538195143,-0.03253591509455589,1.043870219127946
JPN,2001-10-01,127.937203462108,122.643374961024,104.316222174765,JP,37.47917823431427,2001,-4.582335848256491,-4.869344213133253,-0.2870083648764954,0.24974100487704476
JPN,2002-10-01,120.665711241994,116.076464970927,103.953422898165,JP,37.641723356009074,2002,-5.503159871058116,-5.851554034249862,-0.34839416319147887,0.16254512169480506
JPN,2003-10-01,112.975899285501,108.917604193012,103.725805853681,JP,38.875739644970416,2003,-6.365748318684616,-6.584948993678452,-0.2192006749944575,1.2340162889613424
JPN,2004-10-01,106.562999231071,103.121412468027,103.337195924935,JP,39.4704433497537,2004,-5.468461567825411,-5.843816297228521,-0.3753547294031989,0.594703704783285
JPN,2005-10-01,102.04977651449,99.0342882325291,103.044677353637,JP,37.86945812807881,2005,-4.044091990703702,-4.327565304066372,-0.2834733133622258,-1.6009852216748897
JPN,2006-10-01,99.9845595158184,97.1530713454394,102.9142452429,JP,37.48451053283767,2006,-1.9178346163439386,-2.0444930067933242,-0.12665839044947447,-0.38494759524114386
JPN,2007-10-01,99.3596646729789,96.6082598375792,102.847786243597,JP,37.35091023226616,2007,-0.5623546662334888,-0.6269525914522234,-0.06459792521873453,-0.1336003005715085
JPN,2008-10-01,97.442,94.806592606421,102.779557028656,JP,36.31931748933577,2008,-1.8825294023232075,-1.948891410759579,-0.06636200843637141,-1.0315927429303855
JPN,2009-10-01,93.984,91.919567424429,102.245697832117,JP,36.82669789227166,2009,-3.092502157597732,-3.6132774186293126,-0.520775261031492,0.5073804029358868
JPN,2010-10-01,95.934,94.195313593976,101.845617805102,JP,37.46913580246914,2010,2.4456503282732633,2.053590001512884,-0.3920603267603795,0.6424379101974793
JPN,2011-10-01,95.027,93.6998933519168,101.416125006656,JP,37.80788177339901,2011,-0.5273379754463292,-0.9499393284642998,-0.42260135301797064,0.338745970929871
JPN,2012-10-01,94.766,93.8689946173491,100.955381386405,JP,37.97626483447845,2012,0.18030848620691486,-0.2750366604965748,-0.4553451467035785,0.1683830610794388
JPN,2013-10-01,97.615,97.1029361471518,100.527130718868,JP,38.23343848580441,2013,3.3871477305570608,2.962047499303555,-0.4251002312534169,0.2571736513259637
JPN,2014-10-01,98.436,98.274704191635,100.163917706669,JP,38.342967244701356,2014,1.1995048072353853,0.8375420673847778,-0.36196273985060756,0.10952875889694269
JPN,2015-10-01,100.532,100.598769249217,99.9334188612302,JP,38.53271645736946,2015,2.3373362190455715,2.1069493969659625,-0.23038682207969785,0.1897492126681044
JPN,2016-10-01,103.209,103.653586801529,99.5708754718739,JP,38.21032005225343,2016,2.9914419730617148,2.6279973769005593,-0.3634445961614219,-0.32239640511603085
JPN,2017-10-01,105.114,105.776240154281,99.3737153949537,JP,38.371335504886,2017,2.02714777746964,1.82894169344614,-0.19820608402314477,0.16101545263256867
JPN,2018-10-01,107.83,108.652875187235,99.2424489201206,JP,38.25031928480204,2018,2.6832248196352992,2.551043741224124,-0.13218107841126425,-0.12101622008395907
JPN,2019-10-01,108.873,109.630191884554,99.3091137595515,JP,37.64705882352941,2019,0.8954640788042312,0.9626152419949463,0.06715116319035985,-0.603260461272626
JPN,2020-10-01,110.573,111.378655428583,99.2764439357244,JP,36.43454038997215,2020,1.5822896182670299,1.549387100580013,-0.03290251768657271,-1.212518433557264
JPN,2021-10-01,118.239,119.179355274989,99.2107669018889,JP,36.36363636363637,2021,6.769383946969576,6.703206346956669,-0.06617760001290662,-0.07090402633578208
JPN,2022-10-01,127.215,128.096675040501,99.3115032199264,JP,36.14525139664805,2022,7.215570696817419,7.317056869247551,0.10148617242968783,-0.21838496698831733
JPN,2023-10-01,129.902,130.669009173749,99.4128054931618,JP,35.67753001715266,2023,1.988222571393905,2.09017515350709,0.1019525821135403,-0.46772137949538717
JPN,2024-10-01,133.563,133.813513811164,99.8125798045524,JP,35.628227194492254,2024,2.37796643656214,2.779295662126202,0.4013292255642398,-0.049302822660408196
JPN,2025-10-01,140.305,139.778156032167,100.376704146196,JP,34.91428571428571,2025,4.360942335558704,4.924534775403977,0.5635924398450953,-0.7139414802065431
KOR,1987-10-01,38.5110408573654,97.2063154570113,39.6187909315306,KR,29.91803278688524,1987,3.110356567387118,5.904387746529816,2.7940311791426087,2.6810613021261496
KOR,1988-10-01,43.8920256371682,103.245506025542,42.5133090569233,KR,33.79978471474704,1988,6.027402252429592,13.078767952750292,7.051365700320966,3.8817519278617993
KOR,1989-10-01,50.008506255928,111.063865796203,45.0278840926809,KR,34.89037178265014,1989,7.299569766771352,13.046046085208163,5.746476318436322,1.0905870679031011
KOR,1990-10-01,60.3804324845172,118.126244575937,51.1164006001128,KR,34.883720930232556,1990,6.1648518465731605,18.84719708874192,12.682345242169246,-0.006650852417585895
KOR,1991-10-01,61.4811619072077,109.568555190658,56.1133987530734,KR,35.00424808836024,1991,-7.520349369697055,1.806573047344795,9.326922417041894,0.12052715812768611
KOR,1992-10-01,57.6188303350341,96.1323833229201,59.938403527179,KR,35.337726523887966,1992,-13.082419367666898,-6.488138762254536,6.594280605412095,0.3334784355277236
KOR,1993-10-01,55.6218120396487,88.3869461663247,62.9314077851097,KR,34.50479233226837,1993,-8.400194353947299,-3.527400261812641,4.872794092134747,-0.8329341916195929
KOR,1994-10-01,55.4134440272686,85.0384367750738,65.1643875398526,KR,34.74903474903475,1994,-3.8620939304164104,-0.37531909117491935,3.486774839241402,0.24424241676637592
KOR,1995-10-01,55.2841938663243,81.6070687566266,67.7459980751496,KR,34.12759415833974,1995,-4.118746649610383,-0.23351938151270346,3.8852272680977684,-0.6214405906950091
KOR,1996-10-01,56.018614008743,79.9924957415368,70.0315204720305,KR,33.454018826937,1996,-1.9983058094316775,1.3196986047709913,3.318004414202669,-0.6735753314027377
KOR,1997-10-01,57.3611818369926,79.5906415405052,72.0719924260704,KR,31.797235023041477,1997,-0.5036309691302421,2.368377141374012,2.872008110504165,-1.6567838038955252
KOR,1998-10-01,50.0350660535688,70.5325594160807,70.940668550948,KR,29.805760214333553,1998,-12.08220784579579,-13.664371924301744,-1.5821640785059543,-1.991474808707924
KOR,1999-10-01,51.8973283102232,76.2723838732591,68.0437316849576,KR,31.914893617021274,1999,7.823649250703912,3.6543230512977587,-4.169326199406065,2.1091334026877213
KOR,2000-10-01,52.2878882292158,75.5273368318058,69.2320790540715,KR,36.17021276595745,2000,-0.9816263437778083,0.7497450434307495,1.7313713872086467,4.255319148936177
KOR,2001-10-01,56.7489899375242,77.8439047591099,72.9027593082921,KR,39.57863054928518,2001,3.0210932570855498,8.187309610928839,5.1662163538432,3.408417783327728
KOR,2002-10-01,66.4123870473509,86.528163111311,76.7541822342548,KR,43.852167732764755,2002,10.576434551421787,15.724573325628377,5.14813877420659,4.273537183479576
KOR,2003-10-01,70.8187825406125,89.7434476193217,78.9143801876063,KR,43.913043478260875,2003,3.6485071627821775,6.424066463643996,2.7755593008617296,0.06087574549611929
KOR,2004-10-01,68.6704222181487,86.4554981864708,79.4305450854783,KR,44.830246913580254,2004,-3.7325207957104034,-3.080568451491583,0.651952344218909,0.9172034353193794
KOR,2005-10-01,71.318989380081,90.1152142999161,79.1439102367827,KR,46.42857142857143,2005,4.145920079438792,3.7844051553742375,-0.3615149240645543,1.5983245149911767
KOR,2006-10-01,79.6213445146094,99.5158592522012,80.0106231170974,KR,45.774647887323944,2006,9.922801041928064,11.011958139682587,1.0891570977545229,-0.6539235412474866
KOR,2007-10-01,84.2711333568244,103.416802091777,81.4888471064746,KR,44.932432432432435,2007,3.8450423992523852,5.6757174733905735,1.8306750741387212,-0.8422154548915088
KOR,2008-10-01,89.1944689280569,106.754028838922,83.5533934098452,KR,42.69592476489028,2008,3.1759947351118534,5.677965132274654,2.501970397162534,-2.2365076675421562
KOR,2009-10-01,90.5058030714516,107.064954989458,84.535578781374,KR,42.66585514303103,2009,0.29083139778105505,1.4594940856190064,1.1686626878380402,-0.030069621859247775
KOR,2010-10-01,91.799393163232,106.186647722139,86.4530546345145,KR,43.98496240601503,2010,-0.8237333014228021,1.419171619567372,2.242904920990174,1.319107262983998
KOR,2011-10-01,97.4002249532487,107.310347178951,90.7671716641341,KR,44.859241126071,2011,1.0526703983647856,5.922283304514497,4.869612906149445,0.874278720055969
KOR,2012-10-01,95.9594095446285,102.296112786903,93.8077844490106,KR,44.767090139140954,2012,-4.785340316098541,-1.4903235415463456,3.295016774551751,-0.09215098693004364
KOR,2013-10-01,96.2077140754351,100.043487228258,96.1682065968736,KR,44.50386215092097,2013,-2.226671032151639,0.258425753915148,2.4850967860670536,-0.26322798821998106
KOR,2014-10-01,97.8168153027634,99.4901052718456,98.3204984423882,KR,44.57409568261377,2014,-0.5546769025574605,1.6586955521496805,2.2133724547072298,0.0702335316928
KOR,2015-10-01,101.223936298704,100.438218587525,100.784712981975,KR,45.96633778293674,2015,0.9484603330576213,3.4238755703944967,2.4754152373368754,1.3922421003229672
KOR,2016-10-01,101.931306676858,99.4240534121584,102.524242592135,KR,48.05797101449276,2016,-1.0148727619685438,0.6963868876621149,1.7112596496307475,2.091633231556017
KOR,2017-10-01,103.440132367443,99.5662131541496,103.893295135012,KR,49.130938586326764,2017,0.14288112542297782,1.4693891663922543,1.326508040969454,1.0729675718340062
KOR,2018-10-01,104.589115027708,100.345727641839,104.231273651223,KR,48.9841986455982,2018,0.7798618084740916,1.1046469266186243,0.32478511814373334,-0.14673994072856544
KOR,2019-10-01,104.23063969412,100.239316922711,103.984294009671,KR,48.40626688276607,2019,-0.1061003619103218,-0.3433350318839068,-0.23723466997269682,-0.5779317628321294
KOR,2020-10-01,109.816946387041,105.029332573009,104.560872998987,KR,48.38066766317887,2020,4.6679172836261,5.220872278177957,0.5529549945512358,-0.025599219587199684
KOR,2021-10-01,120.713128219858,113.316208726062,106.53024156269,KR,48.005836575875485,2021,7.594254906692832,9.460203369842102,1.8659484631491807,-0.37483108730338444
KOR,2022-10-01,115.034440924301,106.350780213384,108.167713306451,KR,46.55502392344498,2022,-6.343934015010522,-4.818531972020246,1.5254020429904536,-1.450812652430507
KOR,2023-10-01,110.926797198451,102.59478215454,108.123885262621,KR,45.16755706653715,2023,-3.5955802649510815,-3.636107076644457,-0.04052681169302019,-1.3874668569078281
KOR,2024-10-01,111.065475690675,102.172166514507,108.706852519688,KR,44.75524475524475,2024,-0.412777787472951,0.12493994359257243,0.5377177310654346,-0.4123123112923963
NLD,1991-10-01,30.9083952182139,65.7195543615546,47.0324872937575,NL,26.058012363290533,1991,1.419281279107576,6.502992227103066,5.083710947995668,-0.15088512220269834
NLD,1992-10-01,33.4850769669436,67.5298637728538,49.5874217053873,NL,25.846294602012808,1992,2.7173414020229103,8.007203899676307,5.289862497653308,-0.21171776127772546
NLD,1993-10-01,36.7701511859556,70.4462765867146,52.1979529807771,NL,26.93526482571299,1993,4.228045879020925,9.358653106136261,5.13060722711538,1.0889702237001835
NLD,1994-10-01,40.5207739396055,73.9914853544401,54.7661341465304,NL,27.908005307386112,1994,4.909963871455236,9.71283724151335,4.8028733700580695,0.9727404816731209
NLD,1995-10-01,43.6831776846809,76.150180169152,57.3666365738482,NL,29.689608636977056,1995,2.8757421509313374,7.5148298596193985,4.639087708688194,1.7816033295909435
NLD,1996-10-01,49.0588301932775,82.0812070954494,59.7708667292965,NL,31.18466898954704,1996,7.500164232747952,11.605711615474723,4.1055473827266376,1.4950603525699826
NLD,1997-10-01,54.6119382534364,88.0120032741826,62.0528573332529,NL,33.24753324753325,1997,6.976411837654428,10.723231404420064,3.7468195667655024,2.0628642579862095
NLD,1998-10-01,60.8908394782661,94.9265446284952,64.1475965047596,NL,34.506753990994675,1998,7.563017205974365,10.883023614476173,3.3200064085019854,1.2592207434614267
NLD,1999-10-01,72.5451822743878,109.79470656569,66.0759283753359,NL,35.234769111369815,1999,14.550894004987214,17.512682720877493,2.961788715890634,0.7280151203751402
NLD,2000-10-01,84.0637935837436,124.063442177978,67.7612264514696,NL,35.43872919818457,2000,12.218074710530225,14.736638650010736,2.518563939480156,0.20396008681475308
NLD,2001-10-01,91.4530065519917,131.367232308783,69.6188808210379,NL,36.44393241167435,2001,5.720363611603663,8.424929271888537,2.7045656602848744,1.0052032134897857
NLD,2002-10-01,95.9005977754196,133.875626192692,71.6367540014284,NL,38.420038535645475,2002,1.8914504849655067,4.748696443684963,2.8572459587193677,1.976106123971121
NLD,2003-10-01,99.7292695134045,134.857330306959,73.9544275799247,NL,38.542042583904724,2003,0.7306200877213342,3.9146994554166703,3.184079367694981,0.12200404825924949
NLD,2004-10-01,103.702715647428,136.063521915726,76.2192236799362,NL,39.95672556797692,2004,0.8904442523939515,3.9069092683599926,3.0164650159663076,1.4146829840721935
NLD,2005-10-01,107.712420051138,138.491435561765,77.7783931044794,NL,40.403682719546744,2005,1.7686637015027706,3.7936595894429104,2.024995887940495,0.4469571515698263
NLD,2006-10-01,112.489560739585,140.789438548018,79.902109216497,NL,41.76300578034682,2006,1.6456943981924432,4.339552559049675,2.693858160857232,1.3593230608000795
NLD,2007-10-01,118.27718603605,146.026054375127,81.0003196453256,NL,41.95652173913043,2007,3.6519629813205334,5.0170480088675085,1.365085027546975,0.19351595878360683
NLD,2008-10-01,117.534695627358,142.348188690008,82.571512821262,NL,41.73228346456693,2008,-2.550897110962591,-0.6297332069617134,1.9211639040006112,-0.224238274563497
NLD,2009-10-01,111.88859123867,131.81082538023,84.8888843925328,NL,42.7154582763338,2009,-7.690833570310396,-4.922991678359789,2.767841891950784,0.9831748117668653
NLD,2010-10-01,110.879049117165,128.554976329344,86.2534946469388,NL,40.67140090380891,2010,-2.501110940033424,-0.9063695526770665,1.5947413873565353,-2.0440573725248896
NLD,2011-10-01,107.095420343911,122.051613690705,87.7492622572144,NL,38.60622880049337,2011,-5.191262589241052,-3.4719743643287337,1.7192882249122299,-2.0651721033155397
NLD,2012-10-01,99.7355742162867,110.568057436792,90.2062258547932,NL,37.63859754270303,2012,-9.881278253399728,-7.119779005240545,2.7614992481586498,-0.9676312577903374
NLD,2013-10-01,95.3503541282851,101.028602169949,94.3830627264884,NL,36.37711236288171,2013,-9.022756921981756,-4.496437990338897,4.52631893164348,-1.261485179821321
NLD,2014-10-01,97.2842590217694,98.7545179400301,98.5148503322815,NL,34.82529598613919,2014,-2.276651252595485,2.007915229949564,4.284566482544694,-1.5518163767425222
NLD,2015-10-01,101.570320451719,100.831479220906,100.736482944304,NL,34.37319468515309,2015,2.081344671576879,4.311417260828421,2.230072589251808,-0.4521013009861008
NLD,2016-10-01,108.065778630135,105.121016089806,102.805118201722,NL,33.76288659793814,2016,4.166161994661444,6.19887321813728,2.0327112234752143,-0.6103080872149462
NLD,2017-10-01,117.753636163633,112.754862193106,104.437182785228,NL,33.545955349376634,2017,7.010388042839999,8.58545096785468,1.5750629250156578,-0.21693124856150803
NLD,2018-10-01,128.327425250696,120.069760812464,106.881351089709,NL,33.71155568826516,2018,6.2856812856314725,8.599039476208059,2.313358190575432,0.16560033888852388
NLD,2019-10-01,136.771864035657,124.810404807783,109.587766063645,NL,34.21875,2019,3.8722910344107575,6.372930422866752,2.5006393884567935,0.5071943117348425
NLD,2020-10-01,148.662049791648,131.787773389936,112.808310793036,NL,34.75887170154686,2020,5.439702705906413,8.336129587555874,2.8964268816491945,0.5401217015468589
NLD,2021-10-01,176.258749151138,155.126480314578,113.626817974698,NL,33.903576982892695,2021,16.304793482374258,17.027747337755716,0.722953855381725,-0.8552947186541644
NLD,2022-10-01,186.169234246799,159.237182273811,116.917502091158,NL,33.6873547958845,2022,2.6154016936263957,5.470304054786457,2.8549023611597057,-0.21622218700819218
NLD,2023-10-01,186.393504086343,156.465208444076,119.132180196587,NL,33.99929898352611,2023,-1.7561128132269843,0.12039307400222299,1.8765058872291185,0.3119441876416076
NLD,2024-10-01,206.511995832552,164.497612884092,125.545683020493,NL,35.00371195248701,2024,5.006238375310712,10.249844959061338,5.243606583751337,1.0044129689608994
NLD,2025-10-01,219.132272211261,166.480423390575,131.631330232363,NL,36.0630526720492,2025,1.1981666516739153,5.931702827952368,4.733536176277386,1.0593407195621936
NOR,1980-10-01,9.84544700619223,39.4285646712961,24.9710908459951,NO,33.411033411033415,1980,2.8175604220363137,12.473294215415454,9.655733793378785,0.2753773695211805
NOR,1981-10-01,10.6490282448941,38.5658040783885,27.6134475378089,NO,34.44709626093874,1981,-2.212456616131453,7.845952793394284,10.058409409526092,1.0360628499053277
NOR,1982-10-01,11.5823731516992,37.3119225975869,31.0429487658181,NO,33.38289962825279,1982,-3.305306285879084,8.401574314685023,11.706880600564151,-1.064196632685956
NOR,1983-10-01,12.1297157141256,36.1056848089534,33.5960391859389,NO,34.092578986039676,1983,-3.286258938820108,4.617389955985063,7.903648894805038,0.7096793577868894
NOR,1984-10-01,14.9911429462805,41.7269387261824,35.9278529563653,NO,33.56497567755386,1984,14.469660597336675,21.180127036982288,6.710466439645391,-0.5276033084858156
NOR,1985-10-01,18.4020637245055,49.1630720797584,37.4317869728554,NO,37.0956641431521,1985,16.39958413501681,20.50032608080801,4.100741945791464,3.5306884655982387
NOR,1986-10-01,23.1233803358884,58.7454539640316,39.3631732513094,NO,38.74538745387454,1986,17.8070996497822,22.838142415034348,5.031042765252192,1.6497233107224432
NOR,1987-10-01,23.9032290093827,57.215119833317,41.7790734095432,NO,41.11374407582938,1987,-2.6395574488398132,3.3169313390243094,5.956488787864078,2.368356621954838
NOR,1988-10-01,24.26561829188,53.5257367099226,45.335848835652,NO,41.48571428571428,1988,-6.665559797805454,1.5046908536894499,8.170250651494992,0.3719702098848998
NOR,1989-10-01,21.9213121131764,45.0672952292052,48.6427472164285,NO,41.09589041095891,1989,-17.200577599115174,-10.160114387751262,7.040463211363868,-0.38982387475537195
NOR,1990-10-01,20.2441934975816,39.3403473153477,51.4606578008576,NO,41.37323943661972,1990,-13.590618076030747,-7.959130789172164,5.631487286858583,0.2773490256608113
NOR,1991-10-01,19.4617852291442,36.2259978039693,53.7248686640181,NO,42.108585858585855,1991,-8.247360902635803,-3.941520063036563,4.30584083959924,0.7353464219661348
NOR,1992-10-01,18.5337286002902,33.26532013609,55.7165395209666,NO,38.55855855855856,1992,-8.526161549137523,-4.886057122920384,3.6401044262170945,-3.5500273000272955
NOR,1993-10-01,20.0513290546947,35.2554972200965,56.8760416257354,NO,38.13131313131313,1993,5.810604964664545,7.870319885809307,2.0597149211447174,-0.42724542724543113
NOR,1994-10-01,22.0745344223444,38.6516771537779,57.1131682561342,NO,39.715832205683355,1994,9.19687008569734,9.612921697420296,0.4160516117227786,1.5845190743702275
NOR,1995-10-01,23.8209782929369,40.9090452190732,58.2308719311242,NO,38.95104895104895,1995,5.676102563559704,7.614197776915654,1.9380952133562168,-0.764783254634402
NOR,1996-10-01,26.3160351845188,44.528489351164,59.1010967160552,NO,38.63150392017106,1996,8.477800136535452,9.961182290763348,1.4833821542278969,-0.3195450308778902
NOR,1997-10-01,29.373281412678,48.2135113076242,60.9251697504235,NO,35.70487483530962,1997,7.951010489685917,10.990700942863363,3.039690453177357,-2.926629084861446
NOR,1998-10-01,31.4144256043478,50.6402494094198,62.0363633046243,NO,34.07318536292742,1998,4.910740360982757,6.718173591453125,1.8074332304704122,-1.6316894723821989
NOR,1999-10-01,37.3845488484135,58.3105949116145,64.1147148452192,NO,34.180278281911676,1999,14.103710477755182,17.399028509538496,3.2953180317832675,0.10709291898425732
NOR,2000-10-01,41.0720372068572,61.4719660697035,66.8162633901304,NO,33.54551241247613,2000,5.2797426874690245,9.407004335943325,4.127261648474345,-0.6347658694355474
NOR,2001-10-01,44.2125135652263,63.6926114977794,69.4175358799368,NO,34.32563791008506,2001,3.5487332182463582,7.368033132849527,3.8192999146032136,0.7801254976089282
NOR,2002-10-01,45.4045861387686,62.8720587714411,72.2196007300034,NO,35.841470419299256,2002,-1.2966718462330107,2.6605254867583916,3.9571973329913135,1.5158325092141993
NOR,2003-10-01,47.2343838402921,62.9885433576351,74.9911014845255,NO,37.76896942242355,2003,0.1851010045752055,3.9508982359850453,3.7657972314097954,1.9274990031242965
NOR,2004-10-01,52.2703202975332,68.4881135011254,76.3225726433996,NO,37.23110865968008,2004,8.370734629142618,10.130662187904571,1.7599275587619978,-0.5378607627434704
NOR,2005-10-01,56.5720788547221,72.7295504505535,77.7865084883466,NO,37.94444444444444,2005,6.0087568394380675,7.908683658297022,1.8999268188589546,0.7133357847643609
NOR,2006-10-01,66.0924730616999,83.0096525636957,79.6226174125525,NO,38.30845771144279,2006,13.220912390864203,15.55393113475434,2.333018743890225,0.3640132669983487
NOR,2007-10-01,71.2176114878767,87.5934594405797,81.3071556771358,NO,36.629667003027244,2007,5.374943425164425,7.468527180185003,2.0935837550205783,-1.6787907084155478
NOR,2008-10-01,66.2732567382665,79.0741197530112,83.8140815092182,NO,33.14420803782506,2008,-10.232069390356369,-7.19536918188739,3.0367002084689787,-3.4854589652021843
NOR,2009-10-01,73.8120901924092,85.4587916799783,86.3741525080272,NO,36.198271941791724,2009,7.764865377229491,10.773609356384029,3.008743979154538,3.0540639039666644
NOR,2010-10-01,78.5477166214221,88.3074966727267,88.9506312319399,NO,36.30573248407643,2010,3.2790712933725708,6.218375323511172,2.939304030138512,0.1074605422847057
NOR,2011-10-01,84.7258869315142,93.2011888642828,90.9091746710675,NO,37.335216572504706,2011,5.393547362773354,7.571489062566084,2.1779416997927292,1.0294840884282763
NOR,2012-10-01,90.5593207020461,97.6676593976974,92.7246962913939,NO,36.815693430656935,2012,4.681000711411887,6.65839275501563,1.9773920436037429,-0.5195231418477704
NOR,2013-10-01,91.5247485456467,95.4733389555037,95.8670749257518,NO,38.44731977818854,2013,-2.2723449509061133,1.0604298273075408,3.332774778213654,1.6316263475316077
NOR,2014-10-01,96.8584680583236,98.4508884283526,98.3854779189158,NO,39.01668921966622,2014,3.071079393260945,5.664140919140603,2.5930615258795697,0.5693694414776758
NOR,2015-10-01,101.298577666433,100.530963654311,100.766586109629,NO,38.2890365448505,2015,2.090794690768938,4.482154954128781,2.3913602633601982,-0.7276526748157224
NOR,2016-10-01,111.537027091214,108.53936102605,102.764910285509,NO,39.733763614360626,2016,7.664710551733922,9.628424695799342,1.9637141440647987,1.4447270695101295
NOR,2017-10-01,112.387453354854,107.299312867547,104.745152400816,NO,41.51103565365025,2017,-1.1490635855195386,0.7595688963390579,1.9086324818585965,1.7772720392896204
NOR,2018-10-01,114.952112297282,107.941448802567,106.49807468078,NO,42.704149933065594,2018,0.5966693623608244,2.256332056003796,1.6596626936435932,1.1931142794153473
NOR,2019-10-01,117.999046428519,108.675569103358,108.58244532181,NO,42.01858108108108,2019,0.6778074211186258,2.616091648648222,1.9382842275300405,-0.6855688519845131
NOR,2020-10-01,127.128017565203,115.614396261781,109.961942306241,NO,40.892053973013496,2020,6.189347001391532,7.451804776098658,1.2624577747062382,-1.1265271080675845
NOR,2021-10-01,137.658197008697,123.418641104887,111.540955392569,NO,40.0,2021,6.53216788798785,7.957918838130862,1.4257509501439891,-0.8920539730134962
NOR,2022-10-01,141.546781396273,123.770013237118,114.366177150401,NO,37.22250903458957,2022,0.2842949000437578,2.785649355696407,2.5013544556514056,-2.777490965410429
NOR,2023-10-01,140.582402118794,117.6179583508,119.528196482534,NO,38.27838827838828,2023,-5.098338063063501,-0.68364642147003,4.414691641593205,1.0558792437987066
NOR,2024-10-01,147.275455843236,118.092316230366,124.715886520442,NO,38.22739480752014,2024,0.40249286612041857,4.651087378371965,4.248594512253057,-0.05099347086813566
NOR,2025-10-01,155.915878548889,120.782165575287,129.092371020007,NO,39.20071845532106,2025,2.2521979103466094,5.7011939149052,3.448996004557614,0.9733236478009175
NZL,1999-10-01,34.6592103816131,43.421291670691,79.835533811147,NZ,43.56787491115849,1999,2.6783190040268856,2.244516867063906,-0.43380213696302405,2.129025990295183
NZL,2000-10-01,34.2524823355084,42.9845258907922,79.7003480199524,NZ,42.05163043478261,2000,-1.0109724373773776,-1.1804463162302437,-0.16947387885286602,-1.5162444763758813
NZL,2001-10-01,35.7459432231292,49.3280496185128,72.4791555375324,NZ,43.18339100346021,2001,13.76526891101979,4.267774739393326,-9.497494171626641,1.131760568677599
NZL,2002-10-01,40.6981308595994,54.5996009970799,74.5530306444642,NZ,43.56902356902357,2002,10.153369794567002,12.974538014341386,2.821168219774428,0.38563256556336256
NZL,2003-10-01,50.5718603178274,65.7210236691402,76.9635192363753,NZ,47.0705725699068,2003,18.539229428880954,21.72131348317827,3.182084054297274,3.50154900088323
NZL,2004-10-01,56.8007663043221,71.7014639499091,79.2330692811709,NZ,47.18397997496871,2004,8.709229584138267,11.615451550918854,2.9062219667808087,0.11340740506190627
NZL,2005-10-01,65.4284729548246,80.568448565774,81.2235732040013,NZ,47.77327935222672,2005,11.659595076440699,14.140771309109734,2.481176232668769,0.5892993772580155
NZL,2006-10-01,71.2500989190083,85.6633079339028,83.1899643971857,NZ,48.045602605863195,2006,6.131747258828479,8.523867748428149,2.3921204895996695,0.2723232536364719
NZL,2007-10-01,76.7001125747014,89.6457569589634,85.574933509287,NZ,47.93085385018334,2007,4.5441281512375475,7.3706968614907,2.826568710253241,-0.11474875567985521
NZL,2008-10-01,69.8473489954578,79.2809939452387,88.1172933861577,NZ,46.130653266331656,2008,-12.286744288065243,-9.359104393785067,2.9276398942801762,-1.8002005838516837
NZL,2009-10-01,73.6095258733969,82.6996742396988,89.0247021374966,NZ,47.743589743589745,2009,4.221723586843851,5.246231282566249,1.0245076957223986,1.6129364772580885
NZL,2010-10-01,72.4265914554582,80.0982676878758,90.4388915900148,NZ,48.283261802575105,2010,-3.1961435988931974,-1.620092773215287,1.5760508256779104,0.5396720589853601
NZL,2011-10-01,74.0814441865599,80.3089891058126,92.2625786623978,NZ,48.95891952729319,2011,0.2627331747504513,2.259156785154115,1.9964236104036637,0.6756577247180857
NZL,2012-10-01,78.8789958987072,83.4965828997561,94.4871998850566,NZ,49.24454392837158,2012,3.892414894322549,6.274989562763356,2.3825746684408067,0.2856244010783868
NZL,2013-10-01,85.9930057699303,89.1808801288125,96.4432157876017,NZ,50.31374786081004,2013,6.5860960615166775,8.635098395506624,2.0490023339900354,1.0692039324384623
NZL,2014-10-01,92.1887731242088,93.6211824461567,98.4882047066887,NZ,50.37463976945246,2014,4.8589997786768535,6.957239191012743,2.0982394123358894,0.060891908642418
NZL,2015-10-01,103.816190541757,102.869771495345,100.938680052371,NZ,51.22927387078331,2015,9.420716777995164,11.878358021304525,2.457641243309361,0.854634101330852
NZL,2016-10-01,118.553992746966,115.138702807904,102.985281517929,NZ,52.23796033994334,2016,11.267367912322435,13.27465549878406,2.0072875864616258,1.0086864691600326
NZL,2017-10-01,123.226012136356,116.978227079372,105.360462110945,NZ,52.33160621761659,2017,1.5850311173218223,3.8651674482887977,2.280136330967153,0.0936458776732465
NZL,2018-10-01,127.085197638362,117.828798816191,107.87574946664,NZ,52.80833815865663,2018,0.7244889321367687,3.083754280365536,2.359265348227879,0.47673194104004324
NZL,2019-10-01,132.887910720128,119.491470482808,111.231777017191,NZ,53.747072599531606,2019,1.4012278648313448,4.464828725843617,3.063600861012983,0.938734440874974
NZL,2020-10-01,153.980145311628,134.536890636653,114.473153424702,NZ,55.61282932416953,2020,11.859344914925263,14.731767120846317,2.872422205920877,1.8657567246379259
NZL,2021-10-01,193.727381219909,163.046423849949,118.83928706718,NZ,57.15955581531268,2021,19.219652789132624,22.962825177375823,3.743172388243199,1.546726491143147
NZL,2022-10-01,172.797935841919,139.339063469434,124.035491180775,NZ,56.30657815328908,2022,-15.712470076206664,-11.432900838843185,4.279569237363745,-0.8529776620235978
NZL,2023-10-01,171.780637619092,132.524076088024,129.646182413408,NZ,56.39899623588457,2023,-5.014593314534288,-0.5904610772713426,4.424132237263034,0.09241808259548634
NZL,2024-10-01,169.120166480207,125.248767030922,135.052381185335,NZ,56.1524047470331,2024,-5.646243939236584,-1.5608793654180886,4.0853645738183175,-0.24659148885146465
NZL,2025-10-01,167.06107074173,121.394031281305,137.644300946983,NZ,56.5136476426799,2025,-3.1260184157665627,-1.2250067880854587,1.901011627681104,0.36124289564679657
PRT,1989-10-01,50.9357476049072,165.106740844774,30.85140528153,PT,18.833535844471445,1989,3.1449260025806502,15.881706726184985,12.73678072360398,0.914460699962774
PRT,1990-10-01,58.0380997923394,159.809854403742,36.3183993535973,PT,19.870129870129873,1990,-3.260748041442696,13.053470029719616,16.31421807116262,1.0365940256584274
PRT,1991-10-01,69.3416849257887,154.130907351518,44.9905938855382,PT,19.92709599027946,1991,-3.618240947331408,17.794655158138273,21.41289610546955,0.05696612014958902
PRT,1992-10-01,74.4113578682164,143.627148714419,51.810735967131,PT,20.536756126021007,1992,-7.058159242000883,7.056235026738378,14.114394268739572,0.6096601357415459
PRT,1993-10-01,75.0643535849476,133.743355320018,56.1278756633029,PT,23.28042328042328,1993,-7.129799195308628,0.8737203716236763,8.003519566931905,2.743667154402271
PRT,1994-10-01,77.6114804382846,129.496261306555,59.9357312508861,PT,26.19542619542619,1994,-3.2270694188511584,3.3369566615855106,6.564026080436758,2.915002915002912
PRT,1995-10-01,77.8694338363956,124.442596752951,62.5770409218229,PT,30.406852248394,1995,-3.9807471181420695,0.33181388981091686,4.312561007953075,4.211426052967809
PRT,1996-10-01,79.5031466423659,123.967067575572,64.1349942951976,PT,32.06256109481916,1996,-0.38285930583912275,2.0763102347114426,2.459169540550743,1.65570884642516
PRT,1997-10-01,83.2122699899144,125.048991693699,66.5463509418027,PT,35.122410546139356,1997,0.8689647802627043,4.559821150986743,3.6908563707240383,3.059849451320197
PRT,1998-10-01,87.4843532504951,128.61935520954,68.0207048969554,PT,37.00588730025231,1998,2.81517134850926,5.00651445850373,2.191343109994204,1.8834767541129551
PRT,1999-10-01,95.4425258382873,138.42023437926,68.9539920804616,PT,40.16768292682927,1999,7.343692710826311,8.706428525623977,1.3627358147978441,3.1617956265769607
PRT,2000-10-01,103.565295187326,146.703507352459,70.5977436777505,PT,41.20532585844429,2000,5.81193585368327,8.167804252959865,2.355868399276506,1.037642931615018
PRT,2001-10-01,106.229577922367,146.425998978668,72.5511550472294,PT,41.088788075178215,2001,-0.18934187838732797,2.540029637589125,2.7293715159761867,-0.11653778326607522
PRT,2002-10-01,106.33805456189,141.840615506882,74.9730492016825,PT,42.04616344354336,2002,-3.1816173210757803,0.10206318588750207,3.2836805069636377,0.9573753683651418
PRT,2003-10-01,107.875120627327,140.678264224774,76.6851663476156,PT,42.626865671641795,2003,-0.8228532136682176,1.4351054217260462,2.2579586353943526,0.5807022280984384
PRT,2004-10-01,108.382369813933,137.601047971619,78.7687533334762,PT,42.8652321630804,2004,-2.211692752182337,0.46911680684527113,2.6808095590275194,0.23836649143860456
PRT,2005-10-01,112.356003531008,139.297622718861,80.6621231424448,PT,44.137168141592916,2005,1.225427318797223,3.600699748637304,2.3752724298401695,1.2719359785125164
PRT,2006-10-01,113.370083630131,137.26173958691,82.5973357713006,PT,45.49402823018458,2006,-1.4723203668381757,0.8985110531780194,2.370831420015751,1.3568600885916666
PRT,2007-10-01,112.327861377734,132.005098058497,85.0969230466634,PT,44.76534296028881,2007,-3.904906756678983,-0.9235614976614848,2.9813452590174983,-0.7286852698957702
PRT,2008-10-01,105.475360791399,120.39214627822,87.6132787991861,PT,43.092583616093066,2008,-9.208624299606072,-6.294455008806565,2.914169290799773,-1.6727593441957467
PRT,2009-10-01,107.319563235184,119.427955990792,89.8648736098517,PT,42.804085422469825,2009,-0.8040989670831777,1.7333577167351955,2.537456683818462,-0.2884981936232407
PRT,2010-10-01,106.377844642152,116.475606650197,91.3341678620716,PT,41.788990825688074,2010,-2.5031444724151086,-0.8813627628328824,1.6217817095822262,-1.0150945967817506
PRT,2011-10-01,98.3848202173231,106.715058957201,92.1975665351564,PT,40.62780269058296,2011,-8.75195841360119,-7.811080210398202,0.9408782032033436,-1.1611881351051139
PRT,2012-10-01,94.4018836015217,100.036714063666,94.3709469002257,PT,39.03072263089572,2012,-6.4625022723679315,-4.1325499715518355,2.3299523008159184,-1.5970800596872436
PRT,2013-10-01,95.0154944652161,99.9940289478678,95.0249032795098,PT,38.98768809849521,2013,-0.04267855610944338,0.6478951576756486,0.6905737137849144,-0.04303453240050459
PRT,2014-10-01,97.172888442698,97.7398923947561,99.4237927742974,PT,38.83821411425828,2014,-2.280068277615932,2.245176913770397,4.52524519138624,-0.14947398423693414
PRT,2015-10-01,102.159604542973,101.710623718447,100.445377732748,PT,38.520020273694875,2015,3.9821968032604182,5.004459368640646,1.0222625653796058,-0.31819384056340283
PRT,2016-10-01,110.091889663634,107.358989285917,102.549602823291,PT,38.78656554712892,2016,5.404649998669608,7.47790368922443,2.073253690555532,0.26654527343404766
PRT,2017-10-01,121.755239496906,118.090308895103,103.107550939785,PT,38.448566610455316,2017,9.52714024426422,10.069741826746004,0.5426015824816943,-0.3379989366736069
PRT,2018-10-01,133.197709492549,125.890497024759,105.808578342537,PT,38.90541344437835,2018,6.39627964882532,8.982176603764191,2.585896954939315,0.4568468339230307
PRT,2019-10-01,146.991636299955,134.419050805986,109.357574913624,PT,39.28794503435353,2019,6.554970725416975,9.854112728487685,3.2991420030697327,0.38253158997518
PRT,2020-10-01,158.602421557602,142.131585197439,111.592828302282,PT,38.78478137421919,2020,5.579111972810757,7.602488817568531,2.0233768447584843,-0.5031636601343337
PRT,2021-10-01,176.855627872772,155.468292213444,113.761190220156,PT,39.19239904988123,2021,8.96885173915507,10.893316058793179,1.9244643196381972,0.40761767566203844
PRT,2022-10-01,196.774152118882,167.552347044628,117.445019602954,PT,39.618922470433645,2022,7.485401987855234,10.67228971278018,3.1868877249252137,0.42652342055241377
PRT,2023-10-01,212.071810487344,171.852890337997,123.407960201791,PT,39.75018368846437,2023,2.5343000002340688,7.486831089743262,4.952531089508394,0.13126121803072266
PRT,2024-10-01,236.495103711692,178.770507510799,132.294975861275,PT,40.33742331288344,2024,3.946408021379888,10.900255856558516,6.953847835178362,0.5872396244190696
PRT,2025-10-01,281.117848622452,202.403379559133,138.895358018758,PT,42.07650273224044,2025,12.415973237387501,17.284646693391448,4.868673456004391,1.7390794193570045
SWE,1981-10-01,13.5907177853045,69.8533878702233,19.4583058717084,SE,46.25121713729309,1981,-11.440966403965902,-0.9503074632674302,10.490658940698028,-0.2765606404846892
SWE,1982-10-01,13.7347175446358,62.2731518974104,22.0581451700064,SE,46.30681818181818,1982,-11.48682023747174,1.0539710757680343,12.540791313239907,0.055601044525090515
SWE,1983-10-01,13.7437064338437,56.9935797655753,24.1172641380772,SE,45.74162679425837,1983,-8.859175843212608,0.06542507339997172,8.924600916612624,-0.5651913875598069
SWE,1984-10-01,14.2984300773713,54.9455503343054,26.0259106224008,SE,45.05703422053232,1984,-3.659592485591201,3.9568741012538933,7.616466586844917,-0.6845925737260501
SWE,1985-10-01,14.8603010134131,53.4280611129529,27.8168723995428,SE,44.05986903648269,1985,-2.8006603991340917,3.854354926727588,6.655015325861857,-0.997165184049635
SWE,1986-10-01,16.2541304575634,53.7163475543499,30.2626790330129,SE,44.14802065404474,1986,0.5381281966467366,8.965376277373993,8.427248080727212,0.0881516175620547
SWE,1987-10-01,18.6177303428191,56.8826443161783,32.7338482033573,SE,42.9140127388535,1987,5.727289488044773,13.576731242710105,7.849441754665287,-1.234007915191242
SWE,1988-10-01,22.2057261135139,62.9341563182746,35.2881320654053,SE,42.97159504734158,1988,10.109876825033925,17.62358177524157,7.513704950207689,0.05758230848807955
SWE,1989-10-01,25.7817957138508,67.6385349174569,38.1214206254528,SE,39.03420523138833,1989,7.20888217446678,14.931846173324015,7.7229639988570575,-3.937389815953253
SWE,1990-10-01,27.9543733932286,63.8550523202149,43.7829079061191,SE,35.70057581573896,1990,-5.756215648607288,8.09050089966501,13.846716548272475,-3.3336294156493693
SWE,1991-10-01,29.5668801845289,53.0163563839535,55.7757899805533,SE,35.350101971448,1991,-18.601523034808174,5.608116280476061,24.209639315284193,-0.35047384429095985
SWE,1992-10-01,25.0149952167028,42.0194472353184,59.5388161357239,SE,33.48504551365409,1992,-23.246793642885557,-16.71793684720506,6.5288567956804044,-1.865056457793905
SWE,1993-10-01,24.0495016213862,37.4408015986885,64.2408159289587,SE,33.03049967553537,1993,-11.537147892909516,-3.93611799894229,7.601029893967226,-0.45454583811872595
SWE,1994-10-01,25.0242789139565,37.7813349052147,66.2421438042681,SE,32.84823284823285,1994,0.9054133495389749,3.9732236425452427,3.0678102930064455,-0.18226682730252008
SWE,1995-10-01,24.7790089603702,36.4371899741165,68.0125661831042,SE,33.130699088145896,1995,-3.6225239451502134,-0.9849628286028977,2.6375611165471824,0.28246623991304887
SWE,1996-10-01,25.6196010077346,36.418193391652,70.3564745927631,SE,33.563748079877115,1996,-0.05214874184282792,3.3360841005732667,3.3882328424160946,0.43304899173121925
SWE,1997-10-01,27.5557963805062,38.1001516971706,72.3329816887053,SE,32.33137829912023,1997,4.514979545072695,7.285518552699122,2.77053900762656,-1.2323697807568834
SWE,1998-10-01,30.5856267121543,42.1013543702315,72.6559896220951,SE,31.586402266288953,1998,9.98616468074065,10.431727491275966,0.44556281053509394,-0.7449760328312784
SWE,1999-10-01,33.1932840410083,45.7279772199814,72.5969436631067,SE,31.40326975476839,1999,8.263039309870512,8.181738421956819,-0.08130088791364898,-0.18313251152056154
SWE,2000-10-01,37.1516901902383,50.7652549209527,73.1917465717398,SE,30.859375,2000,10.450185874544937,11.26616989632927,0.8159840217843772,-0.5438947547683917
SWE,2001-10-01,38.8958392062711,52.3115927752366,74.3627271113702,SE,30.745341614906835,2001,3.0005843361130324,4.58780171239197,1.587217376279071,-0.11403338509316541
SWE,2002-10-01,42.4215829070399,55.6858822174102,76.1889293882716,SE,31.818181818181817,2002,6.250864802830591,8.67699799268249,2.4261331898519423,1.072840203274982
SWE,2003-10-01,44.9986180008926,57.5269169197951,78.2308740360621,SE,33.94553514882837,2003,3.2526304894660463,5.897451465536685,2.6448209760704167,2.127353330646553
SWE,2004-10-01,49.5321444327052,61.4698019693892,80.5889360830969,SE,35.74120603015076,2004,6.629307071887336,9.599006308852331,2.9696992369650843,1.795670881322387
SWE,2005-10-01,54.9184905959841,66.6121412787564,82.4546786840069,SE,36.25521765056649,2005,8.03408330819817,10.322825554046489,2.28874224584823,0.5140116204157366
SWE,2006-10-01,60.4535685157909,72.7808872474728,83.0720068084284,SE,36.72875436554133,2006,8.85665205098407,9.602551100130086,0.7458990491460149,0.4735367149748342
SWE,2007-10-01,67.0384137099702,79.2373426387548,84.6143324928026,SE,34.104046242774565,2007,8.499430274010145,10.339018621202367,1.8395883471923113,-2.624708122766762
SWE,2008-10-01,64.5096286714561,74.2818595791089,86.854411179637,SE,31.42726440988106,2008,-6.458091477163208,-3.8451299661441674,2.6129615110191295,-2.6767818328935036
SWE,2009-10-01,71.9038168032356,80.2759352680798,89.5811587607146,SE,32.54817987152035,2009,7.760311981648904,10.851485381478554,3.091173399829472,1.1209154616392851
SWE,2010-10-01,76.1076579117565,83.691381379199,90.9489578374392,SE,34.5667870036101,2010,4.166611110460128,5.681954119115851,1.5153430086559005,2.0186071320897554
SWE,2011-10-01,75.0575813103254,80.6260532408057,93.1041994345763,SE,34.26666666666666,2011,-3.731416333121196,-1.3893319623502265,2.3420843707708805,-0.30012033694344353
SWE,2012-10-01,77.9160408891277,81.6013799436808,95.4947463454054,SE,34.88168273444347,2012,1.2024334419125537,3.7376278328189017,2.535194390906348,0.6150160677768142
SWE,2013-10-01,83.2063403133993,85.3511584980735,97.4983141078828,SE,35.114174924601464,2013,4.492784974496544,6.5691702514601324,2.076385276963677,0.23249219015799127
SWE,2014-10-01,91.8476917279433,92.6600392171385,99.1347401008478,SE,35.299145299145295,2014,8.216328057883704,9.880812984386278,1.664484926502574,0.18497037454383047
SWE,2015-10-01,104.773194741366,104.264092438305,100.499875800351,SE,34.930643127364434,2015,11.798972758194193,13.166628334478325,1.3676555762833331,-0.368502171780861
SWE,2016-10-01,111.520816101823,110.094776053117,101.306971411339,SE,36.40960809102402,2016,5.441456450333426,6.241330116945676,0.7998736666127826,1.4789649636595854
SWE,2017-10-01,114.574037660077,112.147424096436,102.175558700269,SE,36.17719442165709,2017,1.8472697014027872,2.700996617444318,0.8537269160420635,-0.23241366936692742
SWE,2018-10-01,115.430095985905,111.701922289471,103.349532281648,SE,36.65979381443299,2018,-0.3980377002178237,0.7443886031143876,1.142426303332389,0.4825993927758958
SWE,2019-10-01,119.308793975371,113.240742675725,105.370696913037,SE,35.51737914502597,2019,1.3682103321830397,3.3049922331248816,1.9367819009408649,-1.1424146694070174
SWE,2020-10-01,125.754879680857,117.097026949571,107.4061335919,SE,35.58745749905554,2020,3.348686264957923,5.261957333761913,1.913271068804434,0.07007835402956886
SWE,2021-10-01,139.637193992377,128.136279113932,108.988107199055,SE,34.150805270863835,2021,9.009149683288342,10.471297460544804,1.462147777256373,-1.4366522281917042
SWE,2022-10-01,134.607360404408,121.347853505433,110.939656059616,SE,32.692307692307686,2022,-5.443313457019894,-3.668548819658568,1.774764637360704,-1.4584975785561483
SWE,2023-10-01,130.792730268781,113.315924532432,115.436397478299,SE,35.717273107486406,2023,-6.8481533480064805,-2.874824076129734,3.9733292718768354,3.0249654151787198
SWE,2024-10-01,133.557813819978,110.239926353507,121.165922413526,SE,33.373688458434216,2024,-2.7520570867418215,2.092058792413809,4.844115879156341,-2.3435846490521897
SWE,2025-10-01,135.121386784073,106.485189133674,126.906829110957,SE,35.867190913062466,2025,-3.4653232898042674,1.163908938069902,4.629232227873814,2.493502454628249
USA,1971-10-01,12.7116221898589,98.0776082841164,12.9613246854954,US,47.45945945945946,1971,5.777732443047867,8.832776862890324,3.055044419842279,-0.13353835235673017
USA,1972-10-01,13.6620200410828,101.287284984964,13.4889538319846,US,47.201689545934535,1972,3.220179843265658,7.210301518484119,3.990121675218683,-0.25776991352492473
USA,1973-10-01,15.3010705495023,106.298081279612,14.3950995400856,US,46.36929460580913,1973,4.8286350168785575,11.330307327609646,6.5016723107311325,-0.832394940125404
USA,1974-10-01,16.5000351559034,103.345832468084,15.9665167807164,US,45.33468559837729,1974,-2.816627426966889,7.5439715058806645,10.360598932847731,-1.0346090074318397
USA,1975-10-01,17.3541679454856,100.936791786905,17.1938280562457,US,46.29822732012512,1975,-2.358646382492502,5.047019338331804,7.4056657208238175,0.9635417217478306
USA,1976-10-01,18.655869991613,103.534873021955,18.0196823724896,US,47.14587737843552,1976,2.5413996325237775,7.232813647826308,4.691414015302042,0.8476500583103999
USA,1977-10-01,21.1193629412512,108.440237842665,19.4763976247532,US,47.835051546391746,1977,4.629072457429029,12.402945318995151,7.773872861566922,0.6891741679562244
USA,1978-10-01,23.8955087131388,109.88167760327,21.7474969944241,US,48.73096446700508,1978,1.3204910765654887,12.350022670933702,11.029531594367592,0.895912920613334
USA,1979-10-01,26.7408039945505,105.781617665307,25.2803182361344,US,49.05660377358491,1979,-3.802737045090243,11.250011700693197,15.052748745784017,0.32563930657983065
USA,1980-10-01,28.55270958756,98.0464696939059,29.1228348464361,US,49.0138067061144,1980,-7.593521142143622,6.556120001043864,14.14964114318722,-0.042797067470509376
USA,1981-10-01,29.8284598411976,92.1881451901148,32.3574309183916,US,47.88732394366197,1981,-6.161000165048147,4.371112764683627,10.532112929731818,-1.126482762452433
USA,1982-10-01,30.4865956033557,90.7789575501833,33.5847421939208,US,46.86274509803921,1982,-1.540403147389835,2.1824132605306357,3.7228164079205595,-1.0245788456227558
USA,1983-10-01,31.7603490414774,90.5619644560171,35.0717722433432,US,46.80851063829787,1983,-0.23932071739078964,4.093152769403652,4.332473486794308,-0.054234459741344665
USA,1984-10-01,33.4907003985678,90.7200379762939,36.9180953316199,US,45.966228893058165,1984,0.1743952055021758,5.304917396074771,5.130522190572773,-0.8422817452397027
USA,1985-10-01,35.7375492721061,91.2663506698735,39.159069352086,US,47.48010610079576,1985,0.600390324478628,6.493413612003618,5.89302328752499,1.5138772077375933
USA,1986-10-01,38.6704223513194,94.0801634723925,41.1054239891666,US,47.403685092127304,1986,3.0365059903931346,7.887309112668506,4.850803122275371,-0.07642100866845425
USA,1987-10-01,41.3108824175975,95.9013208835684,43.0782609813652,US,47.35126324368379,1987,1.917253360781146,6.605093455496647,4.687840094715412,-0.05242184844351527
USA,1988-10-01,43.8726292923396,97.3567399993243,45.065679068658,US,47.397918334667736,1988,1.5062208788912734,6.016468505122141,4.5102476262307345,0.046655090983946934
USA,1989-10-01,46.5061360719127,98.4344058351762,47.247802468646,US,47.92332268370607,1989,1.1008431605682212,5.829361532015254,4.7285183714470325,0.5254043490383324
USA,1990-10-01,46.5745100387605,93.4025035849872,49.8664047400897,US,48.88,1990,-5.247224588642041,0.14691341756360998,5.394138006205607,0.9566773162939342
USA,1991-10-01,47.4151583046911,91.524678272025,51.8080533263725,US,50.85296506904956,1991,-2.0309506046174874,1.7888576436038583,3.8198082482214346,1.9729650690495575
USA,1992-10-01,48.6914495524769,91.1156356364652,53.4414305029715,US,52.18120805369127,1992,-0.4479222694115492,2.6561467767555857,3.104069046167224,1.3282429846417116
USA,1993-10-01,50.0428167560149,90.978429679754,55.0074598540412,US,52.817493692178296,1993,-0.15069791806672228,2.7375533300173505,2.888251248083984,0.6362856384870241
USA,1994-10-01,51.4598754208359,90.6230376354553,56.7869306050699,US,53.22715842414082,1994,-0.3913982670382232,2.7923411854756885,3.1837394525139118,0.40966473196252196
USA,1995-10-01,52.867549591188,90.0832557689691,58.689902430573,US,53.37726523887974,1995,-0.5974152440842317,2.698733540395848,3.296148784480124,0.15010681473891907
USA,1996-10-01,54.3221462338851,89.8538433499048,60.4586634940152,US,53.83986928104575,1996,-0.2549919327283767,2.714227204156261,2.969219136884682,0.4626040421660136
USA,1997-10-01,56.1052001829976,89.9163655254802,62.3997216321223,US,53.145161290322584,1997,0.06955788557778675,3.2296509713849897,3.1600930858072473,-0.6947079907231668
USA,1998-10-01,59.3006205496968,91.8468956963332,64.567360943298,US,52.08655332302937,1998,2.124304720383474,5.539126741382194,3.4148220209986313,-1.058607967293213
USA,1999-10-01,62.9183431675015,95.0470189910237,66.1998579483113,US,51.79104477611941,1999,3.4248692353219035,5.921797494624137,2.4969282593021447,-0.2955085469099572
USA,2000-10-01,67.2774408483583,98.1714303568258,68.5334546697296,US,51.71909290416971,2000,3.234353389389266,6.698723213317503,3.4643698239282372,-0.07195187194970032
USA,2001-10-01,71.7960749351883,100.75974928517,71.2577170138919,US,52.75813295615276,2001,2.6023723442362368,6.500483030899584,3.898110686663081,1.0390400519830436
USA,2002-10-01,77.2531584689197,104.956044222627,73.6083479685401,US,54.46428571428571,2002,4.080267281421701,7.325799335201744,3.2455320537801313,1.7061527581329514
USA,2003-10-01,83.2733116707919,110.643238337208,75.2660696685429,US,56.99933020763562,2003,5.276932000634105,7.504030846073384,2.227098845439901,2.5350444933499148
USA,2004-10-01,91.7240489401386,118.616533516927,77.3314706748717,US,58.12133072407044,2004,6.958492649102155,9.66564918554802,2.7071565364456873,1.1220005164348166
USA,2005-10-01,101.132004645325,127.570304378917,79.2788431711339,US,58.74125874125874,2005,7.277173696782846,9.764203858977094,2.4870301621944257,0.6199280171883004
USA,2006-10-01,103.956737480498,125.89389246804,82.5783612203866,US,58.938377059182436,2006,-1.322819062607028,2.7548186653775453,4.077637727984307,0.19711831792369594
USA,2007-10-01,101.066313184042,118.633091144681,85.1959317083273,US,57.67878077373973,2007,-5.94039665400663,-2.819795925623314,3.1206007283829607,-1.2595962854427043
USA,2008-10-01,90.7902917404718,104.429968598915,86.9425841513838,US,56.18043350908026,2008,-12.751877255575028,-10.72245068414297,2.02942657143268,-1.498347264659472
USA,2009-10-01,88.5192440789705,101.495711580203,87.2184338575817,US,57.15130023640662,2009,-2.8500142653224536,-2.533238513751801,0.3167757515700309,0.97086672732636
USA,2010-10-01,84.9765974169179,97.0345534089313,87.5772302819998,US,57.04488778054863,2010,-4.494941136543584,-4.084408152095165,0.410532984448686,-0.10641245585799197
USA,2011-10-01,82.7524722277617,92.3322989498102,89.6283926916501,US,56.225930680359426,2011,-4.967312103563959,-2.652200439962993,2.315111663600966,-0.818957100189202
USA,2012-10-01,86.7268056353889,94.2591288188958,92.0127920424048,US,54.7244094488189,2012,2.0653664385809734,4.690912320485108,2.6255458819041344,-1.5015212315405222
USA,2013-10-01,92.6061914202259,97.9245715073054,94.5728819828724,US,53.866490416391265,2013,3.8149824686468214,6.559298852651274,2.7443163840044527,-0.8579190324276382
USA,2014-10-01,96.7635224699989,98.963646976946,97.7809513310456,US,52.36194278110445,2014,1.0555076627143833,4.391408786869544,3.3359011241551606,-1.5045476352868121
USA,2015-10-01,101.98130139477,100.592765878512,101.384620602952,US,51.09634551495017,2015,1.6327764877402728,5.251938754490393,3.6191622667502976,-1.2655972661542805
USA,2016-10-01,107.931070888125,102.486012691404,105.317409799927,US,50.59132720105125,2016,1.864598239579518,5.67033140297335,3.80573316339321,-0.5050183138989226
USA,2017-10-01,114.570600724952,104.914021326794,109.208875835558,US,49.80519480519481,2017,2.341484249504955,5.969844234262389,3.628359984758145,-0.7861323958564412
USA,2018-10-01,120.834750783019,106.839416169522,113.104171989079,US,48.955613577023506,2018,1.8185753481450462,5.3232682983496815,3.5046929502050794,-0.8495812281713029
USA,2019-10-01,127.43674264197,108.655127128384,117.290467682244,US,48.82352941176471,2019,1.685197129377336,5.319618916490576,3.6344217871125295,-0.13208416525879585
USA,2020-10-01,141.616713784649,117.843415515417,120.178691497466,US,47.34917733089579,2020,8.117786109131853,10.55041041555258,2.432624306420994,-1.4743520808689183
USA,2021-10-01,166.279165249217,134.310476208913,123.807292658125,US,48.148148148148145,2021,13.079735042900698,16.054388472404924,2.974653429504226,0.7989708172523535
USA,2022-10-01,179.079615704951,134.024100458368,133.623096888062,US,48.565840938722296,2022,-0.21344685640452,7.416239320944129,7.629686177348116,0.41769279057415076
USA,2023-10-01,190.181472661795,133.212736600082,142.77124149267,US,48.81033310673011,2023,-0.6072264290303053,6.014824816708053,6.622051245738714,0.2444921680078167
USA,2024-10-01,198.93251375415,133.446618504259,149.07900218488,US,48.59747545582048,2024,0.1754162827390715,4.4986904747498,4.323274192010551,-0.21285765090963338
