DATAFLOW,REF_AREA,FREQ,METHODOLOGY,MEASURE,UNIT_MEASURE,EXPENDITURE,ADJUSTMENT,TRANSFORMATION,TIME_PERIOD,OBS_VALUE,OBS_STATUS,UNIT_MULT,BASE_PER,DURABILITY,DECIMALS
OECD.SDD.TPS:DSD_PRICES@DF_PRICES_ALL(1.0),IND,A,N,CPI,PA,_T,N,GY,2015,5.872427,A,,,,2
OECD.SDD.TPS:DSD_PRICES@DF_PRICES_ALL(1.0),IND,A,N,CPI,PA,_T,N,GY,2016,4.941027,A,,,,2
OECD.SDD.TPS:DSD_PRICES@DF_PRICES_ALL(1.0),IND,A,N,CPI,PA,_T,N,GY,2017,2.490887,A,,,,2
OECD.SDD.TPS:DSD_PRICES@DF_PRICES_ALL(1.0),IND,A,N,CPI,PA,_T,N,GY,2018,4.8607,A,,,,2
OECD.SDD.TPS:DSD_PRICES@DF_PRICES_ALL(1.0),IND,A,N,CPI,PA,_T,N,GY,2019,7.659695,A,,,,2
OECD.SDD.TPS:DSD_PRICES@DF_PRICES_ALL(1.0),IND,A,N,CPI,PA,_T,N,GY,2020,5.561349,A,,,,2
OECD.SDD.TPS:DSD_PRICES@DF_PRICES_ALL(1.0),IND,A,N,CPI,PA,_T,N,GY,2021,4.890086,A,,,,2
OECD.SDD.TPS:DSD_PRICES@DF_PRICES_ALL(1.0),IND,A,N,CPI,PA,_T,N,GY,2022,5.90043,A,,,,2
OECD.SDD.TPS:DSD_PRICES@DF_PRICES_ALL(1.0),IND,A,N,CPI,PA,_T,N,GY,2023,5.552331,A,,,,2
OECD.SDD.TPS:DSD_PRICES@DF_PRICES_ALL(1.0),IND,A,N,CPI,PA,_T,N,GY,2024,3.800098,A,,,,2
OECD.SDD.TPS:DSD_PRICES@DF_PRICES_ALL(1.0),IND,A,N,CPI,PA,_T,N,GY,2025,2.795762,A,,,,2
OECD.SDD.TPS:DSD_PRICES@DF_PRICES_ALL(1.0),ZAF,A,N,CPI,PA,_T,N,GY,2015,4.518691,A,,,,2
OECD.SDD.TPS:DSD_PRICES@DF_PRICES_ALL(1.0),ZAF,A,N,CPI,PA,_T,N,GY,2016,6.602909,A,,,,2
OECD.SDD.TPS:DSD_PRICES@DF_PRICES_ALL(1.0),ZAF,A,N,CPI,PA,_T,N,GY,2017,5.186187,A,,,,2
OECD.SDD.TPS:DSD_PRICES@DF_PRICES_ALL(1.0),ZAF,A,N,CPI,PA,_T,N,GY,2018,4.509872,A,,,,2
OECD.SDD.TPS:DSD_PRICES@DF_PRICES_ALL(1.0),ZAF,A,N,CPI,PA,_T,N,GY,2019,4.102851,A,,,,2
OECD.SDD.TPS:DSD_PRICES@DF_PRICES_ALL(1.0),ZAF,A,N,CPI,PA,_T,N,GY,2020,3.232388,A,,,,2
OECD.SDD.TPS:DSD_PRICES@DF_PRICES_ALL(1.0),ZAF,A,N,CPI,PA,_T,N,GY,2021,4.618745,A,,,,2
OECD.SDD.TPS:DSD_PRICES@DF_PRICES_ALL(1.0),ZAF,A,N,CPI,PA,_T,N,GY,2022,7.039873,A,,,,2
OECD.SDD.TPS:DSD_PRICES@DF_PRICES_ALL(1.0),ZAF,A,N,CPI,PA,_T,N,GY,2023,6.075244,A,,,,2
OECD.SDD.TPS:DSD_PRICES@DF_PRICES_ALL(1.0),ZAF,A,N,CPI,PA,_T,N,GY,2024,4.361153,A,,,,2
OECD.SDD.TPS:DSD_PRICES@DF_PRICES_ALL(1.0),NLD,A,N,CPI,PA,_T,N,GY,2015,0.6002482,A,,,,2
OECD.SDD.TPS:DSD_PRICES@DF_PRICES_ALL(1.0),NLD,A,N,CPI,PA,_T,N,GY,2016,0.3166667,A,,,,2
OECD.SDD.TPS:DSD_PRICES@DF_PRICES_ALL(1.0),NLD,A,N,CPI,PA,_T,N,GY,2017,1.381459,A,,,,2
OECD.SDD.TPS:DSD_PRICES@DF_PRICES_ALL(1.0),NLD,A,N,CPI,PA,_T,N,GY,2018,1.703498,A,,,,2
OECD.SDD.TPS:DSD_PRICES@DF_PRICES_ALL(1.0),NLD,A,N,CPI,PA,_T,N,GY,2019,2.633699,A,,,,2
OECD.SDD.TPS:DSD_PRICES@DF_PRICES_ALL(1.0),NLD,A,N,CPI,PA,_T,N,GY,2020,1.27246,A,,,,2
OECD.SDD.TPS:DSD_PRICES@DF_PRICES_ALL(1.0),NLD,A,N,CPI,PA,_T,N,GY,2021,2.67572,A,,,,2
OECD.SDD.TPS:DSD_PRICES@DF_PRICES_ALL(1.0),NLD,A,N,CPI,PA,_T,N,GY,2022,10.00121,A,,,,2
OECD.SDD.TPS:DSD_PRICES@DF_PRICES_ALL(1.0),NLD,A,N,CPI,PA,_T,N,GY,2023,3.838393,A,,,,2
OECD.SDD.TPS:DSD_PRICES@DF_PRICES_ALL(1.0),NLD,A,N,CPI,PA,_T,N,GY,2024,3.347543,A,,,,2
OECD.SDD.TPS:DSD_PRICES@DF_PRICES_ALL(1.0),NLD,A,N,CPI,PA,_T,N,GY,2025,3.259577,A,,,,2
OECD.SDD.TPS:DSD_PRICES@DF_PRICES_ALL(1.0),ITA,A,N,CPI,PA,_T,N,GY,2015,0.03878675,A,,,,2
OECD.SDD.TPS:DSD_PRICES@DF_PRICES_ALL(1.0),ITA,A,N,CPI,PA,_T,N,GY,2016,-0.09406886,A,,,,2
OECD.SDD.TPS:DSD_PRICES@DF_PRICES_ALL(1.0),ITA,A,N,CPI,PA,_T,N,GY,2017,1.226533,A,,,,2
OECD.SDD.TPS:DSD_PRICES@DF_PRICES_ALL(1.0),LUX,A,N,CPI,PA,_T,N,GY,2015,0.4747432,A,,,,2
OECD.SDD.TPS:DSD_PRICES@DF_PRICES_ALL(1.0),LUX,A,N,CPI,PA,_T,N,GY,2016,0.2908333,A,,,,2
OECD.SDD.TPS:DSD_PRICES@DF_PRICES_ALL(1.0),LUX,A,N,CPI,PA,_T,N,GY,2017,1.7308,A,,,,2
OECD.SDD.TPS:DSD_PRICES@DF_PRICES_ALL(1.0),LUX,A,N,CPI,PA,_T,N,GY,2018,1.528195,A,,,,2
OECD.SDD.TPS:DSD_PRICES@DF_PRICES_ALL(1.0),LUX,A,N,CPI,PA,_T,N,GY,2019,1.743321,A,,,,2
OECD.SDD.TPS:DSD_PRICES@DF_PRICES_ALL(1.0),LUX,A,N,CPI,PA,_T,N,GY,2020,0.8199573,A,,,,2
OECD.SDD.TPS:DSD_PRICES@DF_PRICES_ALL(1.0),LUX,A,N,CPI,PA,_T,N,GY,2021,2.52692,A,,,,2
OECD.SDD.TPS:DSD_PRICES@DF_PRICES_ALL(1.0),LUX,A,N,CPI,PA,_T,N,GY,2022,6.336008,A,,,,2
OECD.SDD.TPS:DSD_PRICES@DF_PRICES_ALL(1.0),LUX,A,N,CPI,PA,_T,N,GY,2023,3.741404,A,,,,2
OECD.SDD.TPS:DSD_PRICES@DF_PRICES_ALL(1.0),LUX,A,N,CPI,PA,_T,N,GY,2024,2.051133,A,,,,2
OECD.SDD.TPS:DSD_PRICES@DF_PRICES_ALL(1.0),LUX,A,N,CPI,PA,_T,N,GY,2025,2.257238,A,,,,2
OECD.SDD.TPS:DSD_PRICES@DF_PRICES_ALL(1.0),MEX,A,N,CPI,PA,_T,N,GY,2015,2.720641,A,,,,2
OECD.SDD.TPS:DSD_PRICES@DF_PRICES_ALL(1.0),MEX,A,N,CPI,PA,_T,N,GY,2016,2.821708,A,,,,2
OECD.SDD.TPS:DSD_PRICES@DF_PRICES_ALL(1.0),MEX,A,N,CPI,PA,_T,N,GY,2017,6.041456,A,,,,2
OECD.SDD.TPS:DSD_PRICES@DF_PRICES_ALL(1.0),MEX,A,N,CPI,PA,_T,N,GY,2018,4.899351,A,,,,2
OECD.SDD.TPS:DSD_PRICES@DF_PRICES_ALL(1.0),MEX,A,N,CPI,PA,_T,N,GY,2019,3.635961,A,,,,2
OECD.SDD.TPS:DSD_PRICES@DF_PRICES_ALL(1.0),MEX,A,N,CPI,PA,_T,N,GY,2020,3.396834,A,,,,2
OECD.SDD.TPS:DSD_PRICES@DF_PRICES_ALL(1.0),MEX,A,N,CPI,PA,_T,N,GY,2021,5.689209,A,,,,2
OECD.SDD.TPS:DSD_PRICES@DF_PRICES_ALL(1.0),MEX,A,N,CPI,PA,_T,N,GY,2022,7.896276,A,,,,2
OECD.SDD.TPS:DSD_PRICES@DF_PRICES_ALL(1.0),MEX,A,N,CPI,PA,_T,N,GY,2023,5.527961,A,,,,2
OECD.SDD.TPS:DSD_PRICES@DF_PRICES_ALL(1.0),POL,A,N,CPI,PA,_T,N,GY,2015,-0.9333333,A,,,,2
OECD.SDD.TPS:DSD_PRICES@DF_PRICES_ALL(1.0),POL,A,N,CPI,PA,_T,N,GY,2016,-0.5833333,A,,,,2
OECD.SDD.TPS:DSD_PRICES@DF_PRICES_ALL(1.0),POL,A,N,CPI,PA,_T,N,GY,2017,1.975,A,,,,2
OECD.SDD.TPS:DSD_PRICES@DF_PRICES_ALL(1.0),POL,A,N,CPI,PA,_T,N,GY,2018,1.666667,A,,,,2
OECD.SDD.TPS:DSD_PRICES@DF_PRICES_ALL(1.0),POL,A,N,CPI,PA,_T,N,GY,2019,2.308333,A,,,,2
OECD.SDD.TPS:DSD_PRICES@DF_PRICES_ALL(1.0),POL,A,N,CPI,PA,_T,N,GY,2020,3.4,A,,,,2
OECD.SDD.TPS:DSD_PRICES@DF_PRICES_ALL(1.0),POL,A,N,CPI,PA,_T,N,GY,2021,5.1,A,,,,2
OECD.SDD.TPS:DSD_PRICES@DF_PRICES_ALL(1.0),POL,A,N,CPI,PA,_T,N,GY,2022,14.3,A,,,,2
OECD.SDD.TPS:DSD_PRICES@DF_PRICES_ALL(1.0),POL,A,N,CPI,PA,_T,N,GY,2023,11.56667,A,,,,2
OECD.SDD.TPS:DSD_PRICES@DF_PRICES_ALL(1.0),POL,A,N,CPI,PA,_T,N,GY,2024,3.65,A,,,,2
OECD.SDD.TPS:DSD_PRICES@DF_PRICES_ALL(1.0),POL,A,N,CPI,PA,_T,N,GY,2025,3.641667,A,,,,2
OECD.SDD.TPS:DSD_PRICES@DF_PRICES_ALL(1.0),SWE,A,N,CPI,PA,_T,N,GY,2015,-0.04678474,A,,,,2
OECD.SDD.TPS:DSD_PRICES@DF_PRICES_ALL(1.0),SWE,A,N,CPI,PA,_T,N,GY,2016,0.9842693,A,,,,2
OECD.SDD.TPS:DSD_PRICES@DF_PRICES_ALL(1.0),SWE,A,N,CPI,PA,_T,N,GY,2017,1.794499,A,,,,2
OECD.SDD.TPS:DSD_PRICES@DF_PRICES_ALL(1.0),SWE,A,N,CPI,PA,_T,N,GY,2018,1.953535,A,,,,2
OECD.SDD.TPS:DSD_PRICES@DF_PRICES_ALL(1.0),SWE,A,N,CPI,PA,_T,N,GY,2019,1.784151,A,,,,2
OECD.SDD.TPS:DSD_PRICES@DF_PRICES_ALL(1.0),SWE,A,N,CPI,PA,_T,N,GY,2020,0.4973673,A,,,,2
OECD.SDD.TPS:DSD_PRICES@DF_PRICES_ALL(1.0),SWE,A,N,CPI,PA,_T,N,GY,2021,2.163197,A,,,,2
OECD.SDD.TPS:DSD_PRICES@DF_PRICES_ALL(1.0),SWE,A,N,CPI,PA,_T,N,GY,2022,8.369291,A,,,,2
OECD.SDD.TPS:DSD_PRICES@DF_PRICES_ALL(1.0),SWE,A,N,CPI,PA,_T,N,GY,2023,8.548625,A,,,,2
OECD.SDD.TPS:DSD_PRICES@DF_PRICES_ALL(1.0),SWE,A,N,CPI,PA,_T,N,GY,2024,2.835817,A,,,,2
OECD.SDD.TPS:DSD_PRICES@DF_PRICES_ALL(1.0),SWE,A,N,CPI,PA,_T,N,GY,2025,0.6798693,A,,,,2
OECD.SDD.TPS:DSD_PRICES@DF_PRICES_ALL(1.0),TUR,A,N,CPI,PA,_T,N,GY,2015,7.670854,A,,,,2
OECD.SDD.TPS:DSD_PRICES@DF_PRICES_ALL(1.0),TUR,A,N,CPI,PA,_T,N,GY,2016,7.775134,A,,,,2
OECD.SDD.TPS:DSD_PRICES@DF_PRICES_ALL(1.0),TUR,A,N,CPI,PA,_T,N,GY,2017,11.14431,A,,,,2
OECD.SDD.TPS:DSD_PRICES@DF_PRICES_ALL(1.0),TUR,A,N,CPI,PA,_T,N,GY,2018,16.33246,A,,,,2
OECD.SDD.TPS:DSD_PRICES@DF_PRICES_ALL(1.0),HRV,A,N,CPI,PA,_T,N,GY,2015,-0.4583333,A,,,,2
OECD.SDD.TPS:DSD_PRICES@DF_PRICES_ALL(1.0),HRV,A,N,CPI,PA,_T,N,GY,2016,-1.116667,A,,,,2
OECD.SDD.TPS:DSD_PRICES@DF_PRICES_ALL(1.0),HRV,A,N,CPI,PA,_T,N,GY,2017,1.15,A,,,,2
OECD.SDD.TPS:DSD_PRICES@DF_PRICES_ALL(1.0),HRV,A,N,CPI,PA,_T,N,GY,2018,1.491667,A,,,,2
OECD.SDD.TPS:DSD_PRICES@DF_PRICES_ALL(1.0),HRV,A,N,CPI,PA,_T,N,GY,2019,0.7666667,A,,,,2
OECD.SDD.TPS:DSD_PRICES@DF_PRICES_ALL(1.0),HRV,A,N,CPI,PA,_T,N,GY,2022,10.73333,A,,,,2
OECD.SDD.TPS:DSD_PRICES@DF_PRICES_ALL(1.0),HRV,A,N,CPI,PA,_T,N,GY,2023,8.05,A,,,,2
OECD.SDD.TPS:DSD_PRICES@DF_PRICES_ALL(1.0),HRV,A,N,CPI,PA,_T,N,GY,2024,2.975,A,,,,2
OECD.SDD.TPS:DSD_PRICES@DF_PRICES_ALL(1.0),HRV,A,N,CPI,PA,_T,N,GY,2025,3.7,A,,,,2
OECD.SDD.TPS:DSD_PRICES@DF_PRICES_ALL(1.0),IDN,A,N,CPI,PA,_T,N,GY,2015,6.363121,A,,,,2
OECD.SDD.TPS:DSD_PRICES@DF_PRICES_ALL(1.0),IDN,A,N,CPI,PA,_T,N,GY,2016,3.525805,A,,,,2
OECD.SDD.TPS:DSD_PRICES@DF_PRICES_ALL(1.0),IDN,A,N,CPI,PA,_T,N,GY,2017,3.808798,A,,,,2
OECD.SDD.TPS:DSD_PRICES@DF_PRICES_ALL(1.0),IDN,A,N,CPI,PA,_T,N,GY,2018,3.198346,A,,,,2
OECD.SDD.TPS:DSD_PRICES@DF_PRICES_ALL(1.0),IDN,A,N,CPI,PA,_T,N,GY,2019,3.030587,A,,,,2
OECD.SDD.TPS:DSD_PRICES@DF_PRICES_ALL(1.0),IDN,A,N,CPI,PA,_T,N,GY,2020,1.919834,A,,,,2
OECD.SDD.TPS:DSD_PRICES@DF_PRICES_ALL(1.0),IDN,A,N,CPI,PA,_T,N,GY,2021,1.56008,A,,,,2
OECD.SDD.TPS:DSD_PRICES@DF_PRICES_ALL(1.0),IDN,A,N,CPI,PA,_T,N,GY,2022,4.209456,A,,,,2
OECD.SDD.TPS:DSD_PRICES@DF_PRICES_ALL(1.0),IDN,A,N,CPI,PA,_T,N,GY,2023,3.669401,A,,,,2
OECD.SDD.TPS:DSD_PRICES@DF_PRICES_ALL(1.0),RUS,A,N,CPI,PA,_T,N,GY,2015,15.5344,A,,,,2
OECD.SDD.TPS:DSD_PRICES@DF_PRICES_ALL(1.0),RUS,A,N,CPI,PA,_T,N,GY,2016,7.042436,A,,,,2
OECD.SDD.TPS:DSD_PRICES@DF_PRICES_ALL(1.0),RUS,A,N,CPI,PA,_T,N,GY,2017,3.683334,A,,,,2
OECD.SDD.TPS:DSD_PRICES@DF_PRICES_ALL(1.0),RUS,A,N,CPI,PA,_T,N,GY,2018,2.878305,A,,,,2
OECD.SDD.TPS:DSD_PRICES@DF_PRICES_ALL(1.0),RUS,A,N,CPI,PA,_T,N,GY,2019,4.470367,A,,,,2
OECD.SDD.TPS:DSD_PRICES@DF_PRICES_ALL(1.0),RUS,A,N,CPI,PA,_T,N,GY,2020,3.38166,A,,,,2
OECD.SDD.TPS:DSD_PRICES@DF_PRICES_ALL(1.0),RUS,A,N,CPI,PA,_T,N,GY,2021,6.694456,A,,,,2
OECD.SDD.TPS:DSD_PRICES@DF_PRICES_ALL(1.0),SAU,A,N,CPI,PA,_T,N,GY,2015,1.204692,A,,,,2
OECD.SDD.TPS:DSD_PRICES@DF_PRICES_ALL(1.0),SAU,A,N,CPI,PA,_T,N,GY,2016,2.06741,A,,,,2
OECD.SDD.TPS:DSD_PRICES@DF_PRICES_ALL(1.0),SAU,A,N,CPI,PA,_T,N,GY,2017,-0.8364107,A,,,,2
OECD.SDD.TPS:DSD_PRICES@DF_PRICES_ALL(1.0),SAU,A,N,CPI,PA,_T,N,GY,2018,2.45719,A,,,,2
OECD.SDD.TPS:DSD_PRICES@DF_PRICES_ALL(1.0),SAU,A,N,CPI,PA,_T,N,GY,2019,-2.093341,A,,,,2
OECD.SDD.TPS:DSD_PRICES@DF_PRICES_ALL(1.0),SAU,A,N,CPI,PA,_T,N,GY,2020,3.445467,A,,,,2
OECD.SDD.TPS:DSD_PRICES@DF_PRICES_ALL(1.0),SAU,A,N,CPI,PA,_T,N,GY,2021,3.06329,A,,,,2
OECD.SDD.TPS:DSD_PRICES@DF_PRICES_ALL(1.0),SAU,A,N,CPI,PA,_T,N,GY,2022,2.474074,A,,,,2
OECD.SDD.TPS:DSD_PRICES@DF_PRICES_ALL(1.0),SAU,A,N,CPI,PA,_T,N,GY,2023,2.327085,A,,,,2
OECD.SDD.TPS:DSD_PRICES@DF_PRICES_ALL(1.0),SAU,A,N,CPI,PA,_T,N,GY,2024,1.687921,A,,,,2
OECD.SDD.TPS:DSD_PRICES@DF_PRICES_ALL(1.0),CHE,A,N,CPI,PA,_T,N,GY,2015,-1.143909,A,,,,2
OECD.SDD.TPS:DSD_PRICES@DF_PRICES_ALL(1.0),CHE,A,N,CPI,PA,_T,N,GY,2016,-0.4346187,A,,,,2
OECD.SDD.TPS:DSD_PRICES@DF_PRICES_ALL(1.0),CHE,A,N,CPI,PA,_T,N,GY,2017,0.5337878,A,,,,2
OECD.SDD.TPS:DSD_PRICES@DF_PRICES_ALL(1.0),CHE,A,N,CPI,PA,_T,N,GY,2018,0.9363354,A,,,,2
OECD.SDD.TPS:DSD_PRICES@DF_PRICES_ALL(1.0),CHE,A,N,CPI,PA,_T,N,GY,2019,0.3628862,A,,,,2
OECD.SDD.TPS:DSD_PRICES@DF_PRICES_ALL(1.0),CHE,A,N,CPI,PA,_T,N,GY,2020,-0.725875,A,,,,2
OECD.SDD.TPS:DSD_PRICES@DF_PRICES_ALL(1.0),CHE,A,N,CPI,PA,_T,N,GY,2021,0.5818142,A,,,,2
OECD.SDD.TPS:DSD_PRICES@DF_PRICES_ALL(1.0),CHE,A,N,CPI,PA,_T,N,GY,2022,2.835028,A,,,,2
OECD.SDD.TPS:DSD_PRICES@DF_PRICES_ALL(1.0),CHE,A,N,CPI,PA,_T,N,GY,2023,2.135401,A,,,,2
OECD.SDD.TPS:DSD_PRICES@DF_PRICES_ALL(1.0),CHE,A,N,CPI,PA,_T,N,GY,2024,1.06234,A,,,,2
OECD.SDD.TPS:DSD_PRICES@DF_PRICES_ALL(1.0),CHE,A,N,CPI,PA,_T,N,GY,2025,0.154377,A,,,,2
OECD.SDD.TPS:DSD_PRICES@DF_PRICES_ALL(1.0),NOR,A,N,CPI,PA,_T,N,GY,2015,2.171137,A,,,,2
OECD.SDD.TPS:DSD_PRICES@DF_PRICES_ALL(1.0),NOR,A,N,CPI,PA,_T,N,GY,2016,3.55,A,,,,2
OECD.SDD.TPS:DSD_PRICES@DF_PRICES_ALL(1.0),NOR,A,N,CPI,PA,_T,N,GY,2017,1.875101,A,,,,2
OECD.SDD.TPS:DSD_PRICES@DF_PRICES_ALL(1.0),NOR,A,N,CPI,PA,_T,N,GY,2018,2.764831,A,,,,2
OECD.SDD.TPS:DSD_PRICES@DF_PRICES_ALL(1.0),NOR,A,N,CPI,PA,_T,N,GY,2019,2.16773,A,,,,2
OECD.SDD.TPS:DSD_PRICES@DF_PRICES_ALL(1.0),NOR,A,N,CPI,PA,_T,N,GY,2020,1.286585,A,,,,2
OECD.SDD.TPS:DSD_PRICES@DF_PRICES_ALL(1.0),NOR,A,N,CPI,PA,_T,N,GY,2021,3.483881,A,,,,2
OECD.SDD.TPS:DSD_PRICES@DF_PRICES_ALL(1.0),NOR,A,N,CPI,PA,_T,N,GY,2022,5.764123,A,,,,2
OECD.SDD.TPS:DSD_PRICES@DF_PRICES_ALL(1.0),NOR,A,N,CPI,PA,_T,N,GY,2023,5.51785,A,,,,2
OECD.SDD.TPS:DSD_PRICES@DF_PRICES_ALL(1.0),NOR,A,N,CPI,PA,_T,N,GY,2024,3.145301,A,,,,2
OECD.SDD.TPS:DSD_PRICES@DF_PRICES_ALL(1.0),NOR,A,N,CPI,PA,_T,N,GY,2025,3.055625,A,,,,2
OECD.SDD.TPS:DSD_PRICES@DF_PRICES_ALL(1.0),NZL,A,N,CPI,PA,_T,N,GY,2015,0.2927033,A,,,,2
OECD.SDD.TPS:DSD_PRICES@DF_PRICES_ALL(1.0),NZL,A,N,CPI,PA,_T,N,GY,2016,0.6462373,A,,,,2
OECD.SDD.TPS:DSD_PRICES@DF_PRICES_ALL(1.0),NZL,A,N,CPI,PA,_T,N,GY,2017,1.850787,A,,,,2
OECD.SDD.TPS:DSD_PRICES@DF_PRICES_ALL(1.0),NZL,A,N,CPI,PA,_T,N,GY,2018,1.598298,A,,,,2
OECD.SDD.TPS:DSD_PRICES@DF_PRICES_ALL(1.0),NZL,A,N,CPI,PA,_T,N,GY,2019,1.619632,A,,,,2
OECD.SDD.TPS:DSD_PRICES@DF_PRICES_ALL(1.0),NZL,A,N,CPI,PA,_T,N,GY,2020,1.714562,A,,,,2
OECD.SDD.TPS:DSD_PRICES@DF_PRICES_ALL(1.0),NZL,A,N,CPI,PA,_T,N,GY,2021,3.941121,A,,,,2
OECD.SDD.TPS:DSD_PRICES@DF_PRICES_ALL(1.0),NZL,A,N,CPI,PA,_T,N,GY,2022,7.172225,A,,,,2
OECD.SDD.TPS:DSD_PRICES@DF_PRICES_ALL(1.0),NZL,A,N,CPI,PA,_T,N,GY,2023,5.733163,A,,,,2
OECD.SDD.TPS:DSD_PRICES@DF_PRICES_ALL(1.0),NZL,A,N,CPI,PA,_T,N,GY,2024,2.922798,A,,,,2
OECD.SDD.TPS:DSD_PRICES@DF_PRICES_ALL(1.0),NZL,A,N,CPI,PA,_T,N,GY,2025,2.839796,A,,,,2
OECD.SDD.TPS:DSD_PRICES@DF_PRICES_ALL(1.0),NOR,A,N,CPI,PC,_T,N,G1,2015,2.171137,A,,,,2
OECD.SDD.TPS:DSD_PRICES@DF_PRICES_ALL(1.0),NOR,A,N,CPI,PC,_T,N,G1,2016,3.55,A,,,,2
OECD.SDD.TPS:DSD_PRICES@DF_PRICES_ALL(1.0),NOR,A,N,CPI,PC,_T,N,G1,2017,1.875101,A,,,,2
OECD.SDD.TPS:DSD_PRICES@DF_PRICES_ALL(1.0),NOR,A,N,CPI,PC,_T,N,G1,2018,2.764831,A,,,,2
OECD.SDD.TPS:DSD_PRICES@DF_PRICES_ALL(1.0),NOR,A,N,CPI,PC,_T,N,G1,2019,2.16773,A,,,,2
OECD.SDD.TPS:DSD_PRICES@DF_PRICES_ALL(1.0),NOR,A,N,CPI,PC,_T,N,G1,2020,1.286585,A,,,,2
OECD.SDD.TPS:DSD_PRICES@DF_PRICES_ALL(1.0),NOR,A,N,CPI,PC,_T,N,G1,2021,3.483881,A,,,,2
OECD.SDD.TPS:DSD_PRICES@DF_PRICES_ALL(1.0),NOR,A,N,CPI,PC,_T,N,G1,2022,5.764123,A,,,,2
OECD.SDD.TPS:DSD_PRICES@DF_PRICES_ALL(1.0),NOR,A,N,CPI,PC,_T,N,G1,2023,5.51785,A,,,,2
OECD.SDD.TPS:DSD_PRICES@DF_PRICES_ALL(1.0),NOR,A,N,CPI,PC,_T,N,G1,2024,3.145301,A,,,,2
OECD.SDD.TPS:DSD_PRICES@DF_PRICES_ALL(1.0),NOR,A,N,CPI,PC,_T,N,G1,2025,3.055625,A,,,,2
OECD.SDD.TPS:DSD_PRICES@DF_PRICES_ALL(1.0),CHE,A,N,CPI,PC,_T,N,G1,2015,-1.143909,A,,,,2
OECD.SDD.TPS:DSD_PRICES@DF_PRICES_ALL(1.0),CHE,A,N,CPI,PC,_T,N,G1,2016,-0.4346187,A,,,,2
OECD.SDD.TPS:DSD_PRICES@DF_PRICES_ALL(1.0),CHE,A,N,CPI,PC,_T,N,G1,2017,0.5337878,A,,,,2
OECD.SDD.TPS:DSD_PRICES@DF_PRICES_ALL(1.0),CHE,A,N,CPI,PC,_T,N,G1,2018,0.9363354,A,,,,2
OECD.SDD.TPS:DSD_PRICES@DF_PRICES_ALL(1.0),CHE,A,N,CPI,PC,_T,N,G1,2019,0.3628862,A,,,,2
OECD.SDD.TPS:DSD_PRICES@DF_PRICES_ALL(1.0),CHE,A,N,CPI,PC,_T,N,G1,2020,-0.725875,A,,,,2
OECD.SDD.TPS:DSD_PRICES@DF_PRICES_ALL(1.0),CHE,A,N,CPI,PC,_T,N,G1,2021,0.5818142,A,,,,2
OECD.SDD.TPS:DSD_PRICES@DF_PRICES_ALL(1.0),CHE,A,N,CPI,PC,_T,N,G1,2022,2.835028,A,,,,2
OECD.SDD.TPS:DSD_PRICES@DF_PRICES_ALL(1.0),CHE,A,N,CPI,PC,_T,N,G1,2023,2.135401,A,,,,2
OECD.SDD.TPS:DSD_PRICES@DF_PRICES_ALL(1.0),CHE,A,N,CPI,PC,_T,N,G1,2024,1.06234,A,,,,2
OECD.SDD.TPS:DSD_PRICES@DF_PRICES_ALL(1.0),CHE,A,N,CPI,PC,_T,N,G1,2025,0.154377,A,,,,2
OECD.SDD.TPS:DSD_PRICES@DF_PRICES_ALL(1.0),IND,A,N,CPI,PC,_T,N,G1,2015,5.872427,A,,,,2
OECD.SDD.TPS:DSD_PRICES@DF_PRICES_ALL(1.0),IND,A,N,CPI,PC,_T,N,G1,2016,4.941027,A,,,,2
OECD.SDD.TPS:DSD_PRICES@DF_PRICES_ALL(1.0),IND,A,N,CPI,PC,_T,N,G1,2017,2.490887,A,,,,2
OECD.SDD.TPS:DSD_PRICES@DF_PRICES_ALL(1.0),IND,A,N,CPI,PC,_T,N,G1,2018,4.8607,A,,,,2
OECD.SDD.TPS:DSD_PRICES@DF_PRICES_ALL(1.0),IND,A,N,CPI,PC,_T,N,G1,2019,7.659695,A,,,,2
OECD.SDD.TPS:DSD_PRICES@DF_PRICES_ALL(1.0),IND,A,N,CPI,PC,_T,N,G1,2020,5.561349,A,,,,2
OECD.SDD.TPS:DSD_PRICES@DF_PRICES_ALL(1.0),IND,A,N,CPI,PC,_T,N,G1,2021,4.890086,A,,,,2
OECD.SDD.TPS:DSD_PRICES@DF_PRICES_ALL(1.0),IND,A,N,CPI,PC,_T,N,G1,2022,5.90043,A,,,,2
OECD.SDD.TPS:DSD_PRICES@DF_PRICES_ALL(1.0),IND,A,N,CPI,PC,_T,N,G1,2023,5.552331,A,,,,2
OECD.SDD.TPS:DSD_PRICES@DF_PRICES_ALL(1.0),IND,A,N,CPI,PC,_T,N,G1,2024,3.800098,A,,,,2
OECD.SDD.TPS:DSD_PRICES@DF_PRICES_ALL(1.0),IND,A,N,CPI,PC,_T,N,G1,2025,2.795762,A,,,,2
OECD.SDD.TPS:DSD_PRICES@DF_PRICES_ALL(1.0),ZAF,A,N,CPI,PC,_T,N,G1,2015,4.518691,A,,,,2
OECD.SDD.TPS:DSD_PRICES@DF_PRICES_ALL(1.0),ZAF,A,N,CPI,PC,_T,N,G1,2016,6.602909,A,,,,2
OECD.SDD.TPS:DSD_PRICES@DF_PRICES_ALL(1.0),ZAF,A,N,CPI,PC,_T,N,G1,2017,5.186187,A,,,,2
OECD.SDD.TPS:DSD_PRICES@DF_PRICES_ALL(1.0),ZAF,A,N,CPI,PC,_T,N,G1,2018,4.509872,A,,,,2
OECD.SDD.TPS:DSD_PRICES@DF_PRICES_ALL(1.0),ZAF,A,N,CPI,PC,_T,N,G1,2019,4.102851,A,,,,2
OECD.SDD.TPS:DSD_PRICES@DF_PRICES_ALL(1.0),ZAF,A,N,CPI,PC,_T,N,G1,2020,3.232388,A,,,,2
OECD.SDD.TPS:DSD_PRICES@DF_PRICES_ALL(1.0),ZAF,A,N,CPI,PC,_T,N,G1,2021,4.618745,A,,,,2
OECD.SDD.TPS:DSD_PRICES@DF_PRICES_ALL(1.0),ZAF,A,N,CPI,PC,_T,N,G1,2022,7.039873,A,,,,2
OECD.SDD.TPS:DSD_PRICES@DF_PRICES_ALL(1.0),ZAF,A,N,CPI,PC,_T,N,G1,2023,6.075244,A,,,,2
OECD.SDD.TPS:DSD_PRICES@DF_PRICES_ALL(1.0),ZAF,A,N,CPI,PC,_T,N,G1,2024,4.361153,A,,,,2
OECD.SDD.TPS:DSD_PRICES@DF_PRICES_ALL(1.0),NLD,A,N,CPI,PC,_T,N,G1,2015,0.6002482,A,,,,2
OECD.SDD.TPS:DSD_PRICES@DF_PRICES_ALL(1.0),NLD,A,N,CPI,PC,_T,N,G1,2016,0.3166667,A,,,,2
OECD.SDD.TPS:DSD_PRICES@DF_PRICES_ALL(1.0),NLD,A,N,CPI,PC,_T,N,G1,2017,1.381459,A,,,,2
OECD.SDD.TPS:DSD_PRICES@DF_PRICES_ALL(1.0),NLD,A,N,CPI,PC,_T,N,G1,2018,1.703498,A,,,,2
OECD.SDD.TPS:DSD_PRICES@DF_PRICES_ALL(1.0),NLD,A,N,CPI,PC,_T,N,G1,2019,2.633699,A,,,,2
OECD.SDD.TPS:DSD_PRICES@DF_PRICES_ALL(1.0),NLD,A,N,CPI,PC,_T,N,G1,2020,1.27246,A,,,,2
OECD.SDD.TPS:DSD_PRICES@DF_PRICES_ALL(1.0),NLD,A,N,CPI,PC,_T,N,G1,2021,2.67572,A,,,,2
OECD.SDD.TPS:DSD_PRICES@DF_PRICES_ALL(1.0),NLD,A,N,CPI,PC,_T,N,G1,2022,10.00121,A,,,,2
OECD.SDD.TPS:DSD_PRICES@DF_PRICES_ALL(1.0),NLD,A,N,CPI,PC,_T,N,G1,2023,3.838393,A,,,,2
OECD.SDD.TPS:DSD_PRICES@DF_PRICES_ALL(1.0),NLD,A,N,CPI,PC,_T,N,G1,2024,3.347543,A,,,,2
OECD.SDD.TPS:DSD_PRICES@DF_PRICES_ALL(1.0),NLD,A,N,CPI,PC,_T,N,G1,2025,3.259577,A,,,,2
OECD.SDD.TPS:DSD_PRICES@DF_PRICES_ALL(1.0),ITA,A,N,CPI,PC,_T,N,G1,2015,0.03878675,A,,,,2
OECD.SDD.TPS:DSD_PRICES@DF_PRICES_ALL(1.0),ITA,A,N,CPI,PC,_T,N,G1,2016,-0.09406886,A,,,,2
OECD.SDD.TPS:DSD_PRICES@DF_PRICES_ALL(1.0),ITA,A,N,CPI,PC,_T,N,G1,2017,1.226533,A,,,,2
OECD.SDD.TPS:DSD_PRICES@DF_PRICES_ALL(1.0),LUX,A,N,CPI,PC,_T,N,G1,2015,0.4747432,A,,,,2
OECD.SDD.TPS:DSD_PRICES@DF_PRICES_ALL(1.0),LUX,A,N,CPI,PC,_T,N,G1,2016,0.2908333,A,,,,2
OECD.SDD.TPS:DSD_PRICES@DF_PRICES_ALL(1.0),LUX,A,N,CPI,PC,_T,N,G1,2017,1.7308,A,,,,2
OECD.SDD.TPS:DSD_PRICES@DF_PRICES_ALL(1.0),LUX,A,N,CPI,PC,_T,N,G1,2018,1.528195,A,,,,2
OECD.SDD.TPS:DSD_PRICES@DF_PRICES_ALL(1.0),LUX,A,N,CPI,PC,_T,N,G1,2019,1.743321,A,,,,2
OECD.SDD.TPS:DSD_PRICES@DF_PRICES_ALL(1.0),LUX,A,N,CPI,PC,_T,N,G1,2020,0.8199573,A,,,,2
OECD.SDD.TPS:DSD_PRICES@DF_PRICES_ALL(1.0),LUX,A,N,CPI,PC,_T,N,G1,2021,2.52692,A,,,,2
OECD.SDD.TPS:DSD_PRICES@DF_PRICES_ALL(1.0),LUX,A,N,CPI,PC,_T,N,G1,2022,6.336008,A,,,,2
OECD.SDD.TPS:DSD_PRICES@DF_PRICES_ALL(1.0),LUX,A,N,CPI,PC,_T,N,G1,2023,3.741404,A,,,,2
OECD.SDD.TPS:DSD_PRICES@DF_PRICES_ALL(1.0),LUX,A,N,CPI,PC,_T,N,G1,2024,2.051133,A,,,,2
OECD.SDD.TPS:DSD_PRICES@DF_PRICES_ALL(1.0),LUX,A,N,CPI,PC,_T,N,G1,2025,2.257238,A,,,,2
OECD.SDD.TPS:DSD_PRICES@DF_PRICES_ALL(1.0),MEX,A,N,CPI,PC,_T,N,G1,2015,2.720641,A,,,,2
OECD.SDD.TPS:DSD_PRICES@DF_PRICES_ALL(1.0),MEX,A,N,CPI,PC,_T,N,G1,2016,2.821708,A,,,,2
OECD.SDD.TPS:DSD_PRICES@DF_PRICES_ALL(1.0),MEX,A,N,CPI,PC,_T,N,G1,2017,6.041456,A,,,,2
OECD.SDD.TPS:DSD_PRICES@DF_PRICES_ALL(1.0),MEX,A,N,CPI,PC,_T,N,G1,2018,4.899351,A,,,,2
OECD.SDD.TPS:DSD_PRICES@DF_PRICES_ALL(1.0),MEX,A,N,CPI,PC,_T,N,G1,2019,3.635961,A,,,,2
OECD.SDD.TPS:DSD_PRICES@DF_PRICES_ALL(1.0),MEX,A,N,CPI,PC,_T,N,G1,2020,3.396834,A,,,,2
OECD.SDD.TPS:DSD_PRICES@DF_PRICES_ALL(1.0),MEX,A,N,CPI,PC,_T,N,G1,2021,5.689209,A,,,,2
OECD.SDD.TPS:DSD_PRICES@DF_PRICES_ALL(1.0),MEX,A,N,CPI,PC,_T,N,G1,2022,7.896276,A,,,,2
OECD.SDD.TPS:DSD_PRICES@DF_PRICES_ALL(1.0),MEX,A,N,CPI,PC,_T,N,G1,2023,5.527961,A,,,,2
OECD.SDD.TPS:DSD_PRICES@DF_PRICES_ALL(1.0),POL,A,N,CPI,PC,_T,N,G1,2015,-0.05833333,A,,,,2
OECD.SDD.TPS:DSD_PRICES@DF_PRICES_ALL(1.0),POL,A,N,CPI,PC,_T,N,G1,2016,0.075,A,,,,2
OECD.SDD.TPS:DSD_PRICES@DF_PRICES_ALL(1.0),POL,A,N,CPI,PC,_T,N,G1,2017,0.1666667,A,,,,2
OECD.SDD.TPS:DSD_PRICES@DF_PRICES_ALL(1.0),POL,A,N,CPI,PC,_T,N,G1,2018,0.1,A,,,,2
OECD.SDD.TPS:DSD_PRICES@DF_PRICES_ALL(1.0),POL,A,N,CPI,PC,_T,N,G1,2019,0.2666667,A,,,,2
OECD.SDD.TPS:DSD_PRICES@DF_PRICES_ALL(1.0),POL,A,N,CPI,PC,_T,N,G1,2020,0.1916667,A,,,,2
OECD.SDD.TPS:DSD_PRICES@DF_PRICES_ALL(1.0),POL,A,N,CPI,PC,_T,N,G1,2021,0.7,A,,,,2
OECD.SDD.TPS:DSD_PRICES@DF_PRICES_ALL(1.0),POL,A,N,CPI,PC,_T,N,G1,2022,1.3,A,,,,2
OECD.SDD.TPS:DSD_PRICES@DF_PRICES_ALL(1.0),POL,A,N,CPI,PC,_T,N,G1,2023,0.5,A,,,,2
OECD.SDD.TPS:DSD_PRICES@DF_PRICES_ALL(1.0),POL,A,N,CPI,PC,_T,N,G1,2024,0.3833333,A,,,,2
OECD.SDD.TPS:DSD_PRICES@DF_PRICES_ALL(1.0),POL,A,N,CPI,PC,_T,N,G1,2025,0.1916667,A,,,,2
OECD.SDD.TPS:DSD_PRICES@DF_PRICES_ALL(1.0),SWE,A,N,CPI,PC,_T,N,G1,2015,-0.04678474,A,,,,2
OECD.SDD.TPS:DSD_PRICES@DF_PRICES_ALL(1.0),SWE,A,N,CPI,PC,_T,N,G1,2016,0.9842693,A,,,,2
OECD.SDD.TPS:DSD_PRICES@DF_PRICES_ALL(1.0),SWE,A,N,CPI,PC,_T,N,G1,2017,1.794499,A,,,,2
OECD.SDD.TPS:DSD_PRICES@DF_PRICES_ALL(1.0),SWE,A,N,CPI,PC,_T,N,G1,2018,1.953535,A,,,,2
OECD.SDD.TPS:DSD_PRICES@DF_PRICES_ALL(1.0),SWE,A,N,CPI,PC,_T,N,G1,2019,1.784151,A,,,,2
OECD.SDD.TPS:DSD_PRICES@DF_PRICES_ALL(1.0),SWE,A,N,CPI,PC,_T,N,G1,2020,0.4973673,A,,,,2
OECD.SDD.TPS:DSD_PRICES@DF_PRICES_ALL(1.0),SWE,A,N,CPI,PC,_T,N,G1,2021,2.163197,A,,,,2
OECD.SDD.TPS:DSD_PRICES@DF_PRICES_ALL(1.0),SWE,A,N,CPI,PC,_T,N,G1,2022,8.369291,A,,,,2
OECD.SDD.TPS:DSD_PRICES@DF_PRICES_ALL(1.0),SWE,A,N,CPI,PC,_T,N,G1,2023,8.548625,A,,,,2
OECD.SDD.TPS:DSD_PRICES@DF_PRICES_ALL(1.0),SWE,A,N,CPI,PC,_T,N,G1,2024,2.835817,A,,,,2
OECD.SDD.TPS:DSD_PRICES@DF_PRICES_ALL(1.0),SWE,A,N,CPI,PC,_T,N,G1,2025,0.6798693,A,,,,2
OECD.SDD.TPS:DSD_PRICES@DF_PRICES_ALL(1.0),TUR,A,N,CPI,PC,_T,N,G1,2015,7.670854,A,,,,2
OECD.SDD.TPS:DSD_PRICES@DF_PRICES_ALL(1.0),TUR,A,N,CPI,PC,_T,N,G1,2016,7.775134,A,,,,2
OECD.SDD.TPS:DSD_PRICES@DF_PRICES_ALL(1.0),TUR,A,N,CPI,PC,_T,N,G1,2017,11.14431,A,,,,2
OECD.SDD.TPS:DSD_PRICES@DF_PRICES_ALL(1.0),TUR,A,N,CPI,PC,_T,N,G1,2018,16.33246,A,,,,2
OECD.SDD.TPS:DSD_PRICES@DF_PRICES_ALL(1.0),HRV,A,N,CPI,PC,_T,N,G1,2015,-0.464499,A,,,,2
OECD.SDD.TPS:DSD_PRICES@DF_PRICES_ALL(1.0),HRV,A,N,CPI,PC,_T,N,G1,2016,-1.125,A,,,,2
OECD.SDD.TPS:DSD_PRICES@DF_PRICES_ALL(1.0),HRV,A,N,CPI,PC,_T,N,G1,2017,1.129372,A,,,,2
OECD.SDD.TPS:DSD_PRICES@DF_PRICES_ALL(1.0),HRV,A,N,CPI,PC,_T,N,G1,2018,1.500125,A,,,,2
OECD.SDD.TPS:DSD_PRICES@DF_PRICES_ALL(1.0),HRV,A,N,CPI,PC,_T,N,G1,2019,0.7718204,A,,,,2
OECD.SDD.TPS:DSD_PRICES@DF_PRICES_ALL(1.0),HRV,A,N,CPI,PC,_T,N,G1,2022,10.78058,A,,,,2
OECD.SDD.TPS:DSD_PRICES@DF_PRICES_ALL(1.0),HRV,A,N,CPI,PC,_T,N,G1,2023,7.941282,A,,,,2
OECD.SDD.TPS:DSD_PRICES@DF_PRICES_ALL(1.0),HRV,A,N,CPI,PC,_T,N,G1,2024,2.972005,A,,,,2
OECD.SDD.TPS:DSD_PRICES@DF_PRICES_ALL(1.0),HRV,A,N,CPI,PC,_T,N,G1,2025,3.691535,A,,,,2
OECD.SDD.TPS:DSD_PRICES@DF_PRICES_ALL(1.0),IDN,A,N,CPI,PC,_T,N,G1,2015,6.363121,A,,,,2
OECD.SDD.TPS:DSD_PRICES@DF_PRICES_ALL(1.0),IDN,A,N,CPI,PC,_T,N,G1,2016,3.525805,A,,,,2
OECD.SDD.TPS:DSD_PRICES@DF_PRICES_ALL(1.0),IDN,A,N,CPI,PC,_T,N,G1,2017,3.808798,A,,,,2
OECD.SDD.TPS:DSD_PRICES@DF_PRICES_ALL(1.0),IDN,A,N,CPI,PC,_T,N,G1,2018,3.198346,A,,,,2
OECD.SDD.TPS:DSD_PRICES@DF_PRICES_ALL(1.0),IDN,A,N,CPI,PC,_T,N,G1,2019,3.030587,A,,,,2
OECD.SDD.TPS:DSD_PRICES@DF_PRICES_ALL(1.0),IDN,A,N,CPI,PC,_T,N,G1,2020,1.919834,A,,,,2
OECD.SDD.TPS:DSD_PRICES@DF_PRICES_ALL(1.0),IDN,A,N,CPI,PC,_T,N,G1,2021,1.56008,A,,,,2
OECD.SDD.TPS:DSD_PRICES@DF_PRICES_ALL(1.0),IDN,A,N,CPI,PC,_T,N,G1,2022,4.209456,A,,,,2
OECD.SDD.TPS:DSD_PRICES@DF_PRICES_ALL(1.0),IDN,A,N,CPI,PC,_T,N,G1,2023,3.669401,A,,,,2
OECD.SDD.TPS:DSD_PRICES@DF_PRICES_ALL(1.0),IDN,A,N,CPI,PC,_T,N,G1,2025,1.913334,A,,,,2
OECD.SDD.TPS:DSD_PRICES@DF_PRICES_ALL(1.0),RUS,A,N,CPI,PC,_T,N,G1,2015,15.5344,A,,,,2
OECD.SDD.TPS:DSD_PRICES@DF_PRICES_ALL(1.0),RUS,A,N,CPI,PC,_T,N,G1,2016,7.042436,A,,,,2
OECD.SDD.TPS:DSD_PRICES@DF_PRICES_ALL(1.0),RUS,A,N,CPI,PC,_T,N,G1,2017,3.683334,A,,,,2
OECD.SDD.TPS:DSD_PRICES@DF_PRICES_ALL(1.0),RUS,A,N,CPI,PC,_T,N,G1,2018,2.878305,A,,,,2
OECD.SDD.TPS:DSD_PRICES@DF_PRICES_ALL(1.0),RUS,A,N,CPI,PC,_T,N,G1,2019,4.470367,A,,,,2
OECD.SDD.TPS:DSD_PRICES@DF_PRICES_ALL(1.0),RUS,A,N,CPI,PC,_T,N,G1,2020,3.38166,A,,,,2
OECD.SDD.TPS:DSD_PRICES@DF_PRICES_ALL(1.0),RUS,A,N,CPI,PC,_T,N,G1,2021,6.694456,A,,,,2
OECD.SDD.TPS:DSD_PRICES@DF_PRICES_ALL(1.0),SAU,A,N,CPI,PC,_T,N,G1,2015,1.204692,A,,,,2
OECD.SDD.TPS:DSD_PRICES@DF_PRICES_ALL(1.0),SAU,A,N,CPI,PC,_T,N,G1,2016,2.06741,A,,,,2
OECD.SDD.TPS:DSD_PRICES@DF_PRICES_ALL(1.0),SAU,A,N,CPI,PC,_T,N,G1,2017,-0.8364107,A,,,,2
OECD.SDD.TPS:DSD_PRICES@DF_PRICES_ALL(1.0),SAU,A,N,CPI,PC,_T,N,G1,2018,2.45719,A,,,,2
OECD.SDD.TPS:DSD_PRICES@DF_PRICES_ALL(1.0),SAU,A,N,CPI,PC,_T,N,G1,2019,-2.093341,A,,,,2
OECD.SDD.TPS:DSD_PRICES@DF_PRICES_ALL(1.0),SAU,A,N,CPI,PC,_T,N,G1,2020,3.445467,A,,,,2
OECD.SDD.TPS:DSD_PRICES@DF_PRICES_ALL(1.0),SAU,A,N,CPI,PC,_T,N,G1,2021,3.06329,A,,,,2
OECD.SDD.TPS:DSD_PRICES@DF_PRICES_ALL(1.0),SAU,A,N,CPI,PC,_T,N,G1,2022,2.474074,A,,,,2
OECD.SDD.TPS:DSD_PRICES@DF_PRICES_ALL(1.0),SAU,A,N,CPI,PC,_T,N,G1,2023,2.327085,A,,,,2
OECD.SDD.TPS:DSD_PRICES@DF_PRICES_ALL(1.0),SAU,A,N,CPI,PC,_T,N,G1,2024,1.687921,A,,,,2
OECD.SDD.TPS:DSD_PRICES@DF_PRICES_ALL(1.0),NZL,A,N,CPI,PC,_T,N,G1,2015,0.2927033,A,,,,2
OECD.SDD.TPS:DSD_PRICES@DF_PRICES_ALL(1.0),NZL,A,N,CPI,PC,_T,N,G1,2016,0.6462373,A,,,,2
OECD.SDD.TPS:DSD_PRICES@DF_PRICES_ALL(1.0),NZL,A,N,CPI,PC,_T,N,G1,2017,1.850787,A,,,,2
OECD.SDD.TPS:DSD_PRICES@DF_PRICES_ALL(1.0),NZL,A,N,CPI,PC,_T,N,G1,2018,1.598298,A,,,,2
OECD.SDD.TPS:DSD_PRICES@DF_PRICES_ALL(1.0),NZL,A,N,CPI,PC,_T,N,G1,2019,1.619632,A,,,,2
OECD.SDD.TPS:DSD_PRICES@DF_PRICES_ALL(1.0),NZL,A,N,CPI,PC,_T,N,G1,2020,1.714562,A,,,,2
OECD.SDD.TPS:DSD_PRICES@DF_PRICES_ALL(1.0),NZL,A,N,CPI,PC,_T,N,G1,2021,3.941121,A,,,,2
OECD.SDD.TPS:DSD_PRICES@DF_PRICES_ALL(1.0),NZL,A,N,CPI,PC,_T,N,G1,2022,7.172225,A,,,,2
OECD.SDD.TPS:DSD_PRICES@DF_PRICES_ALL(1.0),NZL,A,N,CPI,PC,_T,N,G1,2023,5.733163,A,,,,2
OECD.SDD.TPS:DSD_PRICES@DF_PRICES_ALL(1.0),NZL,A,N,CPI,PC,_T,N,G1,2024,2.922798,A,,,,2
OECD.SDD.TPS:DSD_PRICES@DF_PRICES_ALL(1.0),NZL,A,N,CPI,PC,_T,N,G1,2025,2.839796,A,,,,2
OECD.SDD.TPS:DSD_PRICES@DF_PRICES_ALL(1.0),IND,A,N,CPI,IX,_T,N,_Z,2015,100,A,,2015,,2
OECD.SDD.TPS:DSD_PRICES@DF_PRICES_ALL(1.0),IND,A,N,CPI,IX,_T,N,_Z,2016,104.941,A,,2015,,2
OECD.SDD.TPS:DSD_PRICES@DF_PRICES_ALL(1.0),IND,A,N,CPI,IX,_T,N,_Z,2017,107.555,A,,2015,,2
OECD.SDD.TPS:DSD_PRICES@DF_PRICES_ALL(1.0),IND,A,N,CPI,IX,_T,N,_Z,2018,112.7829,A,,2015,,2
OECD.SDD.TPS:DSD_PRICES@DF_PRICES_ALL(1.0),IND,A,N,CPI,IX,_T,N,_Z,2019,121.4217,A,,2015,,2
OECD.SDD.TPS:DSD_PRICES@DF_PRICES_ALL(1.0),IND,A,N,CPI,IX,_T,N,_Z,2020,128.1744,A,,2015,,2
OECD.SDD.TPS:DSD_PRICES@DF_PRICES_ALL(1.0),IND,A,N,CPI,IX,_T,N,_Z,2021,134.4423,A,,2015,,2
OECD.SDD.TPS:DSD_PRICES@DF_PRICES_ALL(1.0),IND,A,N,CPI,IX,_T,N,_Z,2022,142.3749,A,,2015,,2
OECD.SDD.TPS:DSD_PRICES@DF_PRICES_ALL(1.0),IND,A,N,CPI,IX,_T,N,_Z,2023,150.2801,A,,2015,,2
OECD.SDD.TPS:DSD_PRICES@DF_PRICES_ALL(1.0),IND,A,N,CPI,IX,_T,N,_Z,2024,155.9909,A,,2015,,2
OECD.SDD.TPS:DSD_PRICES@DF_PRICES_ALL(1.0),IND,A,N,CPI,IX,_T,N,_Z,2025,160.352,A,,2015,,2
OECD.SDD.TPS:DSD_PRICES@DF_PRICES_ALL(1.0),ZAF,A,N,CPI,IX,_T,N,_Z,2015,100,A,,2015,,2
OECD.SDD.TPS:DSD_PRICES@DF_PRICES_ALL(1.0),ZAF,A,N,CPI,IX,_T,N,_Z,2016,106.6029,A,,2015,,2
OECD.SDD.TPS:DSD_PRICES@DF_PRICES_ALL(1.0),ZAF,A,N,CPI,IX,_T,N,_Z,2017,112.1315,A,,2015,,2
OECD.SDD.TPS:DSD_PRICES@DF_PRICES_ALL(1.0),ZAF,A,N,CPI,IX,_T,N,_Z,2018,117.1885,A,,2015,,2
OECD.SDD.TPS:DSD_PRICES@DF_PRICES_ALL(1.0),ZAF,A,N,CPI,IX,_T,N,_Z,2019,121.9966,A,,2015,,2
OECD.SDD.TPS:DSD_PRICES@DF_PRICES_ALL(1.0),ZAF,A,N,CPI,IX,_T,N,_Z,2020,125.94,A,,2015,,2
OECD.SDD.TPS:DSD_PRICES@DF_PRICES_ALL(1.0),ZAF,A,N,CPI,IX,_T,N,_Z,2021,131.7569,A,,2015,,2
OECD.SDD.TPS:DSD_PRICES@DF_PRICES_ALL(1.0),ZAF,A,N,CPI,IX,_T,N,_Z,2022,141.0324,A,,2015,,2
OECD.SDD.TPS:DSD_PRICES@DF_PRICES_ALL(1.0),ZAF,A,N,CPI,IX,_T,N,_Z,2023,149.6004,A,,2015,,2
OECD.SDD.TPS:DSD_PRICES@DF_PRICES_ALL(1.0),ZAF,A,N,CPI,IX,_T,N,_Z,2024,156.1247,A,,2015,,2
OECD.SDD.TPS:DSD_PRICES@DF_PRICES_ALL(1.0),NLD,A,N,CPI,IX,_T,N,_Z,2015,100,A,,2015,,2
OECD.SDD.TPS:DSD_PRICES@DF_PRICES_ALL(1.0),NLD,A,N,CPI,IX,_T,N,_Z,2016,100.3167,A,,2015,,2
OECD.SDD.TPS:DSD_PRICES@DF_PRICES_ALL(1.0),NLD,A,N,CPI,IX,_T,N,_Z,2017,101.7025,A,,2015,,2
OECD.SDD.TPS:DSD_PRICES@DF_PRICES_ALL(1.0),NLD,A,N,CPI,IX,_T,N,_Z,2018,103.435,A,,2015,,2
OECD.SDD.TPS:DSD_PRICES@DF_PRICES_ALL(1.0),NLD,A,N,CPI,IX,_T,N,_Z,2019,106.1592,A,,2015,,2
OECD.SDD.TPS:DSD_PRICES@DF_PRICES_ALL(1.0),NLD,A,N,CPI,IX,_T,N,_Z,2020,107.51,A,,2015,,2
OECD.SDD.TPS:DSD_PRICES@DF_PRICES_ALL(1.0),NLD,A,N,CPI,IX,_T,N,_Z,2021,110.3867,A,,2015,,2
OECD.SDD.TPS:DSD_PRICES@DF_PRICES_ALL(1.0),NLD,A,N,CPI,IX,_T,N,_Z,2022,121.4267,A,,2015,,2
OECD.SDD.TPS:DSD_PRICES@DF_PRICES_ALL(1.0),NLD,A,N,CPI,IX,_T,N,_Z,2023,126.0875,A,,2015,,2
OECD.SDD.TPS:DSD_PRICES@DF_PRICES_ALL(1.0),NLD,A,N,CPI,IX,_T,N,_Z,2024,130.3083,A,,2015,,2
OECD.SDD.TPS:DSD_PRICES@DF_PRICES_ALL(1.0),NLD,A,N,CPI,IX,_T,N,_Z,2025,134.5558,A,,2015,,2
OECD.SDD.TPS:DSD_PRICES@DF_PRICES_ALL(1.0),TUR,A,N,CPI,IX,_T,N,_Z,2015,100,A,,2015,,2
OECD.SDD.TPS:DSD_PRICES@DF_PRICES_ALL(1.0),TUR,A,N,CPI,IX,_T,N,_Z,2016,107.7751,A,,2015,,2
OECD.SDD.TPS:DSD_PRICES@DF_PRICES_ALL(1.0),TUR,A,N,CPI,IX,_T,N,_Z,2017,119.7859,A,,2015,,2
OECD.SDD.TPS:DSD_PRICES@DF_PRICES_ALL(1.0),TUR,A,N,CPI,IX,_T,N,_Z,2018,139.3499,A,,2015,,2
OECD.SDD.TPS:DSD_PRICES@DF_PRICES_ALL(1.0),ITA,A,N,CPI,IX,_T,N,_Z,2015,99.96904,A,,2015,,2
OECD.SDD.TPS:DSD_PRICES@DF_PRICES_ALL(1.0),ITA,A,N,CPI,IX,_T,N,_Z,2016,99.875,A,,2015,,2
OECD.SDD.TPS:DSD_PRICES@DF_PRICES_ALL(1.0),ITA,A,N,CPI,IX,_T,N,_Z,2017,101.1,A,,2015,,2
OECD.SDD.TPS:DSD_PRICES@DF_PRICES_ALL(1.0),LUX,A,N,CPI,IX,_T,N,_Z,2015,100,A,,2015,,2
OECD.SDD.TPS:DSD_PRICES@DF_PRICES_ALL(1.0),LUX,A,N,CPI,IX,_T,N,_Z,2016,100.2908,A,,2015,,2
OECD.SDD.TPS:DSD_PRICES@DF_PRICES_ALL(1.0),LUX,A,N,CPI,IX,_T,N,_Z,2017,102.0267,A,,2015,,2
OECD.SDD.TPS:DSD_PRICES@DF_PRICES_ALL(1.0),LUX,A,N,CPI,IX,_T,N,_Z,2018,103.5858,A,,2015,,2
OECD.SDD.TPS:DSD_PRICES@DF_PRICES_ALL(1.0),LUX,A,N,CPI,IX,_T,N,_Z,2019,105.3917,A,,2015,,2
OECD.SDD.TPS:DSD_PRICES@DF_PRICES_ALL(1.0),LUX,A,N,CPI,IX,_T,N,_Z,2020,106.2558,A,,2015,,2
OECD.SDD.TPS:DSD_PRICES@DF_PRICES_ALL(1.0),LUX,A,N,CPI,IX,_T,N,_Z,2021,108.9408,A,,2015,,2
OECD.SDD.TPS:DSD_PRICES@DF_PRICES_ALL(1.0),LUX,A,N,CPI,IX,_T,N,_Z,2022,115.8433,A,,2015,,2
OECD.SDD.TPS:DSD_PRICES@DF_PRICES_ALL(1.0),LUX,A,N,CPI,IX,_T,N,_Z,2023,120.1775,A,,2015,,2
OECD.SDD.TPS:DSD_PRICES@DF_PRICES_ALL(1.0),LUX,A,N,CPI,IX,_T,N,_Z,2024,122.6425,A,,2015,,2
OECD.SDD.TPS:DSD_PRICES@DF_PRICES_ALL(1.0),LUX,A,N,CPI,IX,_T,N,_Z,2025,125.4108,A,,2015,,2
OECD.SDD.TPS:DSD_PRICES@DF_PRICES_ALL(1.0),MEX,A,N,CPI,IX,_T,N,_Z,2015,100,A,,2015,,2
OECD.SDD.TPS:DSD_PRICES@DF_PRICES_ALL(1.0),MEX,A,N,CPI,IX,_T,N,_Z,2016,102.8217,A,,2015,,2
OECD.SDD.TPS:DSD_PRICES@DF_PRICES_ALL(1.0),MEX,A,N,CPI,IX,_T,N,_Z,2017,109.0336,A,,2015,,2
OECD.SDD.TPS:DSD_PRICES@DF_PRICES_ALL(1.0),MEX,A,N,CPI,IX,_T,N,_Z,2018,114.3756,A,,2015,,2
OECD.SDD.TPS:DSD_PRICES@DF_PRICES_ALL(1.0),MEX,A,N,CPI,IX,_T,N,_Z,2019,118.5342,A,,2015,,2
OECD.SDD.TPS:DSD_PRICES@DF_PRICES_ALL(1.0),MEX,A,N,CPI,IX,_T,N,_Z,2020,122.5606,A,,2015,,2
OECD.SDD.TPS:DSD_PRICES@DF_PRICES_ALL(1.0),MEX,A,N,CPI,IX,_T,N,_Z,2021,129.5334,A,,2015,,2
OECD.SDD.TPS:DSD_PRICES@DF_PRICES_ALL(1.0),MEX,A,N,CPI,IX,_T,N,_Z,2022,139.7617,A,,2015,,2
OECD.SDD.TPS:DSD_PRICES@DF_PRICES_ALL(1.0),MEX,A,N,CPI,IX,_T,N,_Z,2023,147.4877,A,,2015,,2
OECD.SDD.TPS:DSD_PRICES@DF_PRICES_ALL(1.0),POL,A,N,CPI,IX,_T,N,_Z,2015,100,A,,2015,,2
OECD.SDD.TPS:DSD_PRICES@DF_PRICES_ALL(1.0),POL,A,N,CPI,IX,_T,N,_Z,2016,99.33524,A,,2015,,2
OECD.SDD.TPS:DSD_PRICES@DF_PRICES_ALL(1.0),POL,A,N,CPI,IX,_T,N,_Z,2017,101.3974,A,,2015,,2
OECD.SDD.TPS:DSD_PRICES@DF_PRICES_ALL(1.0),POL,A,N,CPI,IX,_T,N,_Z,2018,103.2357,A,,2015,,2
OECD.SDD.TPS:DSD_PRICES@DF_PRICES_ALL(1.0),POL,A,N,CPI,IX,_T,N,_Z,2019,105.5352,A,,2015,,2
OECD.SDD.TPS:DSD_PRICES@DF_PRICES_ALL(1.0),POL,A,N,CPI,IX,_T,N,_Z,2020,109.0965,A,,2015,,2
OECD.SDD.TPS:DSD_PRICES@DF_PRICES_ALL(1.0),POL,A,N,CPI,IX,_T,N,_Z,2021,114.6113,A,,2015,,2
OECD.SDD.TPS:DSD_PRICES@DF_PRICES_ALL(1.0),POL,A,N,CPI,IX,_T,N,_Z,2022,131.1491,A,,2015,,2
OECD.SDD.TPS:DSD_PRICES@DF_PRICES_ALL(1.0),POL,A,N,CPI,IX,_T,N,_Z,2023,146.2692,A,,2015,,2
OECD.SDD.TPS:DSD_PRICES@DF_PRICES_ALL(1.0),POL,A,N,CPI,IX,_T,N,_Z,2024,151.8044,A,,2015,,2
OECD.SDD.TPS:DSD_PRICES@DF_PRICES_ALL(1.0),POL,A,N,CPI,IX,_T,N,_Z,2025,157.6041,A,,2015,,2
OECD.SDD.TPS:DSD_PRICES@DF_PRICES_ALL(1.0),SWE,A,N,CPI,IX,_T,N,_Z,2015,100,A,,2015,,2
OECD.SDD.TPS:DSD_PRICES@DF_PRICES_ALL(1.0),SWE,A,N,CPI,IX,_T,N,_Z,2016,100.9843,A,,2015,,2
OECD.SDD.TPS:DSD_PRICES@DF_PRICES_ALL(1.0),SWE,A,N,CPI,IX,_T,N,_Z,2017,102.7964,A,,2015,,2
OECD.SDD.TPS:DSD_PRICES@DF_PRICES_ALL(1.0),SWE,A,N,CPI,IX,_T,N,_Z,2018,104.8046,A,,2015,,2
OECD.SDD.TPS:DSD_PRICES@DF_PRICES_ALL(1.0),SWE,A,N,CPI,IX,_T,N,_Z,2019,106.6745,A,,2015,,2
OECD.SDD.TPS:DSD_PRICES@DF_PRICES_ALL(1.0),SWE,A,N,CPI,IX,_T,N,_Z,2020,107.205,A,,2015,,2
OECD.SDD.TPS:DSD_PRICES@DF_PRICES_ALL(1.0),SWE,A,N,CPI,IX,_T,N,_Z,2021,109.5241,A,,2015,,2
OECD.SDD.TPS:DSD_PRICES@DF_PRICES_ALL(1.0),SWE,A,N,CPI,IX,_T,N,_Z,2022,118.6905,A,,2015,,2
OECD.SDD.TPS:DSD_PRICES@DF_PRICES_ALL(1.0),SWE,A,N,CPI,IX,_T,N,_Z,2023,128.8369,A,,2015,,2
OECD.SDD.TPS:DSD_PRICES@DF_PRICES_ALL(1.0),SWE,A,N,CPI,IX,_T,N,_Z,2024,132.4905,A,,2015,,2
OECD.SDD.TPS:DSD_PRICES@DF_PRICES_ALL(1.0),SWE,A,N,CPI,IX,_T,N,_Z,2025,133.3912,A,,2015,,2
OECD.SDD.TPS:DSD_PRICES@DF_PRICES_ALL(1.0),HRV,A,N,CPI,IX,_T,N,_Z,2015,100,A,,2015,,2
OECD.SDD.TPS:DSD_PRICES@DF_PRICES_ALL(1.0),HRV,A,N,CPI,IX,_T,N,_Z,2016,98.875,A,,2015,,2
OECD.SDD.TPS:DSD_PRICES@DF_PRICES_ALL(1.0),HRV,A,N,CPI,IX,_T,N,_Z,2017,99.99167,A,,2015,,2
OECD.SDD.TPS:DSD_PRICES@DF_PRICES_ALL(1.0),HRV,A,N,CPI,IX,_T,N,_Z,2018,101.4917,A,,2015,,2
OECD.SDD.TPS:DSD_PRICES@DF_PRICES_ALL(1.0),HRV,A,N,CPI,IX,_T,N,_Z,2019,102.275,A,,2015,,2
OECD.SDD.TPS:DSD_PRICES@DF_PRICES_ALL(1.0),HRV,A,N,CPI,IX,_T,N,_Z,2022,116.375,A,,2015,,2
OECD.SDD.TPS:DSD_PRICES@DF_PRICES_ALL(1.0),HRV,A,N,CPI,IX,_T,N,_Z,2023,125.6167,A,,2015,,2
OECD.SDD.TPS:DSD_PRICES@DF_PRICES_ALL(1.0),HRV,A,N,CPI,IX,_T,N,_Z,2024,129.35,A,,2015,,2
OECD.SDD.TPS:DSD_PRICES@DF_PRICES_ALL(1.0),HRV,A,N,CPI,IX,_T,N,_Z,2025,134.125,A,,2015,,2
OECD.SDD.TPS:DSD_PRICES@DF_PRICES_ALL(1.0),IDN,A,N,CPI,IX,_T,N,_Z,2015,100,A,,2015,,2
OECD.SDD.TPS:DSD_PRICES@DF_PRICES_ALL(1.0),IDN,A,N,CPI,IX,_T,N,_Z,2016,103.5258,A,,2015,,2
OECD.SDD.TPS:DSD_PRICES@DF_PRICES_ALL(1.0),IDN,A,N,CPI,IX,_T,N,_Z,2017,107.4689,A,,2015,,2
OECD.SDD.TPS:DSD_PRICES@DF_PRICES_ALL(1.0),IDN,A,N,CPI,IX,_T,N,_Z,2018,110.9061,A,,2015,,2
OECD.SDD.TPS:DSD_PRICES@DF_PRICES_ALL(1.0),IDN,A,N,CPI,IX,_T,N,_Z,2019,114.2672,A,,2015,,2
OECD.SDD.TPS:DSD_PRICES@DF_PRICES_ALL(1.0),IDN,A,N,CPI,IX,_T,N,_Z,2020,116.461,A,,2015,,2
OECD.SDD.TPS:DSD_PRICES@DF_PRICES_ALL(1.0),IDN,A,N,CPI,IX,_T,N,_Z,2021,118.2779,A,,2015,,2
OECD.SDD.TPS:DSD_PRICES@DF_PRICES_ALL(1.0),IDN,A,N,CPI,IX,_T,N,_Z,2022,123.2567,A,,2015,,2
OECD.SDD.TPS:DSD_PRICES@DF_PRICES_ALL(1.0),IDN,A,N,CPI,IX,_T,N,_Z,2023,127.7795,A,,2015,,2
OECD.SDD.TPS:DSD_PRICES@DF_PRICES_ALL(1.0),IDN,A,N,CPI,IX,_T,N,_Z,2025,133.0652,A,,2015,,2
OECD.SDD.TPS:DSD_PRICES@DF_PRICES_ALL(1.0),RUS,A,N,CPI,IX,_T,N,_Z,2015,100,A,,2015,,2
OECD.SDD.TPS:DSD_PRICES@DF_PRICES_ALL(1.0),RUS,A,N,CPI,IX,_T,N,_Z,2016,107.0424,A,,2015,,2
OECD.SDD.TPS:DSD_PRICES@DF_PRICES_ALL(1.0),RUS,A,N,CPI,IX,_T,N,_Z,2017,110.9852,A,,2015,,2
OECD.SDD.TPS:DSD_PRICES@DF_PRICES_ALL(1.0),RUS,A,N,CPI,IX,_T,N,_Z,2018,114.1797,A,,2015,,2
OECD.SDD.TPS:DSD_PRICES@DF_PRICES_ALL(1.0),RUS,A,N,CPI,IX,_T,N,_Z,2019,119.2839,A,,2015,,2
OECD.SDD.TPS:DSD_PRICES@DF_PRICES_ALL(1.0),RUS,A,N,CPI,IX,_T,N,_Z,2020,123.3177,A,,2015,,2
OECD.SDD.TPS:DSD_PRICES@DF_PRICES_ALL(1.0),RUS,A,N,CPI,IX,_T,N,_Z,2021,131.5731,A,,2015,,2
OECD.SDD.TPS:DSD_PRICES@DF_PRICES_ALL(1.0),SAU,A,N,CPI,IX,_T,N,_Z,2015,100,A,,2015,,2
OECD.SDD.TPS:DSD_PRICES@DF_PRICES_ALL(1.0),SAU,A,N,CPI,IX,_T,N,_Z,2016,102.0674,A,,2015,,2
OECD.SDD.TPS:DSD_PRICES@DF_PRICES_ALL(1.0),SAU,A,N,CPI,IX,_T,N,_Z,2017,101.2137,A,,2015,,2
OECD.SDD.TPS:DSD_PRICES@DF_PRICES_ALL(1.0),SAU,A,N,CPI,IX,_T,N,_Z,2018,103.7007,A,,2015,,2
OECD.SDD.TPS:DSD_PRICES@DF_PRICES_ALL(1.0),SAU,A,N,CPI,IX,_T,N,_Z,2019,101.5299,A,,2015,,2
OECD.SDD.TPS:DSD_PRICES@DF_PRICES_ALL(1.0),SAU,A,N,CPI,IX,_T,N,_Z,2020,105.0281,A,,2015,,2
OECD.SDD.TPS:DSD_PRICES@DF_PRICES_ALL(1.0),SAU,A,N,CPI,IX,_T,N,_Z,2021,108.2454,A,,2015,,2
OECD.SDD.TPS:DSD_PRICES@DF_PRICES_ALL(1.0),SAU,A,N,CPI,IX,_T,N,_Z,2022,110.9235,A,,2015,,2
OECD.SDD.TPS:DSD_PRICES@DF_PRICES_ALL(1.0),SAU,A,N,CPI,IX,_T,N,_Z,2023,113.5048,A,,2015,,2
OECD.SDD.TPS:DSD_PRICES@DF_PRICES_ALL(1.0),SAU,A,N,CPI,IX,_T,N,_Z,2024,115.4206,A,,2015,,2
OECD.SDD.TPS:DSD_PRICES@DF_PRICES_ALL(1.0),CHE,A,N,CPI,IX,_T,N,_Z,2015,100,A,,2015,,2
OECD.SDD.TPS:DSD_PRICES@DF_PRICES_ALL(1.0),CHE,A,N,CPI,IX,_T,N,_Z,2016,99.56538,A,,2015,,2
OECD.SDD.TPS:DSD_PRICES@DF_PRICES_ALL(1.0),CHE,A,N,CPI,IX,_T,N,_Z,2017,100.0968,A,,2015,,2
OECD.SDD.TPS:DSD_PRICES@DF_PRICES_ALL(1.0),CHE,A,N,CPI,IX,_T,N,_Z,2018,101.0341,A,,2015,,2
OECD.SDD.TPS:DSD_PRICES@DF_PRICES_ALL(1.0),CHE,A,N,CPI,IX,_T,N,_Z,2019,101.4007,A,,2015,,2
OECD.SDD.TPS:DSD_PRICES@DF_PRICES_ALL(1.0),CHE,A,N,CPI,IX,_T,N,_Z,2020,100.6647,A,,2015,,2
OECD.SDD.TPS:DSD_PRICES@DF_PRICES_ALL(1.0),CHE,A,N,CPI,IX,_T,N,_Z,2021,101.2504,A,,2015,,2
OECD.SDD.TPS:DSD_PRICES@DF_PRICES_ALL(1.0),CHE,A,N,CPI,IX,_T,N,_Z,2022,104.1208,A,,2015,,2
OECD.SDD.TPS:DSD_PRICES@DF_PRICES_ALL(1.0),CHE,A,N,CPI,IX,_T,N,_Z,2023,106.3442,A,,2015,,2
OECD.SDD.TPS:DSD_PRICES@DF_PRICES_ALL(1.0),CHE,A,N,CPI,IX,_T,N,_Z,2024,107.474,A,,2015,,2
OECD.SDD.TPS:DSD_PRICES@DF_PRICES_ALL(1.0),CHE,A,N,CPI,IX,_T,N,_Z,2025,107.6399,A,,2015,,2
OECD.SDD.TPS:DSD_PRICES@DF_PRICES_ALL(1.0),NOR,A,N,CPI,IX,_T,N,_Z,2015,100,A,,2015,,2
OECD.SDD.TPS:DSD_PRICES@DF_PRICES_ALL(1.0),NOR,A,N,CPI,IX,_T,N,_Z,2016,103.55,A,,2015,,2
OECD.SDD.TPS:DSD_PRICES@DF_PRICES_ALL(1.0),NOR,A,N,CPI,IX,_T,N,_Z,2017,105.4917,A,,2015,,2
OECD.SDD.TPS:DSD_PRICES@DF_PRICES_ALL(1.0),NOR,A,N,CPI,IX,_T,N,_Z,2018,108.4083,A,,2015,,2
OECD.SDD.TPS:DSD_PRICES@DF_PRICES_ALL(1.0),NOR,A,N,CPI,IX,_T,N,_Z,2019,110.7583,A,,2015,,2
OECD.SDD.TPS:DSD_PRICES@DF_PRICES_ALL(1.0),NOR,A,N,CPI,IX,_T,N,_Z,2020,112.1833,A,,2015,,2
OECD.SDD.TPS:DSD_PRICES@DF_PRICES_ALL(1.0),NOR,A,N,CPI,IX,_T,N,_Z,2021,116.0917,A,,2015,,2
OECD.SDD.TPS:DSD_PRICES@DF_PRICES_ALL(1.0),NOR,A,N,CPI,IX,_T,N,_Z,2022,122.7833,A,,2015,,2
OECD.SDD.TPS:DSD_PRICES@DF_PRICES_ALL(1.0),NOR,A,N,CPI,IX,_T,N,_Z,2023,129.5583,A,,2015,,2
OECD.SDD.TPS:DSD_PRICES@DF_PRICES_ALL(1.0),NOR,A,N,CPI,IX,_T,N,_Z,2024,133.6333,A,,2015,,2
OECD.SDD.TPS:DSD_PRICES@DF_PRICES_ALL(1.0),NOR,A,N,CPI,IX,_T,N,_Z,2025,137.7167,A,,2015,,2
OECD.SDD.TPS:DSD_PRICES@DF_PRICES_ALL(1.0),NZL,A,N,CPI,IX,_T,N,_Z,2015,100,A,,2015,,2
OECD.SDD.TPS:DSD_PRICES@DF_PRICES_ALL(1.0),NZL,A,N,CPI,IX,_T,N,_Z,2016,100.6462,A,,2015,,2
OECD.SDD.TPS:DSD_PRICES@DF_PRICES_ALL(1.0),NZL,A,N,CPI,IX,_T,N,_Z,2017,102.509,A,,2015,,2
OECD.SDD.TPS:DSD_PRICES@DF_PRICES_ALL(1.0),NZL,A,N,CPI,IX,_T,N,_Z,2018,104.1474,A,,2015,,2
OECD.SDD.TPS:DSD_PRICES@DF_PRICES_ALL(1.0),NZL,A,N,CPI,IX,_T,N,_Z,2019,105.8342,A,,2015,,2
OECD.SDD.TPS:DSD_PRICES@DF_PRICES_ALL(1.0),NZL,A,N,CPI,IX,_T,N,_Z,2020,107.6488,A,,2015,,2
OECD.SDD.TPS:DSD_PRICES@DF_PRICES_ALL(1.0),NZL,A,N,CPI,IX,_T,N,_Z,2021,111.8913,A,,2015,,2
OECD.SDD.TPS:DSD_PRICES@DF_PRICES_ALL(1.0),NZL,A,N,CPI,IX,_T,N,_Z,2022,119.9165,A,,2015,,2
OECD.SDD.TPS:DSD_PRICES@DF_PRICES_ALL(1.0),NZL,A,N,CPI,IX,_T,N,_Z,2023,126.7915,A,,2015,,2
OECD.SDD.TPS:DSD_PRICES@DF_PRICES_ALL(1.0),NZL,A,N,CPI,IX,_T,N,_Z,2024,130.4973,A,,2015,,2
OECD.SDD.TPS:DSD_PRICES@DF_PRICES_ALL(1.0),NZL,A,N,CPI,IX,_T,N,_Z,2025,134.2032,A,,2015,,2
OECD.SDD.TPS:DSD_PRICES@DF_PRICES_ALL(1.0),LUX,A,N,CPI,IX,SERV,N,_Z,2020,107.3208,A,,2015,,2
OECD.SDD.TPS:DSD_PRICES@DF_PRICES_ALL(1.0),LUX,A,N,CPI,IX,SERV,N,_Z,2022,113.0858,A,,2015,,2
OECD.SDD.TPS:DSD_PRICES@DF_PRICES_ALL(1.0),POL,A,N,CPI,IX,SERV,N,_Z,2017,103.1884,A,,2015,,2
OECD.SDD.TPS:DSD_PRICES@DF_PRICES_ALL(1.0),POL,A,N,CPI,IX,SERV,N,_Z,2024,163.8142,A,,2015,,2
OECD.SDD.TPS:DSD_PRICES@DF_PRICES_ALL(1.0),MEX,A,N,CPI,IX,SERV,N,_Z,2023,135.3107,A,,2015,,2
OECD.SDD.TPS:DSD_PRICES@DF_PRICES_ALL(1.0),NZL,A,N,CPI,IX,SERV,N,_Z,2022,118.4507,A,,2015,,2
OECD.SDD.TPS:DSD_PRICES@DF_PRICES_ALL(1.0),POL,A,N,CPI,IX,SERV,N,_Z,2015,100,A,,2015,,2
OECD.SDD.TPS:DSD_PRICES@DF_PRICES_ALL(1.0),NLD,A,N,CPI,IX,SERV,N,_Z,2017,102.1592,A,,2015,,2
OECD.SDD.TPS:DSD_PRICES@DF_PRICES_ALL(1.0),NLD,A,N,CPI,IX,SERV,N,_Z,2025,132.0975,A,,2015,,2
OECD.SDD.TPS:DSD_PRICES@DF_PRICES_ALL(1.0),CHE,A,N,CPI,IX,SERV,N,_Z,2020,101.194,A,,2015,,2
OECD.SDD.TPS:DSD_PRICES@DF_PRICES_ALL(1.0),NLD,A,N,CPI,PC,SERV,N,G1,2020,2.535815,A,,,,2
OECD.SDD.TPS:DSD_PRICES@DF_PRICES_ALL(1.0),NLD,A,N,CPI,PC,SERV,N,G1,2025,4.356843,A,,,,2
OECD.SDD.TPS:DSD_PRICES@DF_PRICES_ALL(1.0),NZL,A,N,CPI,PC,SERV,N,G1,2021,3.542298,A,,,,2
OECD.SDD.TPS:DSD_PRICES@DF_PRICES_ALL(1.0),MEX,A,N,CPI,PC,SERV,N,G1,2017,4.041371,A,,,,2
OECD.SDD.TPS:DSD_PRICES@DF_PRICES_ALL(1.0),MEX,A,N,CPI,PC,SERV,N,G1,2020,2.857981,A,,,,2
OECD.SDD.TPS:DSD_PRICES@DF_PRICES_ALL(1.0),POL,A,N,CPI,PC,SERV,N,G1,2015,0.09166667,A,,,,2
OECD.SDD.TPS:DSD_PRICES@DF_PRICES_ALL(1.0),POL,A,N,CPI,PC,SERV,N,G1,2021,0.6,A,,,,2
OECD.SDD.TPS:DSD_PRICES@DF_PRICES_ALL(1.0),LUX,A,N,CPI,PA,SERV,N,GY,2017,1.706575,A,,,,2
OECD.SDD.TPS:DSD_PRICES@DF_PRICES_ALL(1.0),LUX,A,N,CPI,PA,SERV,N,GY,2018,0.7882828,A,,,,2
OECD.SDD.TPS:DSD_PRICES@DF_PRICES_ALL(1.0),LUX,A,N,CPI,PA,SERV,N,GY,2019,2.323018,A,,,,2
OECD.SDD.TPS:DSD_PRICES@DF_PRICES_ALL(1.0),LUX,A,N,CPI,PA,SERV,N,GY,2021,1.501728,A,,,,2
OECD.SDD.TPS:DSD_PRICES@DF_PRICES_ALL(1.0),LUX,A,N,CPI,PA,SERV,N,GY,2024,3.706728,A,,,,2
OECD.SDD.TPS:DSD_PRICES@DF_PRICES_ALL(1.0),RUS,A,N,CPI,PA,SERV,N,GY,2015,13.52667,A,,,,2
OECD.SDD.TPS:DSD_PRICES@DF_PRICES_ALL(1.0),RUS,A,N,CPI,PA,SERV,N,GY,2016,6.785833,A,,,,2
OECD.SDD.TPS:DSD_PRICES@DF_PRICES_ALL(1.0),POL,A,N,CPI,PA,SERV,N,GY,2018,1.633333,A,,,,2
OECD.SDD.TPS:DSD_PRICES@DF_PRICES_ALL(1.0),POL,A,N,CPI,PA,SERV,N,GY,2022,11.20833,A,,,,2
OECD.SDD.TPS:DSD_PRICES@DF_PRICES_ALL(1.0),MEX,A,N,CPI,PA,SERV,N,GY,2021,3.087557,A,,,,2
OECD.SDD.TPS:DSD_PRICES@DF_PRICES_ALL(1.0),CHE,A,N,CPI,PA,SERV,N,GY,2024,2.013328,A,,,,2
OECD.SDD.TPS:DSD_PRICES@DF_PRICES_ALL(1.0),NLD,A,HICP,CPI,PC,SERV,N,G1,2015,1.8,A,,,,2
OECD.SDD.TPS:DSD_PRICES@DF_PRICES_ALL(1.0),NLD,A,HICP,CPI,PC,SERV,N,G1,2016,0.5,A,,,,2
OECD.SDD.TPS:DSD_PRICES@DF_PRICES_ALL(1.0),NLD,A,HICP,CPI,PC,SERV,N,G1,2017,1.3,A,,,,2
OECD.SDD.TPS:DSD_PRICES@DF_PRICES_ALL(1.0),NLD,A,HICP,CPI,PC,SERV,N,G1,2018,1.5,A,,,,2
OECD.SDD.TPS:DSD_PRICES@DF_PRICES_ALL(1.0),NLD,A,HICP,CPI,PC,SERV,N,G1,2019,2.7,A,,,,2
OECD.SDD.TPS:DSD_PRICES@DF_PRICES_ALL(1.0),NLD,A,HICP,CPI,PC,SERV,N,G1,2020,2.3,A,,,,2
OECD.SDD.TPS:DSD_PRICES@DF_PRICES_ALL(1.0),NLD,A,HICP,CPI,PC,SERV,N,G1,2021,1.7,A,,,,2
OECD.SDD.TPS:DSD_PRICES@DF_PRICES_ALL(1.0),NLD,A,HICP,CPI,PC,SERV,N,G1,2022,4,A,,,,2
OECD.SDD.TPS:DSD_PRICES@DF_PRICES_ALL(1.0),NLD,A,HICP,CPI,PC,SERV,N,G1,2023,6.3,A,,,,2
OECD.SDD.TPS:DSD_PRICES@DF_PRICES_ALL(1.0),NLD,A,HICP,CPI,PC,SERV,N,G1,2024,5.3,A,,,,2
OECD.SDD.TPS:DSD_PRICES@DF_PRICES_ALL(1.0),NLD,A,HICP,CPI,PC,SERV,N,G1,2025,3.9,A,,,,2
OECD.SDD.TPS:DSD_PRICES@DF_PRICES_ALL(1.0),NOR,A,HICP,CPI,PC,SERV,N,G1,2015,2.6,A,,,,2
OECD.SDD.TPS:DSD_PRICES@DF_PRICES_ALL(1.0),NOR,A,HICP,CPI,PC,SERV,N,G1,2016,3.3,A,,,,2
OECD.SDD.TPS:DSD_PRICES@DF_PRICES_ALL(1.0),NOR,A,HICP,CPI,PC,SERV,N,G1,2017,2.6,A,,,,2
OECD.SDD.TPS:DSD_PRICES@DF_PRICES_ALL(1.0),NOR,A,HICP,CPI,PC,SERV,N,G1,2018,2.6,A,,,,2
OECD.SDD.TPS:DSD_PRICES@DF_PRICES_ALL(1.0),NOR,A,HICP,CPI,PC,SERV,N,G1,2019,3.3,A,,,,2
OECD.SDD.TPS:DSD_PRICES@DF_PRICES_ALL(1.0),NOR,A,HICP,CPI,PC,SERV,N,G1,2020,2.9,A,,,,2
OECD.SDD.TPS:DSD_PRICES@DF_PRICES_ALL(1.0),NOR,A,HICP,CPI,PC,SERV,N,G1,2021,1.8,A,,,,2
OECD.SDD.TPS:DSD_PRICES@DF_PRICES_ALL(1.0),NOR,A,HICP,CPI,PC,SERV,N,G1,2022,4.3,A,,,,2
OECD.SDD.TPS:DSD_PRICES@DF_PRICES_ALL(1.0),NOR,A,HICP,CPI,PC,SERV,N,G1,2023,6.1,A,,,,2
OECD.SDD.TPS:DSD_PRICES@DF_PRICES_ALL(1.0),NOR,A,HICP,CPI,PC,SERV,N,G1,2024,3.9,A,,,,2
OECD.SDD.TPS:DSD_PRICES@DF_PRICES_ALL(1.0),NOR,A,HICP,CPI,PC,SERV,N,G1,2025,3.6,A,,,,2
OECD.SDD.TPS:DSD_PRICES@DF_PRICES_ALL(1.0),POL,A,HICP,CPI,PC,SERV,N,G1,2015,1.7,A,,,,2
OECD.SDD.TPS:DSD_PRICES@DF_PRICES_ALL(1.0),POL,A,HICP,CPI,PC,SERV,N,G1,2016,1.8,A,,,,2
OECD.SDD.TPS:DSD_PRICES@DF_PRICES_ALL(1.0),POL,A,HICP,CPI,PC,SERV,N,G1,2017,2.4,A,,,,2
OECD.SDD.TPS:DSD_PRICES@DF_PRICES_ALL(1.0),POL,A,HICP,CPI,PC,SERV,N,G1,2018,0.8,A,,,,2
OECD.SDD.TPS:DSD_PRICES@DF_PRICES_ALL(1.0),POL,A,HICP,CPI,PC,SERV,N,G1,2019,3.5,A,,,,2
OECD.SDD.TPS:DSD_PRICES@DF_PRICES_ALL(1.0),POL,A,HICP,CPI,PC,SERV,N,G1,2020,7.8,A,,,,2
OECD.SDD.TPS:DSD_PRICES@DF_PRICES_ALL(1.0),POL,A,HICP,CPI,PC,SERV,N,G1,2021,7.3,A,,,,2
OECD.SDD.TPS:DSD_PRICES@DF_PRICES_ALL(1.0),POL,A,HICP,CPI,PC,SERV,N,G1,2022,12.3,A,,,,2
OECD.SDD.TPS:DSD_PRICES@DF_PRICES_ALL(1.0),POL,A,HICP,CPI,PC,SERV,N,G1,2023,10.7,A,,,,2
OECD.SDD.TPS:DSD_PRICES@DF_PRICES_ALL(1.0),POL,A,HICP,CPI,PC,SERV,N,G1,2024,6.7,A,,,,2
OECD.SDD.TPS:DSD_PRICES@DF_PRICES_ALL(1.0),POL,A,HICP,CPI,PC,SERV,N,G1,2025,5.6,A,,,,2
OECD.SDD.TPS:DSD_PRICES@DF_PRICES_ALL(1.0),ROU,A,HICP,CPI,PC,SERV,N,G1,2015,2.2,A,,,,2
OECD.SDD.TPS:DSD_PRICES@DF_PRICES_ALL(1.0),ROU,A,HICP,CPI,PC,GD,N,G1,2015,-1.3,A,,,,2
OECD.SDD.TPS:DSD_PRICES@DF_PRICES_ALL(1.0),ROU,A,HICP,CPI,PC,GD,N,G1,2016,-1.7,A,,,,2
OECD.SDD.TPS:DSD_PRICES@DF_PRICES_ALL(1.0),ROU,A,HICP,CPI,PC,SERV,N,G1,2016,0.7,A,,,,2
OECD.SDD.TPS:DSD_PRICES@DF_PRICES_ALL(1.0),ROU,A,HICP,CPI,PC,SERV,N,G1,2017,-0.5,A,,,,2
OECD.SDD.TPS:DSD_PRICES@DF_PRICES_ALL(1.0),ROU,A,HICP,CPI,PC,GD,N,G1,2017,1.6,A,,,,2
OECD.SDD.TPS:DSD_PRICES@DF_PRICES_ALL(1.0),ROU,A,HICP,CPI,PC,GD,N,G1,2018,4.5,A,,,,2
OECD.SDD.TPS:DSD_PRICES@DF_PRICES_ALL(1.0),ROU,A,HICP,CPI,PC,SERV,N,G1,2018,2.7,A,,,,2
OECD.SDD.TPS:DSD_PRICES@DF_PRICES_ALL(1.0),ROU,A,HICP,CPI,PC,SERV,N,G1,2019,3.6,A,,,,2
OECD.SDD.TPS:DSD_PRICES@DF_PRICES_ALL(1.0),ROU,A,HICP,CPI,PC,GD,N,G1,2019,4,A,,,,2
OECD.SDD.TPS:DSD_PRICES@DF_PRICES_ALL(1.0),ROU,A,HICP,CPI,PC,GD,N,G1,2020,2.2,A,,,,2
OECD.SDD.TPS:DSD_PRICES@DF_PRICES_ALL(1.0),ROU,A,HICP,CPI,PC,SERV,N,G1,2020,2.7,A,,,,2
OECD.SDD.TPS:DSD_PRICES@DF_PRICES_ALL(1.0),ROU,A,HICP,CPI,PC,SERV,N,G1,2021,2.7,A,,,,2
OECD.SDD.TPS:DSD_PRICES@DF_PRICES_ALL(1.0),ROU,A,HICP,CPI,PC,GD,N,G1,2021,4.5,A,,,,2
OECD.SDD.TPS:DSD_PRICES@DF_PRICES_ALL(1.0),ROU,A,HICP,CPI,PC,GD,N,G1,2022,13.7,A,,,,2
OECD.SDD.TPS:DSD_PRICES@DF_PRICES_ALL(1.0),ROU,A,HICP,CPI,PC,SERV,N,G1,2022,6.3,A,,,,2
OECD.SDD.TPS:DSD_PRICES@DF_PRICES_ALL(1.0),ROU,A,HICP,CPI,PC,SERV,N,G1,2023,9.9,A,,,,2
OECD.SDD.TPS:DSD_PRICES@DF_PRICES_ALL(1.0),ROU,A,HICP,CPI,PC,GD,N,G1,2023,9.7,A,,,,2
OECD.SDD.TPS:DSD_PRICES@DF_PRICES_ALL(1.0),ROU,A,HICP,CPI,PC,GD,N,G1,2024,5.2,A,,,,2
OECD.SDD.TPS:DSD_PRICES@DF_PRICES_ALL(1.0),ROU,A,HICP,CPI,PC,SERV,N,G1,2024,8.1,A,,,,2
OECD.SDD.TPS:DSD_PRICES@DF_PRICES_ALL(1.0),ROU,A,HICP,CPI,PC,SERV,N,G1,2025,8,A,,,,2
OECD.SDD.TPS:DSD_PRICES@DF_PRICES_ALL(1.0),ROU,A,HICP,CPI,PC,GD,N,G1,2025,6.4,A,,,,2
OECD.SDD.TPS:DSD_PRICES@DF_PRICES_ALL(1.0),HRV,A,HICP,CPI,PC,GD,N,G1,2015,-1,A,,,,2
OECD.SDD.TPS:DSD_PRICES@DF_PRICES_ALL(1.0),HRV,A,HICP,CPI,PC,SERV,N,G1,2015,1.4,A,,,,2
OECD.SDD.TPS:DSD_PRICES@DF_PRICES_ALL(1.0),HRV,A,HICP,CPI,PC,SERV,N,G1,2016,0,A,,,,2
OECD.SDD.TPS:DSD_PRICES@DF_PRICES_ALL(1.0),HRV,A,HICP,CPI,PC,GD,N,G1,2016,-1,A,,,,2
OECD.SDD.TPS:DSD_PRICES@DF_PRICES_ALL(1.0),HRV,A,HICP,CPI,PC,GD,N,G1,2017,1.4,A,,,,2
OECD.SDD.TPS:DSD_PRICES@DF_PRICES_ALL(1.0),HRV,A,HICP,CPI,PC,SERV,N,G1,2017,1.2,A,,,,2
OECD.SDD.TPS:DSD_PRICES@DF_PRICES_ALL(1.0),HRV,A,HICP,CPI,PC,SERV,N,G1,2018,1.4,A,,,,2
OECD.SDD.TPS:DSD_PRICES@DF_PRICES_ALL(1.0),HRV,A,HICP,CPI,PC,GD,N,G1,2018,1.6,A,,,,2
OECD.SDD.TPS:DSD_PRICES@DF_PRICES_ALL(1.0),HRV,A,HICP,CPI,PC,GD,N,G1,2019,0.4,A,,,,2
OECD.SDD.TPS:DSD_PRICES@DF_PRICES_ALL(1.0),HRV,A,HICP,CPI,PC,SERV,N,G1,2019,1.5,A,,,,2
OECD.SDD.TPS:DSD_PRICES@DF_PRICES_ALL(1.0),HRV,A,HICP,CPI,PC,SERV,N,G1,2020,0.8,A,,,,2
OECD.SDD.TPS:DSD_PRICES@DF_PRICES_ALL(1.0),HRV,A,HICP,CPI,PC,GD,N,G1,2020,-0.4,A,,,,2
OECD.SDD.TPS:DSD_PRICES@DF_PRICES_ALL(1.0),HRV,A,HICP,CPI,PC,GD,N,G1,2021,3,A,,,,2
OECD.SDD.TPS:DSD_PRICES@DF_PRICES_ALL(1.0),HRV,A,HICP,CPI,PC,SERV,N,G1,2021,2,A,,,,2
OECD.SDD.TPS:DSD_PRICES@DF_PRICES_ALL(1.0),HRV,A,HICP,CPI,PC,SERV,N,G1,2022,7.2,A,,,,2
OECD.SDD.TPS:DSD_PRICES@DF_PRICES_ALL(1.0),HRV,A,HICP,CPI,PC,GD,N,G1,2022,12.3,A,,,,2
OECD.SDD.TPS:DSD_PRICES@DF_PRICES_ALL(1.0),HRV,A,HICP,CPI,PC,GD,N,G1,2023,7.6,A,,,,2
OECD.SDD.TPS:DSD_PRICES@DF_PRICES_ALL(1.0),HRV,A,HICP,CPI,PC,SERV,N,G1,2023,10.1,A,,,,2
OECD.SDD.TPS:DSD_PRICES@DF_PRICES_ALL(1.0),HRV,A,HICP,CPI,PC,SERV,N,G1,2024,7.6,A,,,,2
OECD.SDD.TPS:DSD_PRICES@DF_PRICES_ALL(1.0),HRV,A,HICP,CPI,PC,GD,N,G1,2024,2.3,A,,,,2
OECD.SDD.TPS:DSD_PRICES@DF_PRICES_ALL(1.0),HRV,A,HICP,CPI,PC,GD,N,G1,2025,2.9,A,,,,2
OECD.SDD.TPS:DSD_PRICES@DF_PRICES_ALL(1.0),HRV,A,HICP,CPI,PC,SERV,N,G1,2025,7.4,A,,,,2
OECD.SDD.TPS:DSD_PRICES@DF_PRICES_ALL(1.0),TUR,A,HICP,CPI,PC,SERV,N,G1,2015,8.4,A,,,,2
OECD.SDD.TPS:DSD_PRICES@DF_PRICES_ALL(1.0),TUR,A,HICP,CPI,PC,SERV,N,G1,2016,8.2,A,,,,2
OECD.SDD.TPS:DSD_PRICES@DF_PRICES_ALL(1.0),TUR,A,HICP,CPI,PC,SERV,N,G1,2017,9,A,,,,2
OECD.SDD.TPS:DSD_PRICES@DF_PRICES_ALL(1.0),TUR,A,HICP,CPI,PC,SERV,N,G1,2018,11.6,A,,,,2
OECD.SDD.TPS:DSD_PRICES@DF_PRICES_ALL(1.0),SWE,A,HICP,CPI,PC,SERV,N,G1,2015,1.3,A,,,,2
OECD.SDD.TPS:DSD_PRICES@DF_PRICES_ALL(1.0),SWE,A,HICP,CPI,PC,SERV,N,G1,2016,1.3,A,,,,2
OECD.SDD.TPS:DSD_PRICES@DF_PRICES_ALL(1.0),SWE,A,HICP,CPI,PC,SERV,N,G1,2017,2.3,A,,,,2
OECD.SDD.TPS:DSD_PRICES@DF_PRICES_ALL(1.0),SWE,A,HICP,CPI,PC,SERV,N,G1,2018,1.8,A,,,,2
OECD.SDD.TPS:DSD_PRICES@DF_PRICES_ALL(1.0),SWE,A,HICP,CPI,PC,SERV,N,G1,2019,2,A,,,,2
OECD.SDD.TPS:DSD_PRICES@DF_PRICES_ALL(1.0),SWE,A,HICP,CPI,PC,SERV,N,G1,2020,1.8,A,,,,2
OECD.SDD.TPS:DSD_PRICES@DF_PRICES_ALL(1.0),SWE,A,HICP,CPI,PC,SERV,N,G1,2021,2.5,A,,,,2
OECD.SDD.TPS:DSD_PRICES@DF_PRICES_ALL(1.0),SWE,A,HICP,CPI,PC,SERV,N,G1,2022,4.1,A,,,,2
OECD.SDD.TPS:DSD_PRICES@DF_PRICES_ALL(1.0),SWE,A,HICP,CPI,PC,SERV,N,G1,2023,5.7,A,,,,2
OECD.SDD.TPS:DSD_PRICES@DF_PRICES_ALL(1.0),SWE,A,HICP,CPI,PC,SERV,N,G1,2024,4.9,A,,,,2
OECD.SDD.TPS:DSD_PRICES@DF_PRICES_ALL(1.0),SWE,A,HICP,CPI,PC,SERV,N,G1,2025,3.9,A,,,,2
OECD.SDD.TPS:DSD_PRICES@DF_PRICES_ALL(1.0),CHE,A,HICP,CPI,PC,SERV,N,G1,2015,0.3,A,,,,2
OECD.SDD.TPS:DSD_PRICES@DF_PRICES_ALL(1.0),CHE,A,HICP,CPI,PC,SERV,N,G1,2016,-0.3,A,,,,2
OECD.SDD.TPS:DSD_PRICES@DF_PRICES_ALL(1.0),CHE,A,HICP,CPI,PC,SERV,N,G1,2017,0.5,A,,,,2
OECD.SDD.TPS:DSD_PRICES@DF_PRICES_ALL(1.0),CHE,A,HICP,CPI,PC,SERV,N,G1,2018,0.4,A,,,,2
OECD.SDD.TPS:DSD_PRICES@DF_PRICES_ALL(1.0),CHE,A,HICP,CPI,PC,SERV,N,G1,2019,0.5,A,,,,2
OECD.SDD.TPS:DSD_PRICES@DF_PRICES_ALL(1.0),CHE,A,HICP,CPI,PC,SERV,N,G1,2020,-0.3,A,,,,2
OECD.SDD.TPS:DSD_PRICES@DF_PRICES_ALL(1.0),CHE,A,HICP,CPI,PC,SERV,N,G1,2021,0.3,A,,,,2
OECD.SDD.TPS:DSD_PRICES@DF_PRICES_ALL(1.0),CHE,A,HICP,CPI,PC,SERV,N,G1,2022,1,A,,,,2
OECD.SDD.TPS:DSD_PRICES@DF_PRICES_ALL(1.0),CHE,A,HICP,CPI,PC,SERV,N,G1,2023,1.8,A,,,,2
OECD.SDD.TPS:DSD_PRICES@DF_PRICES_ALL(1.0),CHE,A,HICP,CPI,PC,SERV,N,G1,2024,2,A,,,,2
OECD.SDD.TPS:DSD_PRICES@DF_PRICES_ALL(1.0),CHE,A,HICP,CPI,PC,SERV,N,G1,2025,1.2,A,,,,2
OECD.SDD.TPS:DSD_PRICES@DF_PRICES_ALL(1.0),ITA,A,HICP,CPI,PC,SERV,N,G1,2015,0.6,A,,,,2
OECD.SDD.TPS:DSD_PRICES@DF_PRICES_ALL(1.0),ITA,A,HICP,CPI,PC,SERV,N,G1,2016,0.6,A,,,,2
OECD.SDD.TPS:DSD_PRICES@DF_PRICES_ALL(1.0),ITA,A,HICP,CPI,PC,SERV,N,G1,2017,1.2,A,,,,2
OECD.SDD.TPS:DSD_PRICES@DF_PRICES_ALL(1.0),LUX,A,HICP,CPI,PC,SERV,N,G1,2015,2,A,,,,2
OECD.SDD.TPS:DSD_PRICES@DF_PRICES_ALL(1.0),LUX,A,HICP,CPI,PC,SERV,N,G1,2016,1,A,,,,2
OECD.SDD.TPS:DSD_PRICES@DF_PRICES_ALL(1.0),LUX,A,HICP,CPI,PC,SERV,N,G1,2017,1.7,A,,,,2
OECD.SDD.TPS:DSD_PRICES@DF_PRICES_ALL(1.0),LUX,A,HICP,CPI,PC,SERV,N,G1,2018,0.9,A,,,,2
OECD.SDD.TPS:DSD_PRICES@DF_PRICES_ALL(1.0),LUX,A,HICP,CPI,PC,SERV,N,G1,2019,2.4,A,,,,2
OECD.SDD.TPS:DSD_PRICES@DF_PRICES_ALL(1.0),LUX,A,HICP,CPI,PC,SERV,N,G1,2020,1.2,A,,,,2
OECD.SDD.TPS:DSD_PRICES@DF_PRICES_ALL(1.0),LUX,A,HICP,CPI,PC,SERV,N,G1,2021,1.5,A,,,,2
OECD.SDD.TPS:DSD_PRICES@DF_PRICES_ALL(1.0),LUX,A,HICP,CPI,PC,SERV,N,G1,2022,4.1,A,,,,2
OECD.SDD.TPS:DSD_PRICES@DF_PRICES_ALL(1.0),LUX,A,HICP,CPI,PC,SERV,N,G1,2023,3.2,A,,,,2
OECD.SDD.TPS:DSD_PRICES@DF_PRICES_ALL(1.0),LUX,A,HICP,CPI,PC,SERV,N,G1,2024,3.8,A,,,,2
OECD.SDD.TPS:DSD_PRICES@DF_PRICES_ALL(1.0),LUX,A,HICP,CPI,PC,SERV,N,G1,2025,2.5,A,,,,2
OECD.SDD.TPS:DSD_PRICES@DF_PRICES_ALL(1.0),LUX,A,HICP,CPI,PA,SERV,N,GY,2015,2,A,,,,2
OECD.SDD.TPS:DSD_PRICES@DF_PRICES_ALL(1.0),LUX,A,HICP,CPI,PA,SERV,N,GY,2016,1,A,,,,2
OECD.SDD.TPS:DSD_PRICES@DF_PRICES_ALL(1.0),LUX,A,HICP,CPI,PA,SERV,N,GY,2017,1.7,A,,,,2
OECD.SDD.TPS:DSD_PRICES@DF_PRICES_ALL(1.0),LUX,A,HICP,CPI,PA,SERV,N,GY,2018,0.9,A,,,,2
OECD.SDD.TPS:DSD_PRICES@DF_PRICES_ALL(1.0),LUX,A,HICP,CPI,PA,SERV,N,GY,2019,2.4,A,,,,2
OECD.SDD.TPS:DSD_PRICES@DF_PRICES_ALL(1.0),LUX,A,HICP,CPI,PA,SERV,N,GY,2020,1.2,A,,,,2
OECD.SDD.TPS:DSD_PRICES@DF_PRICES_ALL(1.0),LUX,A,HICP,CPI,PA,SERV,N,GY,2021,1.5,A,,,,2
OECD.SDD.TPS:DSD_PRICES@DF_PRICES_ALL(1.0),LUX,A,HICP,CPI,PA,SERV,N,GY,2022,4.1,A,,,,2
OECD.SDD.TPS:DSD_PRICES@DF_PRICES_ALL(1.0),LUX,A,HICP,CPI,PA,SERV,N,GY,2023,3.2,A,,,,2
OECD.SDD.TPS:DSD_PRICES@DF_PRICES_ALL(1.0),LUX,A,HICP,CPI,PA,SERV,N,GY,2024,3.8,A,,,,2
OECD.SDD.TPS:DSD_PRICES@DF_PRICES_ALL(1.0),LUX,A,HICP,CPI,PA,SERV,N,GY,2025,2.5,A,,,,2
OECD.SDD.TPS:DSD_PRICES@DF_PRICES_ALL(1.0),ITA,A,HICP,CPI,PA,SERV,N,GY,2015,0.6,A,,,,2
OECD.SDD.TPS:DSD_PRICES@DF_PRICES_ALL(1.0),ITA,A,HICP,CPI,PA,SERV,N,GY,2016,0.6,A,,,,2
OECD.SDD.TPS:DSD_PRICES@DF_PRICES_ALL(1.0),ITA,A,HICP,CPI,PA,SERV,N,GY,2017,1.2,A,,,,2
OECD.SDD.TPS:DSD_PRICES@DF_PRICES_ALL(1.0),CHE,A,HICP,CPI,PA,SERV,N,GY,2015,0.3,A,,,,2
OECD.SDD.TPS:DSD_PRICES@DF_PRICES_ALL(1.0),CHE,A,HICP,CPI,PA,SERV,N,GY,2016,-0.3,A,,,,2
OECD.SDD.TPS:DSD_PRICES@DF_PRICES_ALL(1.0),CHE,A,HICP,CPI,PA,SERV,N,GY,2017,0.5,A,,,,2
OECD.SDD.TPS:DSD_PRICES@DF_PRICES_ALL(1.0),CHE,A,HICP,CPI,PA,SERV,N,GY,2018,0.4,A,,,,2
OECD.SDD.TPS:DSD_PRICES@DF_PRICES_ALL(1.0),CHE,A,HICP,CPI,PA,SERV,N,GY,2019,0.5,A,,,,2
OECD.SDD.TPS:DSD_PRICES@DF_PRICES_ALL(1.0),CHE,A,HICP,CPI,PA,SERV,N,GY,2020,-0.3,A,,,,2
OECD.SDD.TPS:DSD_PRICES@DF_PRICES_ALL(1.0),CHE,A,HICP,CPI,PA,SERV,N,GY,2021,0.3,A,,,,2
OECD.SDD.TPS:DSD_PRICES@DF_PRICES_ALL(1.0),CHE,A,HICP,CPI,PA,SERV,N,GY,2022,1,A,,,,2
OECD.SDD.TPS:DSD_PRICES@DF_PRICES_ALL(1.0),CHE,A,HICP,CPI,PA,SERV,N,GY,2023,1.8,A,,,,2
OECD.SDD.TPS:DSD_PRICES@DF_PRICES_ALL(1.0),CHE,A,HICP,CPI,PA,SERV,N,GY,2024,2,A,,,,2
OECD.SDD.TPS:DSD_PRICES@DF_PRICES_ALL(1.0),CHE,A,HICP,CPI,PA,SERV,N,GY,2025,1.2,A,,,,2
OECD.SDD.TPS:DSD_PRICES@DF_PRICES_ALL(1.0),SWE,A,HICP,CPI,PA,SERV,N,GY,2015,1.3,A,,,,2
OECD.SDD.TPS:DSD_PRICES@DF_PRICES_ALL(1.0),SWE,A,HICP,CPI,PA,SERV,N,GY,2016,1.3,A,,,,2
OECD.SDD.TPS:DSD_PRICES@DF_PRICES_ALL(1.0),SWE,A,HICP,CPI,PA,SERV,N,GY,2017,2.3,A,,,,2
OECD.SDD.TPS:DSD_PRICES@DF_PRICES_ALL(1.0),SWE,A,HICP,CPI,PA,SERV,N,GY,2018,1.8,A,,,,2
OECD.SDD.TPS:DSD_PRICES@DF_PRICES_ALL(1.0),SWE,A,HICP,CPI,PA,SERV,N,GY,2019,2,A,,,,2
OECD.SDD.TPS:DSD_PRICES@DF_PRICES_ALL(1.0),SWE,A,HICP,CPI,PA,SERV,N,GY,2020,1.8,A,,,,2
OECD.SDD.TPS:DSD_PRICES@DF_PRICES_ALL(1.0),SWE,A,HICP,CPI,PA,SERV,N,GY,2021,2.5,A,,,,2
OECD.SDD.TPS:DSD_PRICES@DF_PRICES_ALL(1.0),SWE,A,HICP,CPI,PA,SERV,N,GY,2022,4.1,A,,,,2
OECD.SDD.TPS:DSD_PRICES@DF_PRICES_ALL(1.0),SWE,A,HICP,CPI,PA,SERV,N,GY,2023,5.7,A,,,,2
OECD.SDD.TPS:DSD_PRICES@DF_PRICES_ALL(1.0),SWE,A,HICP,CPI,PA,SERV,N,GY,2024,4.9,A,,,,2
OECD.SDD.TPS:DSD_PRICES@DF_PRICES_ALL(1.0),SWE,A,HICP,CPI,PA,SERV,N,GY,2025,3.9,A,,,,2
OECD.SDD.TPS:DSD_PRICES@DF_PRICES_ALL(1.0),TUR,A,HICP,CPI,PA,SERV,N,GY,2015,8.4,A,,,,2
OECD.SDD.TPS:DSD_PRICES@DF_PRICES_ALL(1.0),TUR,A,HICP,CPI,PA,SERV,N,GY,2016,8.2,A,,,,2
OECD.SDD.TPS:DSD_PRICES@DF_PRICES_ALL(1.0),TUR,A,HICP,CPI,PA,SERV,N,GY,2017,9,A,,,,2
OECD.SDD.TPS:DSD_PRICES@DF_PRICES_ALL(1.0),TUR,A,HICP,CPI,PA,SERV,N,GY,2018,11.6,A,,,,2
OECD.SDD.TPS:DSD_PRICES@DF_PRICES_ALL(1.0),HRV,A,HICP,CPI,PA,GD,N,GY,2015,-1,A,,,,2
OECD.SDD.TPS:DSD_PRICES@DF_PRICES_ALL(1.0),HRV,A,HICP,CPI,PA,SERV,N,GY,2015,1.4,A,,,,2
OECD.SDD.TPS:DSD_PRICES@DF_PRICES_ALL(1.0),HRV,A,HICP,CPI,PA,GD,N,GY,2016,-1,A,,,,2
OECD.SDD.TPS:DSD_PRICES@DF_PRICES_ALL(1.0),HRV,A,HICP,CPI,PA,SERV,N,GY,2016,0,A,,,,2
OECD.SDD.TPS:DSD_PRICES@DF_PRICES_ALL(1.0),HRV,A,HICP,CPI,PA,GD,N,GY,2017,1.4,A,,,,2
OECD.SDD.TPS:DSD_PRICES@DF_PRICES_ALL(1.0),HRV,A,HICP,CPI,PA,SERV,N,GY,2017,1.2,A,,,,2
OECD.SDD.TPS:DSD_PRICES@DF_PRICES_ALL(1.0),HRV,A,HICP,CPI,PA,GD,N,GY,2018,1.6,A,,,,2
OECD.SDD.TPS:DSD_PRICES@DF_PRICES_ALL(1.0),HRV,A,HICP,CPI,PA,SERV,N,GY,2018,1.4,A,,,,2
OECD.SDD.TPS:DSD_PRICES@DF_PRICES_ALL(1.0),HRV,A,HICP,CPI,PA,GD,N,GY,2019,0.4,A,,,,2
OECD.SDD.TPS:DSD_PRICES@DF_PRICES_ALL(1.0),HRV,A,HICP,CPI,PA,SERV,N,GY,2019,1.5,A,,,,2
OECD.SDD.TPS:DSD_PRICES@DF_PRICES_ALL(1.0),HRV,A,HICP,CPI,PA,GD,N,GY,2020,-0.4,A,,,,2
OECD.SDD.TPS:DSD_PRICES@DF_PRICES_ALL(1.0),HRV,A,HICP,CPI,PA,SERV,N,GY,2020,0.8,A,,,,2
OECD.SDD.TPS:DSD_PRICES@DF_PRICES_ALL(1.0),HRV,A,HICP,CPI,PA,GD,N,GY,2021,3,A,,,,2
OECD.SDD.TPS:DSD_PRICES@DF_PRICES_ALL(1.0),HRV,A,HICP,CPI,PA,SERV,N,GY,2021,2,A,,,,2
OECD.SDD.TPS:DSD_PRICES@DF_PRICES_ALL(1.0),HRV,A,HICP,CPI,PA,GD,N,GY,2022,12.3,A,,,,2
OECD.SDD.TPS:DSD_PRICES@DF_PRICES_ALL(1.0),HRV,A,HICP,CPI,PA,SERV,N,GY,2022,7.2,A,,,,2
OECD.SDD.TPS:DSD_PRICES@DF_PRICES_ALL(1.0),HRV,A,HICP,CPI,PA,GD,N,GY,2023,7.6,A,,,,2
OECD.SDD.TPS:DSD_PRICES@DF_PRICES_ALL(1.0),HRV,A,HICP,CPI,PA,SERV,N,GY,2023,10.1,A,,,,2
OECD.SDD.TPS:DSD_PRICES@DF_PRICES_ALL(1.0),HRV,A,HICP,CPI,PA,GD,N,GY,2024,2.3,A,,,,2
OECD.SDD.TPS:DSD_PRICES@DF_PRICES_ALL(1.0),HRV,A,HICP,CPI,PA,SERV,N,GY,2024,7.6,A,,,,2
OECD.SDD.TPS:DSD_PRICES@DF_PRICES_ALL(1.0),HRV,A,HICP,CPI,PA,GD,N,GY,2025,2.9,A,,,,2
OECD.SDD.TPS:DSD_PRICES@DF_PRICES_ALL(1.0),HRV,A,HICP,CPI,PA,SERV,N,GY,2025,7.4,A,,,,2
OECD.SDD.TPS:DSD_PRICES@DF_PRICES_ALL(1.0),ROU,A,HICP,CPI,PA,GD,N,GY,2015,-1.3,A,,,,2
OECD.SDD.TPS:DSD_PRICES@DF_PRICES_ALL(1.0),ROU,A,HICP,CPI,PA,SERV,N,GY,2015,2.2,A,,,,2
OECD.SDD.TPS:DSD_PRICES@DF_PRICES_ALL(1.0),ROU,A,HICP,CPI,PA,SERV,N,GY,2016,0.7,A,,,,2
OECD.SDD.TPS:DSD_PRICES@DF_PRICES_ALL(1.0),ROU,A,HICP,CPI,PA,GD,N,GY,2016,-1.7,A,,,,2
OECD.SDD.TPS:DSD_PRICES@DF_PRICES_ALL(1.0),ROU,A,HICP,CPI,PA,GD,N,GY,2017,1.6,A,,,,2
OECD.SDD.TPS:DSD_PRICES@DF_PRICES_ALL(1.0),ROU,A,HICP,CPI,PA,SERV,N,GY,2017,-0.5,A,,,,2
OECD.SDD.TPS:DSD_PRICES@DF_PRICES_ALL(1.0),ROU,A,HICP,CPI,PA,SERV,N,GY,2018,2.7,A,,,,2
OECD.SDD.TPS:DSD_PRICES@DF_PRICES_ALL(1.0),ROU,A,HICP,CPI,PA,GD,N,GY,2018,4.5,A,,,,2
OECD.SDD.TPS:DSD_PRICES@DF_PRICES_ALL(1.0),ROU,A,HICP,CPI,PA,GD,N,GY,2019,4,A,,,,2
OECD.SDD.TPS:DSD_PRICES@DF_PRICES_ALL(1.0),ROU,A,HICP,CPI,PA,SERV,N,GY,2019,3.6,A,,,,2
OECD.SDD.TPS:DSD_PRICES@DF_PRICES_ALL(1.0),ROU,A,HICP,CPI,PA,SERV,N,GY,2020,2.7,A,,,,2
OECD.SDD.TPS:DSD_PRICES@DF_PRICES_ALL(1.0),ROU,A,HICP,CPI,PA,GD,N,GY,2020,2.2,A,,,,2
OECD.SDD.TPS:DSD_PRICES@DF_PRICES_ALL(1.0),ROU,A,HICP,CPI,PA,GD,N,GY,2021,4.5,A,,,,2
OECD.SDD.TPS:DSD_PRICES@DF_PRICES_ALL(1.0),ROU,A,HICP,CPI,PA,SERV,N,GY,2021,2.7,A,,,,2
OECD.SDD.TPS:DSD_PRICES@DF_PRICES_ALL(1.0),ROU,A,HICP,CPI,PA,SERV,N,GY,2022,6.3,A,,,,2
OECD.SDD.TPS:DSD_PRICES@DF_PRICES_ALL(1.0),ROU,A,HICP,CPI,PA,GD,N,GY,2022,13.7,A,,,,2
OECD.SDD.TPS:DSD_PRICES@DF_PRICES_ALL(1.0),ROU,A,HICP,CPI,PA,GD,N,GY,2023,9.7,A,,,,2
OECD.SDD.TPS:DSD_PRICES@DF_PRICES_ALL(1.0),ROU,A,HICP,CPI,PA,SERV,N,GY,2023,9.9,A,,,,2
OECD.SDD.TPS:DSD_PRICES@DF_PRICES_ALL(1.0),ROU,A,HICP,CPI,PA,SERV,N,GY,2024,8.1,A,,,,2
OECD.SDD.TPS:DSD_PRICES@DF_PRICES_ALL(1.0),ROU,A,HICP,CPI,PA,GD,N,GY,2024,5.2,A,,,,2
OECD.SDD.TPS:DSD_PRICES@DF_PRICES_ALL(1.0),ROU,A,HICP,CPI,PA,GD,N,GY,2025,6.4,A,,,,2
OECD.SDD.TPS:DSD_PRICES@DF_PRICES_ALL(1.0),ROU,A,HICP,CPI,PA,SERV,N,GY,2025,8,A,,,,2
OECD.SDD.TPS:DSD_PRICES@DF_PRICES_ALL(1.0),POL,A,HICP,CPI,PA,SERV,N,GY,2015,1.7,A,,,,2
OECD.SDD.TPS:DSD_PRICES@DF_PRICES_ALL(1.0),POL,A,HICP,CPI,PA,SERV,N,GY,2016,1.8,A,,,,2
OECD.SDD.TPS:DSD_PRICES@DF_PRICES_ALL(1.0),POL,A,HICP,CPI,PA,SERV,N,GY,2017,2.4,A,,,,2
OECD.SDD.TPS:DSD_PRICES@DF_PRICES_ALL(1.0),POL,A,HICP,CPI,PA,SERV,N,GY,2018,0.8,A,,,,2
OECD.SDD.TPS:DSD_PRICES@DF_PRICES_ALL(1.0),POL,A,HICP,CPI,PA,SERV,N,GY,2019,3.5,A,,,,2
OECD.SDD.TPS:DSD_PRICES@DF_PRICES_ALL(1.0),POL,A,HICP,CPI,PA,SERV,N,GY,2020,7.8,A,,,,2
OECD.SDD.TPS:DSD_PRICES@DF_PRICES_ALL(1.0),POL,A,HICP,CPI,PA,SERV,N,GY,2021,7.3,A,,,,2
OECD.SDD.TPS:DSD_PRICES@DF_PRICES_ALL(1.0),POL,A,HICP,CPI,PA,SERV,N,GY,2022,12.3,A,,,,2
OECD.SDD.TPS:DSD_PRICES@DF_PRICES_ALL(1.0),POL,A,HICP,CPI,PA,SERV,N,GY,2023,10.7,A,,,,2
OECD.SDD.TPS:DSD_PRICES@DF_PRICES_ALL(1.0),POL,A,HICP,CPI,PA,SERV,N,GY,2024,6.7,A,,,,2
OECD.SDD.TPS:DSD_PRICES@DF_PRICES_ALL(1.0),POL,A,HICP,CPI,PA,SERV,N,GY,2025,5.6,A,,,,2
OECD.SDD.TPS:DSD_PRICES@DF_PRICES_ALL(1.0),NOR,A,HICP,CPI,PA,SERV,N,GY,2015,2.6,A,,,,2
OECD.SDD.TPS:DSD_PRICES@DF_PRICES_ALL(1.0),NOR,A,HICP,CPI,PA,SERV,N,GY,2016,3.3,A,,,,2
OECD.SDD.TPS:DSD_PRICES@DF_PRICES_ALL(1.0),NOR,A,HICP,CPI,PA,SERV,N,GY,2017,2.6,A,,,,2
OECD.SDD.TPS:DSD_PRICES@DF_PRICES_ALL(1.0),NOR,A,HICP,CPI,PA,SERV,N,GY,2018,2.6,A,,,,2
OECD.SDD.TPS:DSD_PRICES@DF_PRICES_ALL(1.0),NOR,A,HICP,CPI,PA,SERV,N,GY,2019,3.3,A,,,,2
OECD.SDD.TPS:DSD_PRICES@DF_PRICES_ALL(1.0),NOR,A,HICP,CPI,PA,SERV,N,GY,2020,2.9,A,,,,2
OECD.SDD.TPS:DSD_PRICES@DF_PRICES_ALL(1.0),NOR,A,HICP,CPI,PA,SERV,N,GY,2021,1.8,A,,,,2
OECD.SDD.TPS:DSD_PRICES@DF_PRICES_ALL(1.0),NOR,A,HICP,CPI,PA,SERV,N,GY,2022,4.3,A,,,,2
OECD.SDD.TPS:DSD_PRICES@DF_PRICES_ALL(1.0),NOR,A,HICP,CPI,PA,SERV,N,GY,2023,6.1,A,,,,2
OECD.SDD.TPS:DSD_PRICES@DF_PRICES_ALL(1.0),NOR,A,HICP,CPI,PA,SERV,N,GY,2024,3.9,A,,,,2
OECD.SDD.TPS:DSD_PRICES@DF_PRICES_ALL(1.0),NOR,A,HICP,CPI,PA,SERV,N,GY,2025,3.6,A,,,,2
OECD.SDD.TPS:DSD_PRICES@DF_PRICES_ALL(1.0),NLD,A,HICP,CPI,PA,SERV,N,GY,2015,1.8,A,,,,2
OECD.SDD.TPS:DSD_PRICES@DF_PRICES_ALL(1.0),NLD,A,HICP,CPI,PA,SERV,N,GY,2016,0.5,A,,,,2
OECD.SDD.TPS:DSD_PRICES@DF_PRICES_ALL(1.0),NLD,A,HICP,CPI,PA,SERV,N,GY,2017,1.3,A,,,,2
OECD.SDD.TPS:DSD_PRICES@DF_PRICES_ALL(1.0),NLD,A,HICP,CPI,PA,SERV,N,GY,2018,1.5,A,,,,2
OECD.SDD.TPS:DSD_PRICES@DF_PRICES_ALL(1.0),NLD,A,HICP,CPI,PA,SERV,N,GY,2019,2.7,A,,,,2
OECD.SDD.TPS:DSD_PRICES@DF_PRICES_ALL(1.0),NLD,A,HICP,CPI,PA,SERV,N,GY,2020,2.3,A,,,,2
OECD.SDD.TPS:DSD_PRICES@DF_PRICES_ALL(1.0),NLD,A,HICP,CPI,PA,SERV,N,GY,2021,1.7,A,,,,2
OECD.SDD.TPS:DSD_PRICES@DF_PRICES_ALL(1.0),NLD,A,HICP,CPI,PA,SERV,N,GY,2022,4,A,,,,2
OECD.SDD.TPS:DSD_PRICES@DF_PRICES_ALL(1.0),NLD,A,HICP,CPI,PA,SERV,N,GY,2023,6.3,A,,,,2
OECD.SDD.TPS:DSD_PRICES@DF_PRICES_ALL(1.0),NLD,A,HICP,CPI,PA,SERV,N,GY,2024,5.3,A,,,,2
OECD.SDD.TPS:DSD_PRICES@DF_PRICES_ALL(1.0),NLD,A,HICP,CPI,PA,SERV,N,GY,2025,3.9,A,,,,2
OECD.SDD.TPS:DSD_PRICES@DF_PRICES_ALL(1.0),NLD,A,HICP,CPI,IX,SERV,N,_Z,2016,100.46,A,,2015,,2
OECD.SDD.TPS:DSD_PRICES@DF_PRICES_ALL(1.0),NLD,A,HICP,CPI,IX,SERV,N,_Z,2017,101.74,A,,2015,,2
OECD.SDD.TPS:DSD_PRICES@DF_PRICES_ALL(1.0),NLD,A,HICP,CPI,IX,SERV,N,_Z,2018,103.24,A,,2015,,2
OECD.SDD.TPS:DSD_PRICES@DF_PRICES_ALL(1.0),NLD,A,HICP,CPI,IX,SERV,N,_Z,2019,106.06,A,,2015,,2
OECD.SDD.TPS:DSD_PRICES@DF_PRICES_ALL(1.0),NLD,A,HICP,CPI,IX,SERV,N,_Z,2020,108.52,A,,2015,,2
OECD.SDD.TPS:DSD_PRICES@DF_PRICES_ALL(1.0),NLD,A,HICP,CPI,IX,SERV,N,_Z,2021,110.33,A,,2015,,2
OECD.SDD.TPS:DSD_PRICES@DF_PRICES_ALL(1.0),NLD,A,HICP,CPI,IX,SERV,N,_Z,2022,114.72,A,,2015,,2
OECD.SDD.TPS:DSD_PRICES@DF_PRICES_ALL(1.0),NLD,A,HICP,CPI,IX,SERV,N,_Z,2023,121.96,A,,2015,,2
OECD.SDD.TPS:DSD_PRICES@DF_PRICES_ALL(1.0),NLD,A,HICP,CPI,IX,SERV,N,_Z,2024,128.48,A,,2015,,2
OECD.SDD.TPS:DSD_PRICES@DF_PRICES_ALL(1.0),NLD,A,HICP,CPI,IX,SERV,N,_Z,2025,133.53,A,,2015,,2
OECD.SDD.TPS:DSD_PRICES@DF_PRICES_ALL(1.0),NOR,A,HICP,CPI,IX,SERV,N,_Z,2016,103.4,A,,2015,,2
OECD.SDD.TPS:DSD_PRICES@DF_PRICES_ALL(1.0),NOR,A,HICP,CPI,IX,SERV,N,_Z,2017,106,A,,2015,,2
OECD.SDD.TPS:DSD_PRICES@DF_PRICES_ALL(1.0),NOR,A,HICP,CPI,IX,SERV,N,_Z,2018,108.8,A,,2015,,2
OECD.SDD.TPS:DSD_PRICES@DF_PRICES_ALL(1.0),NOR,A,HICP,CPI,IX,SERV,N,_Z,2019,112.4,A,,2015,,2
OECD.SDD.TPS:DSD_PRICES@DF_PRICES_ALL(1.0),NOR,A,HICP,CPI,IX,SERV,N,_Z,2020,115.6,A,,2015,,2
OECD.SDD.TPS:DSD_PRICES@DF_PRICES_ALL(1.0),NOR,A,HICP,CPI,IX,SERV,N,_Z,2021,117.7,A,,2015,,2
OECD.SDD.TPS:DSD_PRICES@DF_PRICES_ALL(1.0),NOR,A,HICP,CPI,IX,SERV,N,_Z,2022,122.9,A,,2015,,2
OECD.SDD.TPS:DSD_PRICES@DF_PRICES_ALL(1.0),NOR,A,HICP,CPI,IX,SERV,N,_Z,2023,130.3,A,,2015,,2
OECD.SDD.TPS:DSD_PRICES@DF_PRICES_ALL(1.0),NOR,A,HICP,CPI,IX,SERV,N,_Z,2024,135.3,A,,2015,,2
OECD.SDD.TPS:DSD_PRICES@DF_PRICES_ALL(1.0),NOR,A,HICP,CPI,IX,SERV,N,_Z,2025,140.2,A,,2015,,2
OECD.SDD.TPS:DSD_PRICES@DF_PRICES_ALL(1.0),POL,A,HICP,CPI,IX,SERV,N,_Z,2016,101.8,A,,2015,,2
OECD.SDD.TPS:DSD_PRICES@DF_PRICES_ALL(1.0),POL,A,HICP,CPI,IX,SERV,N,_Z,2017,104.2,A,,2015,,2
OECD.SDD.TPS:DSD_PRICES@DF_PRICES_ALL(1.0),POL,A,HICP,CPI,IX,SERV,N,_Z,2018,105,A,,2015,,2
OECD.SDD.TPS:DSD_PRICES@DF_PRICES_ALL(1.0),POL,A,HICP,CPI,IX,SERV,N,_Z,2019,108.7,A,,2015,,2
OECD.SDD.TPS:DSD_PRICES@DF_PRICES_ALL(1.0),POL,A,HICP,CPI,IX,SERV,N,_Z,2020,117.2,A,,2015,,2
OECD.SDD.TPS:DSD_PRICES@DF_PRICES_ALL(1.0),POL,A,HICP,CPI,IX,SERV,N,_Z,2021,125.7,A,,2015,,2
OECD.SDD.TPS:DSD_PRICES@DF_PRICES_ALL(1.0),POL,A,HICP,CPI,IX,SERV,N,_Z,2022,141.1,A,,2015,,2
OECD.SDD.TPS:DSD_PRICES@DF_PRICES_ALL(1.0),POL,A,HICP,CPI,IX,SERV,N,_Z,2023,156.2,A,,2015,,2
OECD.SDD.TPS:DSD_PRICES@DF_PRICES_ALL(1.0),POL,A,HICP,CPI,IX,SERV,N,_Z,2024,166.6,A,,2015,,2
OECD.SDD.TPS:DSD_PRICES@DF_PRICES_ALL(1.0),POL,A,HICP,CPI,IX,SERV,N,_Z,2025,176,A,,2015,,2
OECD.SDD.TPS:DSD_PRICES@DF_PRICES_ALL(1.0),ROU,A,HICP,CPI,IX,GD,N,_Z,2016,98.29,A,,2015,,2
OECD.SDD.TPS:DSD_PRICES@DF_PRICES_ALL(1.0),ROU,A,HICP,CPI,IX,SERV,N,_Z,2016,100.66,A,,2015,,2
OECD.SDD.TPS:DSD_PRICES@DF_PRICES_ALL(1.0),ROU,A,HICP,CPI,IX,SERV,N,_Z,2017,100.2,A,,2015,,2
OECD.SDD.TPS:DSD_PRICES@DF_PRICES_ALL(1.0),ROU,A,HICP,CPI,IX,GD,N,_Z,2017,99.87,A,,2015,,2
OECD.SDD.TPS:DSD_PRICES@DF_PRICES_ALL(1.0),ROU,A,HICP,CPI,IX,GD,N,_Z,2018,104.39,A,,2015,,2
OECD.SDD.TPS:DSD_PRICES@DF_PRICES_ALL(1.0),ROU,A,HICP,CPI,IX,SERV,N,_Z,2018,102.87,A,,2015,,2
OECD.SDD.TPS:DSD_PRICES@DF_PRICES_ALL(1.0),ROU,A,HICP,CPI,IX,SERV,N,_Z,2019,106.52,A,,2015,,2
OECD.SDD.TPS:DSD_PRICES@DF_PRICES_ALL(1.0),ROU,A,HICP,CPI,IX,GD,N,_Z,2019,108.6,A,,2015,,2
OECD.SDD.TPS:DSD_PRICES@DF_PRICES_ALL(1.0),ROU,A,HICP,CPI,IX,GD,N,_Z,2020,110.99,A,,2015,,2
OECD.SDD.TPS:DSD_PRICES@DF_PRICES_ALL(1.0),ROU,A,HICP,CPI,IX,SERV,N,_Z,2020,109.4,A,,2015,,2
OECD.SDD.TPS:DSD_PRICES@DF_PRICES_ALL(1.0),ROU,A,HICP,CPI,IX,SERV,N,_Z,2021,112.32,A,,2015,,2
OECD.SDD.TPS:DSD_PRICES@DF_PRICES_ALL(1.0),ROU,A,HICP,CPI,IX,GD,N,_Z,2021,116.02,A,,2015,,2
OECD.SDD.TPS:DSD_PRICES@DF_PRICES_ALL(1.0),ROU,A,HICP,CPI,IX,GD,N,_Z,2022,131.89,A,,2015,,2
OECD.SDD.TPS:DSD_PRICES@DF_PRICES_ALL(1.0),ROU,A,HICP,CPI,IX,SERV,N,_Z,2022,119.44,A,,2015,,2
OECD.SDD.TPS:DSD_PRICES@DF_PRICES_ALL(1.0),ROU,A,HICP,CPI,IX,SERV,N,_Z,2023,131.25,A,,2015,,2
OECD.SDD.TPS:DSD_PRICES@DF_PRICES_ALL(1.0),ROU,A,HICP,CPI,IX,GD,N,_Z,2023,144.67,A,,2015,,2
OECD.SDD.TPS:DSD_PRICES@DF_PRICES_ALL(1.0),ROU,A,HICP,CPI,IX,GD,N,_Z,2024,152.17,A,,2015,,2
OECD.SDD.TPS:DSD_PRICES@DF_PRICES_ALL(1.0),ROU,A,HICP,CPI,IX,SERV,N,_Z,2024,141.88,A,,2015,,2
OECD.SDD.TPS:DSD_PRICES@DF_PRICES_ALL(1.0),ROU,A,HICP,CPI,IX,SERV,N,_Z,2025,153.19,A,,2015,,2
OECD.SDD.TPS:DSD_PRICES@DF_PRICES_ALL(1.0),ROU,A,HICP,CPI,IX,GD,N,_Z,2025,161.89,A,,2015,,2
OECD.SDD.TPS:DSD_PRICES@DF_PRICES_ALL(1.0),HRV,A,HICP,CPI,IX,GD,N,_Z,2016,99.04,A,,2015,,2
OECD.SDD.TPS:DSD_PRICES@DF_PRICES_ALL(1.0),HRV,A,HICP,CPI,IX,SERV,N,_Z,2016,99.99,A,,2015,,2
OECD.SDD.TPS:DSD_PRICES@DF_PRICES_ALL(1.0),HRV,A,HICP,CPI,IX,SERV,N,_Z,2017,101.15,A,,2015,,2
OECD.SDD.TPS:DSD_PRICES@DF_PRICES_ALL(1.0),HRV,A,HICP,CPI,IX,GD,N,_Z,2017,100.39,A,,2015,,2
OECD.SDD.TPS:DSD_PRICES@DF_PRICES_ALL(1.0),HRV,A,HICP,CPI,IX,GD,N,_Z,2018,102.01,A,,2015,,2
OECD.SDD.TPS:DSD_PRICES@DF_PRICES_ALL(1.0),HRV,A,HICP,CPI,IX,SERV,N,_Z,2018,102.6,A,,2015,,2
OECD.SDD.TPS:DSD_PRICES@DF_PRICES_ALL(1.0),HRV,A,HICP,CPI,IX,SERV,N,_Z,2019,104.13,A,,2015,,2
OECD.SDD.TPS:DSD_PRICES@DF_PRICES_ALL(1.0),HRV,A,HICP,CPI,IX,GD,N,_Z,2019,102.44,A,,2015,,2
OECD.SDD.TPS:DSD_PRICES@DF_PRICES_ALL(1.0),HRV,A,HICP,CPI,IX,GD,N,_Z,2020,102.05,A,,2015,,2
OECD.SDD.TPS:DSD_PRICES@DF_PRICES_ALL(1.0),HRV,A,HICP,CPI,IX,SERV,N,_Z,2020,104.99,A,,2015,,2
OECD.SDD.TPS:DSD_PRICES@DF_PRICES_ALL(1.0),HRV,A,HICP,CPI,IX,SERV,N,_Z,2021,107.04,A,,2015,,2
OECD.SDD.TPS:DSD_PRICES@DF_PRICES_ALL(1.0),HRV,A,HICP,CPI,IX,GD,N,_Z,2021,105.07,A,,2015,,2
OECD.SDD.TPS:DSD_PRICES@DF_PRICES_ALL(1.0),HRV,A,HICP,CPI,IX,GD,N,_Z,2022,117.95,A,,2015,,2
OECD.SDD.TPS:DSD_PRICES@DF_PRICES_ALL(1.0),HRV,A,HICP,CPI,IX,SERV,N,_Z,2022,114.7,A,,2015,,2
OECD.SDD.TPS:DSD_PRICES@DF_PRICES_ALL(1.0),HRV,A,HICP,CPI,IX,SERV,N,_Z,2023,126.3,A,,2015,,2
OECD.SDD.TPS:DSD_PRICES@DF_PRICES_ALL(1.0),HRV,A,HICP,CPI,IX,GD,N,_Z,2023,126.88,A,,2015,,2
OECD.SDD.TPS:DSD_PRICES@DF_PRICES_ALL(1.0),HRV,A,HICP,CPI,IX,GD,N,_Z,2024,129.81,A,,2015,,2
OECD.SDD.TPS:DSD_PRICES@DF_PRICES_ALL(1.0),HRV,A,HICP,CPI,IX,SERV,N,_Z,2024,135.92,A,,2015,,2
OECD.SDD.TPS:DSD_PRICES@DF_PRICES_ALL(1.0),HRV,A,HICP,CPI,IX,SERV,N,_Z,2025,145.97,A,,2015,,2
OECD.SDD.TPS:DSD_PRICES@DF_PRICES_ALL(1.0),HRV,A,HICP,CPI,IX,GD,N,_Z,2025,133.62,A,,2015,,2
OECD.SDD.TPS:DSD_PRICES@DF_PRICES_ALL(1.0),TUR,A,HICP,CPI,IX,SERV,N,_Z,2016,108.22,A,,2015,,2
OECD.SDD.TPS:DSD_PRICES@DF_PRICES_ALL(1.0),TUR,A,HICP,CPI,IX,SERV,N,_Z,2017,117.95,A,,2015,,2
OECD.SDD.TPS:DSD_PRICES@DF_PRICES_ALL(1.0),TUR,A,HICP,CPI,IX,SERV,N,_Z,2018,131.62,A,,2015,,2
OECD.SDD.TPS:DSD_PRICES@DF_PRICES_ALL(1.0),SWE,A,HICP,CPI,IX,SERV,N,_Z,2016,101.25,A,,2015,,2
OECD.SDD.TPS:DSD_PRICES@DF_PRICES_ALL(1.0),SWE,A,HICP,CPI,IX,SERV,N,_Z,2017,103.61,A,,2015,,2
OECD.SDD.TPS:DSD_PRICES@DF_PRICES_ALL(1.0),SWE,A,HICP,CPI,IX,SERV,N,_Z,2018,105.46,A,,2015,,2
OECD.SDD.TPS:DSD_PRICES@DF_PRICES_ALL(1.0),SWE,A,HICP,CPI,IX,SERV,N,_Z,2019,107.55,A,,2015,,2
OECD.SDD.TPS:DSD_PRICES@DF_PRICES_ALL(1.0),SWE,A,HICP,CPI,IX,SERV,N,_Z,2020,109.48,A,,2015,,2
OECD.SDD.TPS:DSD_PRICES@DF_PRICES_ALL(1.0),SWE,A,HICP,CPI,IX,SERV,N,_Z,2021,112.17,A,,2015,,2
OECD.SDD.TPS:DSD_PRICES@DF_PRICES_ALL(1.0),SWE,A,HICP,CPI,IX,SERV,N,_Z,2022,116.77,A,,2015,,2
OECD.SDD.TPS:DSD_PRICES@DF_PRICES_ALL(1.0),SWE,A,HICP,CPI,IX,SERV,N,_Z,2023,123.46,A,,2015,,2
OECD.SDD.TPS:DSD_PRICES@DF_PRICES_ALL(1.0),SWE,A,HICP,CPI,IX,SERV,N,_Z,2024,129.56,A,,2015,,2
OECD.SDD.TPS:DSD_PRICES@DF_PRICES_ALL(1.0),SWE,A,HICP,CPI,IX,SERV,N,_Z,2025,134.62,A,,2015,,2
OECD.SDD.TPS:DSD_PRICES@DF_PRICES_ALL(1.0),CHE,A,HICP,CPI,IX,SERV,N,_Z,2016,99.71,A,,2015,,2
OECD.SDD.TPS:DSD_PRICES@DF_PRICES_ALL(1.0),CHE,A,HICP,CPI,IX,SERV,N,_Z,2017,100.2,A,,2015,,2
OECD.SDD.TPS:DSD_PRICES@DF_PRICES_ALL(1.0),CHE,A,HICP,CPI,IX,SERV,N,_Z,2018,100.64,A,,2015,,2
OECD.SDD.TPS:DSD_PRICES@DF_PRICES_ALL(1.0),CHE,A,HICP,CPI,IX,SERV,N,_Z,2019,101.1,A,,2015,,2
OECD.SDD.TPS:DSD_PRICES@DF_PRICES_ALL(1.0),CHE,A,HICP,CPI,IX,SERV,N,_Z,2020,100.78,A,,2015,,2
OECD.SDD.TPS:DSD_PRICES@DF_PRICES_ALL(1.0),CHE,A,HICP,CPI,IX,SERV,N,_Z,2021,101.08,A,,2015,,2
OECD.SDD.TPS:DSD_PRICES@DF_PRICES_ALL(1.0),CHE,A,HICP,CPI,IX,SERV,N,_Z,2022,102.14,A,,2015,,2
OECD.SDD.TPS:DSD_PRICES@DF_PRICES_ALL(1.0),CHE,A,HICP,CPI,IX,SERV,N,_Z,2023,104,A,,2015,,2
OECD.SDD.TPS:DSD_PRICES@DF_PRICES_ALL(1.0),CHE,A,HICP,CPI,IX,SERV,N,_Z,2024,106.07,A,,2015,,2
OECD.SDD.TPS:DSD_PRICES@DF_PRICES_ALL(1.0),CHE,A,HICP,CPI,IX,SERV,N,_Z,2025,107.31,A,,2015,,2
OECD.SDD.TPS:DSD_PRICES@DF_PRICES_ALL(1.0),ITA,A,HICP,CPI,IX,SERV,N,_Z,2016,100.6,A,,2015,,2
OECD.SDD.TPS:DSD_PRICES@DF_PRICES_ALL(1.0),ITA,A,HICP,CPI,IX,SERV,N,_Z,2017,101.8,A,,2015,,2
OECD.SDD.TPS:DSD_PRICES@DF_PRICES_ALL(1.0),LUX,A,HICP,CPI,IX,SERV,N,_Z,2016,100.97,A,,2015,,2
OECD.SDD.TPS:DSD_PRICES@DF_PRICES_ALL(1.0),LUX,A,HICP,CPI,IX,SERV,N,_Z,2017,102.7,A,,2015,,2
OECD.SDD.TPS:DSD_PRICES@DF_PRICES_ALL(1.0),LUX,A,HICP,CPI,IX,SERV,N,_Z,2018,103.58,A,,2015,,2
OECD.SDD.TPS:DSD_PRICES@DF_PRICES_ALL(1.0),LUX,A,HICP,CPI,IX,SERV,N,_Z,2019,106.03,A,,2015,,2
OECD.SDD.TPS:DSD_PRICES@DF_PRICES_ALL(1.0),LUX,A,HICP,CPI,IX,SERV,N,_Z,2020,107.3,A,,2015,,2
OECD.SDD.TPS:DSD_PRICES@DF_PRICES_ALL(1.0),LUX,A,HICP,CPI,IX,SERV,N,_Z,2021,108.92,A,,2015,,2
OECD.SDD.TPS:DSD_PRICES@DF_PRICES_ALL(1.0),LUX,A,HICP,CPI,IX,SERV,N,_Z,2022,113.36,A,,2015,,2
OECD.SDD.TPS:DSD_PRICES@DF_PRICES_ALL(1.0),LUX,A,HICP,CPI,IX,SERV,N,_Z,2023,116.95,A,,2015,,2
OECD.SDD.TPS:DSD_PRICES@DF_PRICES_ALL(1.0),LUX,A,HICP,CPI,IX,SERV,N,_Z,2024,121.38,A,,2015,,2
OECD.SDD.TPS:DSD_PRICES@DF_PRICES_ALL(1.0),LUX,A,HICP,CPI,IX,SERV,N,_Z,2025,124.42,A,,2015,,2
OECD.SDD.TPS:DSD_PRICES@DF_PRICES_ALL(1.0),ITA,A,HICP,CPI,IX,SERV,N,_Z,2015,100,A,,2015,,2
OECD.SDD.TPS:DSD_PRICES@DF_PRICES_ALL(1.0),LUX,A,HICP,CPI,IX,SERV,N,_Z,2015,100,A,,2015,,2
OECD.SDD.TPS:DSD_PRICES@DF_PRICES_ALL(1.0),NLD,A,HICP,CPI,IX,SERV,N,_Z,2015,100,A,,2015,,2
OECD.SDD.TPS:DSD_PRICES@DF_PRICES_ALL(1.0),NOR,A,HICP,CPI,IX,SERV,N,_Z,2015,100,A,,2015,,2
OECD.SDD.TPS:DSD_PRICES@DF_PRICES_ALL(1.0),POL,A,HICP,CPI,IX,SERV,N,_Z,2015,100,A,,2015,,2
OECD.SDD.TPS:DSD_PRICES@DF_PRICES_ALL(1.0),SWE,A,HICP,CPI,IX,SERV,N,_Z,2015,100,A,,2015,,2
OECD.SDD.TPS:DSD_PRICES@DF_PRICES_ALL(1.0),CHE,A,HICP,CPI,IX,SERV,N,_Z,2015,100,A,,2015,,2
OECD.SDD.TPS:DSD_PRICES@DF_PRICES_ALL(1.0),TUR,A,HICP,CPI,IX,SERV,N,_Z,2015,100,A,,2015,,2
OECD.SDD.TPS:DSD_PRICES@DF_PRICES_ALL(1.0),HRV,A,HICP,CPI,IX,SERV,N,_Z,2015,100,A,,2015,,2
OECD.SDD.TPS:DSD_PRICES@DF_PRICES_ALL(1.0),HRV,A,HICP,CPI,IX,GD,N,_Z,2015,100,A,,2015,,2
OECD.SDD.TPS:DSD_PRICES@DF_PRICES_ALL(1.0),ROU,A,HICP,CPI,IX,SERV,N,_Z,2015,100,A,,2015,,2
OECD.SDD.TPS:DSD_PRICES@DF_PRICES_ALL(1.0),ROU,A,HICP,CPI,IX,GD,N,_Z,2015,100,A,,2015,,2
OECD.SDD.TPS:DSD_PRICES@DF_PRICES_ALL(1.0),ITA,A,N,CPI,IX,SERV,N,_Z,2015,100.0387,A,,2015,,2
OECD.SDD.TPS:DSD_PRICES@DF_PRICES_ALL(1.0),ITA,A,N,CPI,IX,SERV,N,_Z,2016,100.55,A,,2015,,2
OECD.SDD.TPS:DSD_PRICES@DF_PRICES_ALL(1.0),ITA,A,N,CPI,IX,SERV,N,_Z,2017,101.6583,A,,2015,,2
OECD.SDD.TPS:DSD_PRICES@DF_PRICES_ALL(1.0),LUX,A,N,CPI,IX,SERV,N,_Z,2015,100,A,,2015,,2
OECD.SDD.TPS:DSD_PRICES@DF_PRICES_ALL(1.0),LUX,A,N,CPI,IX,SERV,N,_Z,2016,101.0308,A,,2015,,2
OECD.SDD.TPS:DSD_PRICES@DF_PRICES_ALL(1.0),LUX,A,N,CPI,IX,SERV,N,_Z,2017,102.755,A,,2015,,2
OECD.SDD.TPS:DSD_PRICES@DF_PRICES_ALL(1.0),LUX,A,N,CPI,IX,SERV,N,_Z,2018,103.565,A,,2015,,2
OECD.SDD.TPS:DSD_PRICES@DF_PRICES_ALL(1.0),LUX,A,N,CPI,IX,SERV,N,_Z,2019,105.9708,A,,2015,,2
OECD.SDD.TPS:DSD_PRICES@DF_PRICES_ALL(1.0),LUX,A,N,CPI,IX,SERV,N,_Z,2021,108.9325,A,,2015,,2
OECD.SDD.TPS:DSD_PRICES@DF_PRICES_ALL(1.0),LUX,A,N,CPI,IX,SERV,N,_Z,2023,116.32,A,,2015,,2
OECD.SDD.TPS:DSD_PRICES@DF_PRICES_ALL(1.0),LUX,A,N,CPI,IX,SERV,N,_Z,2024,120.6317,A,,2015,,2
OECD.SDD.TPS:DSD_PRICES@DF_PRICES_ALL(1.0),LUX,A,N,CPI,IX,SERV,N,_Z,2025,123.55,A,,2015,,2
OECD.SDD.TPS:DSD_PRICES@DF_PRICES_ALL(1.0),MEX,A,N,CPI,IX,SERV,N,_Z,2015,100,A,,2015,,2
OECD.SDD.TPS:DSD_PRICES@DF_PRICES_ALL(1.0),MEX,A,N,CPI,IX,SERV,N,_Z,2016,102.457,A,,2015,,2
OECD.SDD.TPS:DSD_PRICES@DF_PRICES_ALL(1.0),MEX,A,N,CPI,IX,SERV,N,_Z,2017,106.5977,A,,2015,,2
OECD.SDD.TPS:DSD_PRICES@DF_PRICES_ALL(1.0),MEX,A,N,CPI,IX,SERV,N,_Z,2018,110.7935,A,,2015,,2
OECD.SDD.TPS:DSD_PRICES@DF_PRICES_ALL(1.0),MEX,A,N,CPI,IX,SERV,N,_Z,2019,115.3506,A,,2015,,2
OECD.SDD.TPS:DSD_PRICES@DF_PRICES_ALL(1.0),MEX,A,N,CPI,IX,SERV,N,_Z,2020,118.6473,A,,2015,,2
OECD.SDD.TPS:DSD_PRICES@DF_PRICES_ALL(1.0),MEX,A,N,CPI,IX,SERV,N,_Z,2021,122.3106,A,,2015,,2
OECD.SDD.TPS:DSD_PRICES@DF_PRICES_ALL(1.0),MEX,A,N,CPI,IX,SERV,N,_Z,2022,128.4697,A,,2015,,2
OECD.SDD.TPS:DSD_PRICES@DF_PRICES_ALL(1.0),NLD,A,N,CPI,IX,SERV,N,_Z,2015,100,A,,2015,,2
OECD.SDD.TPS:DSD_PRICES@DF_PRICES_ALL(1.0),NLD,A,N,CPI,IX,SERV,N,_Z,2016,100.8733,A,,2015,,2
OECD.SDD.TPS:DSD_PRICES@DF_PRICES_ALL(1.0),NLD,A,N,CPI,IX,SERV,N,_Z,2018,103.7625,A,,2015,,2
OECD.SDD.TPS:DSD_PRICES@DF_PRICES_ALL(1.0),NLD,A,N,CPI,IX,SERV,N,_Z,2019,106.5075,A,,2015,,2
OECD.SDD.TPS:DSD_PRICES@DF_PRICES_ALL(1.0),NLD,A,N,CPI,IX,SERV,N,_Z,2020,109.2083,A,,2015,,2
OECD.SDD.TPS:DSD_PRICES@DF_PRICES_ALL(1.0),NLD,A,N,CPI,IX,SERV,N,_Z,2021,111.09,A,,2015,,2
OECD.SDD.TPS:DSD_PRICES@DF_PRICES_ALL(1.0),NLD,A,N,CPI,IX,SERV,N,_Z,2022,114.4742,A,,2015,,2
OECD.SDD.TPS:DSD_PRICES@DF_PRICES_ALL(1.0),NLD,A,N,CPI,IX,SERV,N,_Z,2023,120.4717,A,,2015,,2
OECD.SDD.TPS:DSD_PRICES@DF_PRICES_ALL(1.0),NLD,A,N,CPI,IX,SERV,N,_Z,2024,126.5825,A,,2015,,2
OECD.SDD.TPS:DSD_PRICES@DF_PRICES_ALL(1.0),NZL,A,N,CPI,IX,SERV,N,_Z,2015,100,A,,2015,,2
OECD.SDD.TPS:DSD_PRICES@DF_PRICES_ALL(1.0),NZL,A,N,CPI,IX,SERV,N,_Z,2016,100.8069,A,,2015,,2
OECD.SDD.TPS:DSD_PRICES@DF_PRICES_ALL(1.0),NZL,A,N,CPI,IX,SERV,N,_Z,2017,102.2828,A,,2015,,2
OECD.SDD.TPS:DSD_PRICES@DF_PRICES_ALL(1.0),NZL,A,N,CPI,IX,SERV,N,_Z,2018,103.9112,A,,2015,,2
OECD.SDD.TPS:DSD_PRICES@DF_PRICES_ALL(1.0),NZL,A,N,CPI,IX,SERV,N,_Z,2019,106.5802,A,,2015,,2
OECD.SDD.TPS:DSD_PRICES@DF_PRICES_ALL(1.0),NZL,A,N,CPI,IX,SERV,N,_Z,2020,109.0712,A,,2015,,2
OECD.SDD.TPS:DSD_PRICES@DF_PRICES_ALL(1.0),NZL,A,N,CPI,IX,SERV,N,_Z,2021,112.9348,A,,2015,,2
OECD.SDD.TPS:DSD_PRICES@DF_PRICES_ALL(1.0),NZL,A,N,CPI,IX,SERV,N,_Z,2023,125.0849,A,,2015,,2
OECD.SDD.TPS:DSD_PRICES@DF_PRICES_ALL(1.0),NZL,A,N,CPI,IX,SERV,N,_Z,2024,131.2871,A,,2015,,2
OECD.SDD.TPS:DSD_PRICES@DF_PRICES_ALL(1.0),NZL,A,N,CPI,IX,SERV,N,_Z,2025,136.9554,A,,2015,,2
OECD.SDD.TPS:DSD_PRICES@DF_PRICES_ALL(1.0),POL,A,N,CPI,IX,SERV,N,_Z,2016,100.8696,A,,2015,,2
OECD.SDD.TPS:DSD_PRICES@DF_PRICES_ALL(1.0),POL,A,N,CPI,IX,SERV,N,_Z,2018,104.921,A,,2015,,2
OECD.SDD.TPS:DSD_PRICES@DF_PRICES_ALL(1.0),POL,A,N,CPI,IX,SERV,N,_Z,2019,108.9065,A,,2015,,2
OECD.SDD.TPS:DSD_PRICES@DF_PRICES_ALL(1.0),POL,A,N,CPI,IX,SERV,N,_Z,2020,116.6206,A,,2015,,2
OECD.SDD.TPS:DSD_PRICES@DF_PRICES_ALL(1.0),POL,A,N,CPI,IX,SERV,N,_Z,2021,124.2161,A,,2015,,2
OECD.SDD.TPS:DSD_PRICES@DF_PRICES_ALL(1.0),POL,A,N,CPI,IX,SERV,N,_Z,2022,138.0698,A,,2015,,2
OECD.SDD.TPS:DSD_PRICES@DF_PRICES_ALL(1.0),POL,A,N,CPI,IX,SERV,N,_Z,2023,153.3926,A,,2015,,2
OECD.SDD.TPS:DSD_PRICES@DF_PRICES_ALL(1.0),POL,A,N,CPI,IX,SERV,N,_Z,2025,173.4717,A,,2015,,2
OECD.SDD.TPS:DSD_PRICES@DF_PRICES_ALL(1.0),CHE,A,N,CPI,IX,SERV,N,_Z,2015,100,A,,2015,,2
OECD.SDD.TPS:DSD_PRICES@DF_PRICES_ALL(1.0),CHE,A,N,CPI,IX,SERV,N,_Z,2016,100.1179,A,,2015,,2
OECD.SDD.TPS:DSD_PRICES@DF_PRICES_ALL(1.0),CHE,A,N,CPI,IX,SERV,N,_Z,2017,100.6965,A,,2015,,2
OECD.SDD.TPS:DSD_PRICES@DF_PRICES_ALL(1.0),CHE,A,N,CPI,IX,SERV,N,_Z,2018,101.169,A,,2015,,2
OECD.SDD.TPS:DSD_PRICES@DF_PRICES_ALL(1.0),CHE,A,N,CPI,IX,SERV,N,_Z,2019,101.5602,A,,2015,,2
OECD.SDD.TPS:DSD_PRICES@DF_PRICES_ALL(1.0),CHE,A,N,CPI,IX,SERV,N,_Z,2021,101.5075,A,,2015,,2
OECD.SDD.TPS:DSD_PRICES@DF_PRICES_ALL(1.0),CHE,A,N,CPI,IX,SERV,N,_Z,2022,102.7434,A,,2015,,2
OECD.SDD.TPS:DSD_PRICES@DF_PRICES_ALL(1.0),CHE,A,N,CPI,IX,SERV,N,_Z,2023,104.4612,A,,2015,,2
OECD.SDD.TPS:DSD_PRICES@DF_PRICES_ALL(1.0),CHE,A,N,CPI,IX,SERV,N,_Z,2024,106.5644,A,,2015,,2
OECD.SDD.TPS:DSD_PRICES@DF_PRICES_ALL(1.0),CHE,A,N,CPI,IX,SERV,N,_Z,2025,107.9732,A,,2015,,2
OECD.SDD.TPS:DSD_PRICES@DF_PRICES_ALL(1.0),ITA,A,N,CPI,IX,GD,N,_Z,2015,99.97128,A,,2015,,2
OECD.SDD.TPS:DSD_PRICES@DF_PRICES_ALL(1.0),ITA,A,N,CPI,IX,GD,N,_Z,2016,99.40833,A,,2015,,2
OECD.SDD.TPS:DSD_PRICES@DF_PRICES_ALL(1.0),ITA,A,N,CPI,IX,GD,N,_Z,2017,100.7083,A,,2015,,2
OECD.SDD.TPS:DSD_PRICES@DF_PRICES_ALL(1.0),LUX,A,N,CPI,IX,GD,N,_Z,2015,100,A,,2015,,2
OECD.SDD.TPS:DSD_PRICES@DF_PRICES_ALL(1.0),LUX,A,N,CPI,IX,GD,N,_Z,2016,99.67583,A,,2015,,2
OECD.SDD.TPS:DSD_PRICES@DF_PRICES_ALL(1.0),LUX,A,N,CPI,IX,GD,N,_Z,2017,101.4342,A,,2015,,2
OECD.SDD.TPS:DSD_PRICES@DF_PRICES_ALL(1.0),LUX,A,N,CPI,IX,GD,N,_Z,2018,103.5992,A,,2015,,2
OECD.SDD.TPS:DSD_PRICES@DF_PRICES_ALL(1.0),LUX,A,N,CPI,IX,GD,N,_Z,2019,104.8533,A,,2015,,2
OECD.SDD.TPS:DSD_PRICES@DF_PRICES_ALL(1.0),LUX,A,N,CPI,IX,GD,N,_Z,2020,105.32,A,,2015,,2
OECD.SDD.TPS:DSD_PRICES@DF_PRICES_ALL(1.0),LUX,A,N,CPI,IX,GD,N,_Z,2021,108.935,A,,2015,,2
OECD.SDD.TPS:DSD_PRICES@DF_PRICES_ALL(1.0),LUX,A,N,CPI,IX,GD,N,_Z,2022,118.0658,A,,2015,,2
OECD.SDD.TPS:DSD_PRICES@DF_PRICES_ALL(1.0),LUX,A,N,CPI,IX,GD,N,_Z,2023,123.19,A,,2015,,2
OECD.SDD.TPS:DSD_PRICES@DF_PRICES_ALL(1.0),LUX,A,N,CPI,IX,GD,N,_Z,2024,124.0333,A,,2015,,2
OECD.SDD.TPS:DSD_PRICES@DF_PRICES_ALL(1.0),LUX,A,N,CPI,IX,GD,N,_Z,2025,126.6867,A,,2015,,2
OECD.SDD.TPS:DSD_PRICES@DF_PRICES_ALL(1.0),MEX,A,N,CPI,IX,GD,N,_Z,2015,100,A,,2015,,2
OECD.SDD.TPS:DSD_PRICES@DF_PRICES_ALL(1.0),MEX,A,N,CPI,IX,GD,N,_Z,2016,103.1507,A,,2015,,2
OECD.SDD.TPS:DSD_PRICES@DF_PRICES_ALL(1.0),MEX,A,N,CPI,IX,GD,N,_Z,2017,111.2295,A,,2015,,2
OECD.SDD.TPS:DSD_PRICES@DF_PRICES_ALL(1.0),MEX,A,N,CPI,IX,GD,N,_Z,2018,117.5935,A,,2015,,2
OECD.SDD.TPS:DSD_PRICES@DF_PRICES_ALL(1.0),MEX,A,N,CPI,IX,GD,N,_Z,2019,121.4505,A,,2015,,2
OECD.SDD.TPS:DSD_PRICES@DF_PRICES_ALL(1.0),MEX,A,N,CPI,IX,GD,N,_Z,2020,126.0542,A,,2015,,2
OECD.SDD.TPS:DSD_PRICES@DF_PRICES_ALL(1.0),MEX,A,N,CPI,IX,GD,N,_Z,2021,135.6023,A,,2015,,2
OECD.SDD.TPS:DSD_PRICES@DF_PRICES_ALL(1.0),MEX,A,N,CPI,IX,GD,N,_Z,2022,149.0036,A,,2015,,2
OECD.SDD.TPS:DSD_PRICES@DF_PRICES_ALL(1.0),MEX,A,N,CPI,IX,GD,N,_Z,2023,157.4413,A,,2015,,2
OECD.SDD.TPS:DSD_PRICES@DF_PRICES_ALL(1.0),NLD,A,N,CPI,IX,GD,N,_Z,2015,100.0008,A,,2015,,2
OECD.SDD.TPS:DSD_PRICES@DF_PRICES_ALL(1.0),NLD,A,N,CPI,IX,GD,N,_Z,2016,99.77834,A,,2015,,2
OECD.SDD.TPS:DSD_PRICES@DF_PRICES_ALL(1.0),NLD,A,N,CPI,IX,GD,N,_Z,2017,101.1142,A,,2015,,2
OECD.SDD.TPS:DSD_PRICES@DF_PRICES_ALL(1.0),NLD,A,N,CPI,IX,GD,N,_Z,2018,102.8983,A,,2015,,2
OECD.SDD.TPS:DSD_PRICES@DF_PRICES_ALL(1.0),NLD,A,N,CPI,IX,GD,N,_Z,2019,105.6475,A,,2015,,2
OECD.SDD.TPS:DSD_PRICES@DF_PRICES_ALL(1.0),NLD,A,N,CPI,IX,GD,N,_Z,2020,105.7508,A,,2015,,2
OECD.SDD.TPS:DSD_PRICES@DF_PRICES_ALL(1.0),NLD,A,N,CPI,IX,GD,N,_Z,2021,109.6517,A,,2015,,2
OECD.SDD.TPS:DSD_PRICES@DF_PRICES_ALL(1.0),NLD,A,N,CPI,IX,GD,N,_Z,2022,128.2758,A,,2015,,2
OECD.SDD.TPS:DSD_PRICES@DF_PRICES_ALL(1.0),NLD,A,N,CPI,IX,GD,N,_Z,2023,130.8325,A,,2015,,2
OECD.SDD.TPS:DSD_PRICES@DF_PRICES_ALL(1.0),NLD,A,N,CPI,IX,GD,N,_Z,2024,132.7625,A,,2015,,2
OECD.SDD.TPS:DSD_PRICES@DF_PRICES_ALL(1.0),NLD,A,N,CPI,IX,GD,N,_Z,2025,135.7467,A,,2015,,2
OECD.SDD.TPS:DSD_PRICES@DF_PRICES_ALL(1.0),NZL,A,N,CPI,IX,GD,N,_Z,2015,100,A,,2015,,2
OECD.SDD.TPS:DSD_PRICES@DF_PRICES_ALL(1.0),NZL,A,N,CPI,IX,GD,N,_Z,2016,100.5541,A,,2015,,2
OECD.SDD.TPS:DSD_PRICES@DF_PRICES_ALL(1.0),NZL,A,N,CPI,IX,GD,N,_Z,2017,102.7067,A,,2015,,2
OECD.SDD.TPS:DSD_PRICES@DF_PRICES_ALL(1.0),NZL,A,N,CPI,IX,GD,N,_Z,2018,104.3364,A,,2015,,2
OECD.SDD.TPS:DSD_PRICES@DF_PRICES_ALL(1.0),NZL,A,N,CPI,IX,GD,N,_Z,2019,105.3885,A,,2015,,2
OECD.SDD.TPS:DSD_PRICES@DF_PRICES_ALL(1.0),NZL,A,N,CPI,IX,GD,N,_Z,2020,106.8512,A,,2015,,2
OECD.SDD.TPS:DSD_PRICES@DF_PRICES_ALL(1.0),NZL,A,N,CPI,IX,GD,N,_Z,2021,111.3161,A,,2015,,2
OECD.SDD.TPS:DSD_PRICES@DF_PRICES_ALL(1.0),NZL,A,N,CPI,IX,GD,N,_Z,2022,120.7592,A,,2015,,2
OECD.SDD.TPS:DSD_PRICES@DF_PRICES_ALL(1.0),NZL,A,N,CPI,IX,GD,N,_Z,2023,127.7903,A,,2015,,2
OECD.SDD.TPS:DSD_PRICES@DF_PRICES_ALL(1.0),NZL,A,N,CPI,IX,GD,N,_Z,2024,129.8945,A,,2015,,2
OECD.SDD.TPS:DSD_PRICES@DF_PRICES_ALL(1.0),NZL,A,N,CPI,IX,GD,N,_Z,2025,132.3322,A,,2015,,2
OECD.SDD.TPS:DSD_PRICES@DF_PRICES_ALL(1.0),POL,A,N,CPI,IX,GD,N,_Z,2015,100,A,,2015,,2
OECD.SDD.TPS:DSD_PRICES@DF_PRICES_ALL(1.0),POL,A,N,CPI,IX,GD,N,_Z,2016,98.72061,A,,2015,,2
OECD.SDD.TPS:DSD_PRICES@DF_PRICES_ALL(1.0),POL,A,N,CPI,IX,GD,N,_Z,2017,100.1176,A,,2015,,2
OECD.SDD.TPS:DSD_PRICES@DF_PRICES_ALL(1.0),POL,A,N,CPI,IX,GD,N,_Z,2018,101.5214,A,,2015,,2
OECD.SDD.TPS:DSD_PRICES@DF_PRICES_ALL(1.0),POL,A,N,CPI,IX,GD,N,_Z,2019,103.0775,A,,2015,,2
OECD.SDD.TPS:DSD_PRICES@DF_PRICES_ALL(1.0),POL,A,N,CPI,IX,GD,N,_Z,2020,105.2006,A,,2015,,2
OECD.SDD.TPS:DSD_PRICES@DF_PRICES_ALL(1.0),POL,A,N,CPI,IX,GD,N,_Z,2021,110.0484,A,,2015,,2
OECD.SDD.TPS:DSD_PRICES@DF_PRICES_ALL(1.0),POL,A,N,CPI,IX,GD,N,_Z,2022,126.7427,A,,2015,,2
OECD.SDD.TPS:DSD_PRICES@DF_PRICES_ALL(1.0),POL,A,N,CPI,IX,GD,N,_Z,2023,141.3071,A,,2015,,2
OECD.SDD.TPS:DSD_PRICES@DF_PRICES_ALL(1.0),POL,A,N,CPI,IX,GD,N,_Z,2024,145.1867,A,,2015,,2
OECD.SDD.TPS:DSD_PRICES@DF_PRICES_ALL(1.0),POL,A,N,CPI,IX,GD,N,_Z,2025,149.7372,A,,2015,,2
OECD.SDD.TPS:DSD_PRICES@DF_PRICES_ALL(1.0),CHE,A,N,CPI,IX,GD,N,_Z,2015,100,A,,2015,,2
OECD.SDD.TPS:DSD_PRICES@DF_PRICES_ALL(1.0),CHE,A,N,CPI,IX,GD,N,_Z,2016,98.7124,A,,2015,,2
OECD.SDD.TPS:DSD_PRICES@DF_PRICES_ALL(1.0),CHE,A,N,CPI,IX,GD,N,_Z,2017,99.17113,A,,2015,,2
OECD.SDD.TPS:DSD_PRICES@DF_PRICES_ALL(1.0),CHE,A,N,CPI,IX,GD,N,_Z,2018,100.8177,A,,2015,,2
OECD.SDD.TPS:DSD_PRICES@DF_PRICES_ALL(1.0),CHE,A,N,CPI,IX,GD,N,_Z,2019,101.1443,A,,2015,,2
OECD.SDD.TPS:DSD_PRICES@DF_PRICES_ALL(1.0),CHE,A,N,CPI,IX,GD,N,_Z,2020,99.84019,A,,2015,,2
OECD.SDD.TPS:DSD_PRICES@DF_PRICES_ALL(1.0),CHE,A,N,CPI,IX,GD,N,_Z,2021,100.8059,A,,2015,,2
OECD.SDD.TPS:DSD_PRICES@DF_PRICES_ALL(1.0),CHE,A,N,CPI,IX,GD,N,_Z,2022,105.776,A,,2015,,2
OECD.SDD.TPS:DSD_PRICES@DF_PRICES_ALL(1.0),CHE,A,N,CPI,IX,GD,N,_Z,2023,108.6868,A,,2015,,2
OECD.SDD.TPS:DSD_PRICES@DF_PRICES_ALL(1.0),CHE,A,N,CPI,IX,GD,N,_Z,2024,108.3203,A,,2015,,2
OECD.SDD.TPS:DSD_PRICES@DF_PRICES_ALL(1.0),CHE,A,N,CPI,IX,GD,N,_Z,2025,106.4833,A,,2015,,2
OECD.SDD.TPS:DSD_PRICES@DF_PRICES_ALL(1.0),ITA,A,N,CPI,PA,GD,N,GY,2015,-0.4798019,A,,,,2
OECD.SDD.TPS:DSD_PRICES@DF_PRICES_ALL(1.0),ITA,A,N,CPI,PA,GD,N,GY,2016,-0.5631107,A,,,,2
OECD.SDD.TPS:DSD_PRICES@DF_PRICES_ALL(1.0),ITA,A,N,CPI,PA,GD,N,GY,2017,1.307737,A,,,,2
OECD.SDD.TPS:DSD_PRICES@DF_PRICES_ALL(1.0),LUX,A,N,CPI,PA,GD,N,GY,2015,-0.5384313,A,,,,2
OECD.SDD.TPS:DSD_PRICES@DF_PRICES_ALL(1.0),LUX,A,N,CPI,PA,GD,N,GY,2016,-0.3241667,A,,,,2
OECD.SDD.TPS:DSD_PRICES@DF_PRICES_ALL(1.0),LUX,A,N,CPI,PA,GD,N,GY,2017,1.764052,A,,,,2
OECD.SDD.TPS:DSD_PRICES@DF_PRICES_ALL(1.0),LUX,A,N,CPI,PA,GD,N,GY,2018,2.134389,A,,,,2
OECD.SDD.TPS:DSD_PRICES@DF_PRICES_ALL(1.0),LUX,A,N,CPI,PA,GD,N,GY,2019,1.210595,A,,,,2
OECD.SDD.TPS:DSD_PRICES@DF_PRICES_ALL(1.0),LUX,A,N,CPI,PA,GD,N,GY,2020,0.4450661,A,,,,2
OECD.SDD.TPS:DSD_PRICES@DF_PRICES_ALL(1.0),LUX,A,N,CPI,PA,GD,N,GY,2021,3.432396,A,,,,2
OECD.SDD.TPS:DSD_PRICES@DF_PRICES_ALL(1.0),LUX,A,N,CPI,PA,GD,N,GY,2022,8.381909,A,,,,2
OECD.SDD.TPS:DSD_PRICES@DF_PRICES_ALL(1.0),LUX,A,N,CPI,PA,GD,N,GY,2023,4.340093,A,,,,2
OECD.SDD.TPS:DSD_PRICES@DF_PRICES_ALL(1.0),LUX,A,N,CPI,PA,GD,N,GY,2024,0.6845794,A,,,,2
OECD.SDD.TPS:DSD_PRICES@DF_PRICES_ALL(1.0),LUX,A,N,CPI,PA,GD,N,GY,2025,2.13921,A,,,,2
OECD.SDD.TPS:DSD_PRICES@DF_PRICES_ALL(1.0),MEX,A,N,CPI,PA,GD,N,GY,2015,3.178939,A,,,,2
OECD.SDD.TPS:DSD_PRICES@DF_PRICES_ALL(1.0),MEX,A,N,CPI,PA,GD,N,GY,2016,3.15067,A,,,,2
OECD.SDD.TPS:DSD_PRICES@DF_PRICES_ALL(1.0),MEX,A,N,CPI,PA,GD,N,GY,2017,7.832021,A,,,,2
OECD.SDD.TPS:DSD_PRICES@DF_PRICES_ALL(1.0),MEX,A,N,CPI,PA,GD,N,GY,2018,5.72158,A,,,,2
OECD.SDD.TPS:DSD_PRICES@DF_PRICES_ALL(1.0),MEX,A,N,CPI,PA,GD,N,GY,2019,3.279948,A,,,,2
OECD.SDD.TPS:DSD_PRICES@DF_PRICES_ALL(1.0),MEX,A,N,CPI,PA,GD,N,GY,2020,3.790593,A,,,,2
OECD.SDD.TPS:DSD_PRICES@DF_PRICES_ALL(1.0),MEX,A,N,CPI,PA,GD,N,GY,2021,7.574606,A,,,,2
OECD.SDD.TPS:DSD_PRICES@DF_PRICES_ALL(1.0),MEX,A,N,CPI,PA,GD,N,GY,2022,9.882782,A,,,,2
OECD.SDD.TPS:DSD_PRICES@DF_PRICES_ALL(1.0),MEX,A,N,CPI,PA,GD,N,GY,2023,5.662706,A,,,,2
OECD.SDD.TPS:DSD_PRICES@DF_PRICES_ALL(1.0),NLD,A,N,CPI,PA,GD,N,GY,2015,-0.9688467,A,,,,2
OECD.SDD.TPS:DSD_PRICES@DF_PRICES_ALL(1.0),NLD,A,N,CPI,PA,GD,N,GY,2016,-0.2224981,A,,,,2
OECD.SDD.TPS:DSD_PRICES@DF_PRICES_ALL(1.0),NLD,A,N,CPI,PA,GD,N,GY,2017,1.338801,A,,,,2
OECD.SDD.TPS:DSD_PRICES@DF_PRICES_ALL(1.0),NLD,A,N,CPI,PA,GD,N,GY,2018,1.764507,A,,,,2
OECD.SDD.TPS:DSD_PRICES@DF_PRICES_ALL(1.0),NLD,A,N,CPI,PA,GD,N,GY,2019,2.671731,A,,,,2
OECD.SDD.TPS:DSD_PRICES@DF_PRICES_ALL(1.0),NLD,A,N,CPI,PA,GD,N,GY,2020,0.09780954,A,,,,2
OECD.SDD.TPS:DSD_PRICES@DF_PRICES_ALL(1.0),NLD,A,N,CPI,PA,GD,N,GY,2021,3.688702,A,,,,2
OECD.SDD.TPS:DSD_PRICES@DF_PRICES_ALL(1.0),NLD,A,N,CPI,PA,GD,N,GY,2022,16.98485,A,,,,2
OECD.SDD.TPS:DSD_PRICES@DF_PRICES_ALL(1.0),NLD,A,N,CPI,PA,GD,N,GY,2023,1.993101,A,,,,2
OECD.SDD.TPS:DSD_PRICES@DF_PRICES_ALL(1.0),NLD,A,N,CPI,PA,GD,N,GY,2024,1.475169,A,,,,2
OECD.SDD.TPS:DSD_PRICES@DF_PRICES_ALL(1.0),NLD,A,N,CPI,PA,GD,N,GY,2025,2.247748,A,,,,2
OECD.SDD.TPS:DSD_PRICES@DF_PRICES_ALL(1.0),NZL,A,N,CPI,PA,GD,N,GY,2015,-0.1489678,A,,,,2
OECD.SDD.TPS:DSD_PRICES@DF_PRICES_ALL(1.0),NZL,A,N,CPI,PA,GD,N,GY,2016,0.5541347,A,,,,2
OECD.SDD.TPS:DSD_PRICES@DF_PRICES_ALL(1.0),NZL,A,N,CPI,PA,GD,N,GY,2017,2.140738,A,,,,2
OECD.SDD.TPS:DSD_PRICES@DF_PRICES_ALL(1.0),NZL,A,N,CPI,PA,GD,N,GY,2018,1.586719,A,,,,2
OECD.SDD.TPS:DSD_PRICES@DF_PRICES_ALL(1.0),NZL,A,N,CPI,PA,GD,N,GY,2019,1.008362,A,,,,2
OECD.SDD.TPS:DSD_PRICES@DF_PRICES_ALL(1.0),NZL,A,N,CPI,PA,GD,N,GY,2020,1.387874,A,,,,2
OECD.SDD.TPS:DSD_PRICES@DF_PRICES_ALL(1.0),NZL,A,N,CPI,PA,GD,N,GY,2021,4.178674,A,,,,2
OECD.SDD.TPS:DSD_PRICES@DF_PRICES_ALL(1.0),NZL,A,N,CPI,PA,GD,N,GY,2022,8.483172,A,,,,2
OECD.SDD.TPS:DSD_PRICES@DF_PRICES_ALL(1.0),NZL,A,N,CPI,PA,GD,N,GY,2023,5.822354,A,,,,2
OECD.SDD.TPS:DSD_PRICES@DF_PRICES_ALL(1.0),NZL,A,N,CPI,PA,GD,N,GY,2024,1.646586,A,,,,2
OECD.SDD.TPS:DSD_PRICES@DF_PRICES_ALL(1.0),NZL,A,N,CPI,PA,GD,N,GY,2025,1.876729,A,,,,2
OECD.SDD.TPS:DSD_PRICES@DF_PRICES_ALL(1.0),POL,A,N,CPI,PA,GD,N,GY,2015,-1.816667,A,,,,2
OECD.SDD.TPS:DSD_PRICES@DF_PRICES_ALL(1.0),POL,A,N,CPI,PA,GD,N,GY,2016,-1.108333,A,,,,2
OECD.SDD.TPS:DSD_PRICES@DF_PRICES_ALL(1.0),POL,A,N,CPI,PA,GD,N,GY,2017,1.816667,A,,,,2
OECD.SDD.TPS:DSD_PRICES@DF_PRICES_ALL(1.0),POL,A,N,CPI,PA,GD,N,GY,2018,1.641667,A,,,,2
OECD.SDD.TPS:DSD_PRICES@DF_PRICES_ALL(1.0),POL,A,N,CPI,PA,GD,N,GY,2019,1.725,A,,,,2
OECD.SDD.TPS:DSD_PRICES@DF_PRICES_ALL(1.0),POL,A,N,CPI,PA,GD,N,GY,2020,2.133333,A,,,,2
OECD.SDD.TPS:DSD_PRICES@DF_PRICES_ALL(1.0),POL,A,N,CPI,PA,GD,N,GY,2021,4.575,A,,,,2
OECD.SDD.TPS:DSD_PRICES@DF_PRICES_ALL(1.0),POL,A,N,CPI,PA,GD,N,GY,2022,15.29167,A,,,,2
OECD.SDD.TPS:DSD_PRICES@DF_PRICES_ALL(1.0),POL,A,N,CPI,PA,GD,N,GY,2023,11.65833,A,,,,2
OECD.SDD.TPS:DSD_PRICES@DF_PRICES_ALL(1.0),POL,A,N,CPI,PA,GD,N,GY,2024,2.6,A,,,,2
OECD.SDD.TPS:DSD_PRICES@DF_PRICES_ALL(1.0),POL,A,N,CPI,PA,GD,N,GY,2025,2.733333,A,,,,2
OECD.SDD.TPS:DSD_PRICES@DF_PRICES_ALL(1.0),CHE,A,N,CPI,PA,GD,N,GY,2015,-3.120948,A,,,,2
OECD.SDD.TPS:DSD_PRICES@DF_PRICES_ALL(1.0),CHE,A,N,CPI,PA,GD,N,GY,2016,-1.287596,A,,,,2
OECD.SDD.TPS:DSD_PRICES@DF_PRICES_ALL(1.0),CHE,A,N,CPI,PA,GD,N,GY,2017,0.4647039,A,,,,2
OECD.SDD.TPS:DSD_PRICES@DF_PRICES_ALL(1.0),CHE,A,N,CPI,PA,GD,N,GY,2018,1.660371,A,,,,2
OECD.SDD.TPS:DSD_PRICES@DF_PRICES_ALL(1.0),CHE,A,N,CPI,PA,GD,N,GY,2019,0.3238737,A,,,,2
OECD.SDD.TPS:DSD_PRICES@DF_PRICES_ALL(1.0),CHE,A,N,CPI,PA,GD,N,GY,2020,-1.289316,A,,,,2
OECD.SDD.TPS:DSD_PRICES@DF_PRICES_ALL(1.0),CHE,A,N,CPI,PA,GD,N,GY,2021,0.9672881,A,,,,2
OECD.SDD.TPS:DSD_PRICES@DF_PRICES_ALL(1.0),CHE,A,N,CPI,PA,GD,N,GY,2022,4.930379,A,,,,2
OECD.SDD.TPS:DSD_PRICES@DF_PRICES_ALL(1.0),CHE,A,N,CPI,PA,GD,N,GY,2023,2.751784,A,,,,2
OECD.SDD.TPS:DSD_PRICES@DF_PRICES_ALL(1.0),CHE,A,N,CPI,PA,GD,N,GY,2024,-0.3372269,A,,,,2
OECD.SDD.TPS:DSD_PRICES@DF_PRICES_ALL(1.0),CHE,A,N,CPI,PA,GD,N,GY,2025,-1.695875,A,,,,2
OECD.SDD.TPS:DSD_PRICES@DF_PRICES_ALL(1.0),ITA,A,N,CPI,PA,SERV,N,GY,2015,0.6382813,A,,,,2
OECD.SDD.TPS:DSD_PRICES@DF_PRICES_ALL(1.0),ITA,A,N,CPI,PA,SERV,N,GY,2016,0.5111261,A,,,,2
OECD.SDD.TPS:DSD_PRICES@DF_PRICES_ALL(1.0),ITA,A,N,CPI,PA,SERV,N,GY,2017,1.102271,A,,,,2
OECD.SDD.TPS:DSD_PRICES@DF_PRICES_ALL(1.0),LUX,A,N,CPI,PA,SERV,N,GY,2015,1.756477,A,,,,2
OECD.SDD.TPS:DSD_PRICES@DF_PRICES_ALL(1.0),LUX,A,N,CPI,PA,SERV,N,GY,2016,1.030833,A,,,,2
OECD.SDD.TPS:DSD_PRICES@DF_PRICES_ALL(1.0),LUX,A,N,CPI,PA,SERV,N,GY,2020,1.273935,A,,,,2
OECD.SDD.TPS:DSD_PRICES@DF_PRICES_ALL(1.0),LUX,A,N,CPI,PA,SERV,N,GY,2022,3.812759,A,,,,2
OECD.SDD.TPS:DSD_PRICES@DF_PRICES_ALL(1.0),LUX,A,N,CPI,PA,SERV,N,GY,2023,2.859922,A,,,,2
OECD.SDD.TPS:DSD_PRICES@DF_PRICES_ALL(1.0),LUX,A,N,CPI,PA,SERV,N,GY,2025,2.41921,A,,,,2
OECD.SDD.TPS:DSD_PRICES@DF_PRICES_ALL(1.0),MEX,A,N,CPI,PA,SERV,N,GY,2015,2.216846,A,,,,2
OECD.SDD.TPS:DSD_PRICES@DF_PRICES_ALL(1.0),MEX,A,N,CPI,PA,SERV,N,GY,2016,2.457033,A,,,,2
OECD.SDD.TPS:DSD_PRICES@DF_PRICES_ALL(1.0),MEX,A,N,CPI,PA,SERV,N,GY,2017,4.041371,A,,,,2
OECD.SDD.TPS:DSD_PRICES@DF_PRICES_ALL(1.0),MEX,A,N,CPI,PA,SERV,N,GY,2018,3.936137,A,,,,2
OECD.SDD.TPS:DSD_PRICES@DF_PRICES_ALL(1.0),MEX,A,N,CPI,PA,SERV,N,GY,2019,4.113103,A,,,,2
OECD.SDD.TPS:DSD_PRICES@DF_PRICES_ALL(1.0),MEX,A,N,CPI,PA,SERV,N,GY,2020,2.857981,A,,,,2
OECD.SDD.TPS:DSD_PRICES@DF_PRICES_ALL(1.0),MEX,A,N,CPI,PA,SERV,N,GY,2022,5.035598,A,,,,2
OECD.SDD.TPS:DSD_PRICES@DF_PRICES_ALL(1.0),MEX,A,N,CPI,PA,SERV,N,GY,2023,5.325058,A,,,,2
OECD.SDD.TPS:DSD_PRICES@DF_PRICES_ALL(1.0),NLD,A,N,CPI,PA,SERV,N,GY,2015,2.011323,A,,,,2
OECD.SDD.TPS:DSD_PRICES@DF_PRICES_ALL(1.0),NLD,A,N,CPI,PA,SERV,N,GY,2016,0.8733333,A,,,,2
OECD.SDD.TPS:DSD_PRICES@DF_PRICES_ALL(1.0),NLD,A,N,CPI,PA,SERV,N,GY,2017,1.274701,A,,,,2
OECD.SDD.TPS:DSD_PRICES@DF_PRICES_ALL(1.0),NLD,A,N,CPI,PA,SERV,N,GY,2018,1.569446,A,,,,2
OECD.SDD.TPS:DSD_PRICES@DF_PRICES_ALL(1.0),NLD,A,N,CPI,PA,SERV,N,GY,2019,2.645464,A,,,,2
OECD.SDD.TPS:DSD_PRICES@DF_PRICES_ALL(1.0),NLD,A,N,CPI,PA,SERV,N,GY,2020,2.535815,A,,,,2
OECD.SDD.TPS:DSD_PRICES@DF_PRICES_ALL(1.0),NLD,A,N,CPI,PA,SERV,N,GY,2021,1.723006,A,,,,2
OECD.SDD.TPS:DSD_PRICES@DF_PRICES_ALL(1.0),NLD,A,N,CPI,PA,SERV,N,GY,2022,3.046329,A,,,,2
OECD.SDD.TPS:DSD_PRICES@DF_PRICES_ALL(1.0),NLD,A,N,CPI,PA,SERV,N,GY,2023,5.239173,A,,,,2
OECD.SDD.TPS:DSD_PRICES@DF_PRICES_ALL(1.0),NLD,A,N,CPI,PA,SERV,N,GY,2024,5.072423,A,,,,2
OECD.SDD.TPS:DSD_PRICES@DF_PRICES_ALL(1.0),NLD,A,N,CPI,PA,SERV,N,GY,2025,4.356843,A,,,,2
OECD.SDD.TPS:DSD_PRICES@DF_PRICES_ALL(1.0),NZL,A,N,CPI,PA,SERV,N,GY,2015,0.9366728,A,,,,2
OECD.SDD.TPS:DSD_PRICES@DF_PRICES_ALL(1.0),NZL,A,N,CPI,PA,SERV,N,GY,2016,0.8069397,A,,,,2
OECD.SDD.TPS:DSD_PRICES@DF_PRICES_ALL(1.0),NZL,A,N,CPI,PA,SERV,N,GY,2017,1.464078,A,,,,2
OECD.SDD.TPS:DSD_PRICES@DF_PRICES_ALL(1.0),NZL,A,N,CPI,PA,SERV,N,GY,2018,1.59206,A,,,,2
OECD.SDD.TPS:DSD_PRICES@DF_PRICES_ALL(1.0),NZL,A,N,CPI,PA,SERV,N,GY,2019,2.568493,A,,,,2
OECD.SDD.TPS:DSD_PRICES@DF_PRICES_ALL(1.0),NZL,A,N,CPI,PA,SERV,N,GY,2020,2.337229,A,,,,2
OECD.SDD.TPS:DSD_PRICES@DF_PRICES_ALL(1.0),NZL,A,N,CPI,PA,SERV,N,GY,2021,3.542298,A,,,,2
OECD.SDD.TPS:DSD_PRICES@DF_PRICES_ALL(1.0),NZL,A,N,CPI,PA,SERV,N,GY,2022,4.884088,A,,,,2
OECD.SDD.TPS:DSD_PRICES@DF_PRICES_ALL(1.0),NZL,A,N,CPI,PA,SERV,N,GY,2023,5.600858,A,,,,2
OECD.SDD.TPS:DSD_PRICES@DF_PRICES_ALL(1.0),NZL,A,N,CPI,PA,SERV,N,GY,2024,4.958342,A,,,,2
OECD.SDD.TPS:DSD_PRICES@DF_PRICES_ALL(1.0),NZL,A,N,CPI,PA,SERV,N,GY,2025,4.317522,A,,,,2
OECD.SDD.TPS:DSD_PRICES@DF_PRICES_ALL(1.0),POL,A,N,CPI,PA,SERV,N,GY,2015,1.383333,A,,,,2
OECD.SDD.TPS:DSD_PRICES@DF_PRICES_ALL(1.0),POL,A,N,CPI,PA,SERV,N,GY,2016,0.8,A,,,,2
OECD.SDD.TPS:DSD_PRICES@DF_PRICES_ALL(1.0),POL,A,N,CPI,PA,SERV,N,GY,2017,2.433333,A,,,,2
OECD.SDD.TPS:DSD_PRICES@DF_PRICES_ALL(1.0),POL,A,N,CPI,PA,SERV,N,GY,2019,3.925,A,,,,2
OECD.SDD.TPS:DSD_PRICES@DF_PRICES_ALL(1.0),POL,A,N,CPI,PA,SERV,N,GY,2020,6.875,A,,,,2
OECD.SDD.TPS:DSD_PRICES@DF_PRICES_ALL(1.0),POL,A,N,CPI,PA,SERV,N,GY,2021,6.808333,A,,,,2
OECD.SDD.TPS:DSD_PRICES@DF_PRICES_ALL(1.0),POL,A,N,CPI,PA,SERV,N,GY,2023,11.275,A,,,,2
OECD.SDD.TPS:DSD_PRICES@DF_PRICES_ALL(1.0),POL,A,N,CPI,PA,SERV,N,GY,2024,6.616667,A,,,,2
OECD.SDD.TPS:DSD_PRICES@DF_PRICES_ALL(1.0),POL,A,N,CPI,PA,SERV,N,GY,2025,6.041667,A,,,,2
OECD.SDD.TPS:DSD_PRICES@DF_PRICES_ALL(1.0),CHE,A,N,CPI,PA,SERV,N,GY,2015,0.1810865,A,,,,2
OECD.SDD.TPS:DSD_PRICES@DF_PRICES_ALL(1.0),CHE,A,N,CPI,PA,SERV,N,GY,2016,0.1179043,A,,,,2
OECD.SDD.TPS:DSD_PRICES@DF_PRICES_ALL(1.0),CHE,A,N,CPI,PA,SERV,N,GY,2017,0.5778841,A,,,,2
OECD.SDD.TPS:DSD_PRICES@DF_PRICES_ALL(1.0),CHE,A,N,CPI,PA,SERV,N,GY,2018,0.4692648,A,,,,2
OECD.SDD.TPS:DSD_PRICES@DF_PRICES_ALL(1.0),CHE,A,N,CPI,PA,SERV,N,GY,2019,0.3866904,A,,,,2
OECD.SDD.TPS:DSD_PRICES@DF_PRICES_ALL(1.0),CHE,A,N,CPI,PA,SERV,N,GY,2020,-0.3605395,A,,,,2
OECD.SDD.TPS:DSD_PRICES@DF_PRICES_ALL(1.0),CHE,A,N,CPI,PA,SERV,N,GY,2021,0.3097191,A,,,,2
OECD.SDD.TPS:DSD_PRICES@DF_PRICES_ALL(1.0),CHE,A,N,CPI,PA,SERV,N,GY,2022,1.217628,A,,,,2
OECD.SDD.TPS:DSD_PRICES@DF_PRICES_ALL(1.0),CHE,A,N,CPI,PA,SERV,N,GY,2023,1.671907,A,,,,2
OECD.SDD.TPS:DSD_PRICES@DF_PRICES_ALL(1.0),CHE,A,N,CPI,PA,SERV,N,GY,2025,1.322044,A,,,,2
OECD.SDD.TPS:DSD_PRICES@DF_PRICES_ALL(1.0),RUS,A,N,CPI,PA,SERV,N,GY,2017,3.768333,A,,,,2
OECD.SDD.TPS:DSD_PRICES@DF_PRICES_ALL(1.0),RUS,A,N,CPI,PA,SERV,N,GY,2018,3.545,A,,,,2
OECD.SDD.TPS:DSD_PRICES@DF_PRICES_ALL(1.0),RUS,A,N,CPI,PA,SERV,N,GY,2019,4.088333,A,,,,2
OECD.SDD.TPS:DSD_PRICES@DF_PRICES_ALL(1.0),RUS,A,N,CPI,PA,SERV,N,GY,2020,2.268333,A,,,,2
OECD.SDD.TPS:DSD_PRICES@DF_PRICES_ALL(1.0),RUS,A,N,CPI,PA,SERV,N,GY,2021,3.766667,A,,,,2
OECD.SDD.TPS:DSD_PRICES@DF_PRICES_ALL(1.0),ITA,A,N,CPI,PC,GD,N,G1,2015,-0.4798019,A,,,,2
OECD.SDD.TPS:DSD_PRICES@DF_PRICES_ALL(1.0),ITA,A,N,CPI,PC,GD,N,G1,2016,-0.5631107,A,,,,2
OECD.SDD.TPS:DSD_PRICES@DF_PRICES_ALL(1.0),ITA,A,N,CPI,PC,GD,N,G1,2017,1.307737,A,,,,2
OECD.SDD.TPS:DSD_PRICES@DF_PRICES_ALL(1.0),LUX,A,N,CPI,PC,GD,N,G1,2015,-0.5384313,A,,,,2
OECD.SDD.TPS:DSD_PRICES@DF_PRICES_ALL(1.0),LUX,A,N,CPI,PC,GD,N,G1,2016,-0.3241667,A,,,,2
OECD.SDD.TPS:DSD_PRICES@DF_PRICES_ALL(1.0),LUX,A,N,CPI,PC,GD,N,G1,2017,1.764052,A,,,,2
OECD.SDD.TPS:DSD_PRICES@DF_PRICES_ALL(1.0),LUX,A,N,CPI,PC,GD,N,G1,2018,2.134389,A,,,,2
OECD.SDD.TPS:DSD_PRICES@DF_PRICES_ALL(1.0),LUX,A,N,CPI,PC,GD,N,G1,2019,1.210595,A,,,,2
OECD.SDD.TPS:DSD_PRICES@DF_PRICES_ALL(1.0),LUX,A,N,CPI,PC,GD,N,G1,2020,0.4450661,A,,,,2
OECD.SDD.TPS:DSD_PRICES@DF_PRICES_ALL(1.0),LUX,A,N,CPI,PC,GD,N,G1,2021,3.432396,A,,,,2
OECD.SDD.TPS:DSD_PRICES@DF_PRICES_ALL(1.0),LUX,A,N,CPI,PC,GD,N,G1,2022,8.381909,A,,,,2
OECD.SDD.TPS:DSD_PRICES@DF_PRICES_ALL(1.0),LUX,A,N,CPI,PC,GD,N,G1,2023,4.340093,A,,,,2
OECD.SDD.TPS:DSD_PRICES@DF_PRICES_ALL(1.0),LUX,A,N,CPI,PC,GD,N,G1,2024,0.6845794,A,,,,2
OECD.SDD.TPS:DSD_PRICES@DF_PRICES_ALL(1.0),LUX,A,N,CPI,PC,GD,N,G1,2025,2.13921,A,,,,2
OECD.SDD.TPS:DSD_PRICES@DF_PRICES_ALL(1.0),MEX,A,N,CPI,PC,GD,N,G1,2015,3.178939,A,,,,2
OECD.SDD.TPS:DSD_PRICES@DF_PRICES_ALL(1.0),MEX,A,N,CPI,PC,GD,N,G1,2016,3.15067,A,,,,2
OECD.SDD.TPS:DSD_PRICES@DF_PRICES_ALL(1.0),MEX,A,N,CPI,PC,GD,N,G1,2017,7.832021,A,,,,2
OECD.SDD.TPS:DSD_PRICES@DF_PRICES_ALL(1.0),MEX,A,N,CPI,PC,GD,N,G1,2018,5.72158,A,,,,2
OECD.SDD.TPS:DSD_PRICES@DF_PRICES_ALL(1.0),MEX,A,N,CPI,PC,GD,N,G1,2019,3.279948,A,,,,2
OECD.SDD.TPS:DSD_PRICES@DF_PRICES_ALL(1.0),MEX,A,N,CPI,PC,GD,N,G1,2020,3.790593,A,,,,2
OECD.SDD.TPS:DSD_PRICES@DF_PRICES_ALL(1.0),MEX,A,N,CPI,PC,GD,N,G1,2021,7.574606,A,,,,2
OECD.SDD.TPS:DSD_PRICES@DF_PRICES_ALL(1.0),MEX,A,N,CPI,PC,GD,N,G1,2022,9.882782,A,,,,2
OECD.SDD.TPS:DSD_PRICES@DF_PRICES_ALL(1.0),MEX,A,N,CPI,PC,GD,N,G1,2023,5.662706,A,,,,2
OECD.SDD.TPS:DSD_PRICES@DF_PRICES_ALL(1.0),NLD,A,N,CPI,PC,GD,N,G1,2015,-0.9688467,A,,,,2
OECD.SDD.TPS:DSD_PRICES@DF_PRICES_ALL(1.0),NLD,A,N,CPI,PC,GD,N,G1,2016,-0.2224981,A,,,,2
OECD.SDD.TPS:DSD_PRICES@DF_PRICES_ALL(1.0),NLD,A,N,CPI,PC,GD,N,G1,2017,1.338801,A,,,,2
OECD.SDD.TPS:DSD_PRICES@DF_PRICES_ALL(1.0),NLD,A,N,CPI,PC,GD,N,G1,2018,1.764507,A,,,,2
OECD.SDD.TPS:DSD_PRICES@DF_PRICES_ALL(1.0),NLD,A,N,CPI,PC,GD,N,G1,2019,2.671731,A,,,,2
OECD.SDD.TPS:DSD_PRICES@DF_PRICES_ALL(1.0),NLD,A,N,CPI,PC,GD,N,G1,2020,0.09780954,A,,,,2
OECD.SDD.TPS:DSD_PRICES@DF_PRICES_ALL(1.0),NLD,A,N,CPI,PC,GD,N,G1,2021,3.688702,A,,,,2
OECD.SDD.TPS:DSD_PRICES@DF_PRICES_ALL(1.0),NLD,A,N,CPI,PC,GD,N,G1,2022,16.98485,A,,,,2
OECD.SDD.TPS:DSD_PRICES@DF_PRICES_ALL(1.0),NLD,A,N,CPI,PC,GD,N,G1,2023,1.993101,A,,,,2
OECD.SDD.TPS:DSD_PRICES@DF_PRICES_ALL(1.0),NLD,A,N,CPI,PC,GD,N,G1,2024,1.475169,A,,,,2
OECD.SDD.TPS:DSD_PRICES@DF_PRICES_ALL(1.0),NLD,A,N,CPI,PC,GD,N,G1,2025,2.247748,A,,,,2
OECD.SDD.TPS:DSD_PRICES@DF_PRICES_ALL(1.0),NZL,A,N,CPI,PC,GD,N,G1,2015,-0.1489678,A,,,,2
OECD.SDD.TPS:DSD_PRICES@DF_PRICES_ALL(1.0),NZL,A,N,CPI,PC,GD,N,G1,2016,0.5541347,A,,,,2
OECD.SDD.TPS:DSD_PRICES@DF_PRICES_ALL(1.0),NZL,A,N,CPI,PC,GD,N,G1,2017,2.140738,A,,,,2
OECD.SDD.TPS:DSD_PRICES@DF_PRICES_ALL(1.0),NZL,A,N,CPI,PC,GD,N,G1,2018,1.586719,A,,,,2
OECD.SDD.TPS:DSD_PRICES@DF_PRICES_ALL(1.0),NZL,A,N,CPI,PC,GD,N,G1,2019,1.008362,A,,,,2
OECD.SDD.TPS:DSD_PRICES@DF_PRICES_ALL(1.0),NZL,A,N,CPI,PC,GD,N,G1,2020,1.387874,A,,,,2
OECD.SDD.TPS:DSD_PRICES@DF_PRICES_ALL(1.0),NZL,A,N,CPI,PC,GD,N,G1,2021,4.178674,A,,,,2
OECD.SDD.TPS:DSD_PRICES@DF_PRICES_ALL(1.0),NZL,A,N,CPI,PC,GD,N,G1,2022,8.483172,A,,,,2
OECD.SDD.TPS:DSD_PRICES@DF_PRICES_ALL(1.0),NZL,A,N,CPI,PC,GD,N,G1,2023,5.822354,A,,,,2
OECD.SDD.TPS:DSD_PRICES@DF_PRICES_ALL(1.0),NZL,A,N,CPI,PC,GD,N,G1,2024,1.646586,A,,,,2
OECD.SDD.TPS:DSD_PRICES@DF_PRICES_ALL(1.0),NZL,A,N,CPI,PC,GD,N,G1,2025,1.876729,A,,,,2
OECD.SDD.TPS:DSD_PRICES@DF_PRICES_ALL(1.0),POL,A,N,CPI,PC,GD,N,G1,2015,-0.1,A,,,,2
OECD.SDD.TPS:DSD_PRICES@DF_PRICES_ALL(1.0),POL,A,N,CPI,PC,GD,N,G1,2016,0.04166667,A,,,,2
OECD.SDD.TPS:DSD_PRICES@DF_PRICES_ALL(1.0),POL,A,N,CPI,PC,GD,N,G1,2017,0.1333333,A,,,,2
OECD.SDD.TPS:DSD_PRICES@DF_PRICES_ALL(1.0),POL,A,N,CPI,PC,GD,N,G1,2018,0.08333334,A,,,,2
OECD.SDD.TPS:DSD_PRICES@DF_PRICES_ALL(1.0),POL,A,N,CPI,PC,GD,N,G1,2019,0.1833333,A,,,,2
OECD.SDD.TPS:DSD_PRICES@DF_PRICES_ALL(1.0),POL,A,N,CPI,PC,GD,N,G1,2020,0.08333334,A,,,,2
OECD.SDD.TPS:DSD_PRICES@DF_PRICES_ALL(1.0),POL,A,N,CPI,PC,GD,N,G1,2021,0.7083333,A,,,,2
OECD.SDD.TPS:DSD_PRICES@DF_PRICES_ALL(1.0),POL,A,N,CPI,PC,GD,N,G1,2022,1.375,A,,,,2
OECD.SDD.TPS:DSD_PRICES@DF_PRICES_ALL(1.0),POL,A,N,CPI,PC,GD,N,G1,2023,0.4416667,A,,,,2
OECD.SDD.TPS:DSD_PRICES@DF_PRICES_ALL(1.0),POL,A,N,CPI,PC,GD,N,G1,2024,0.3333333,A,,,,2
OECD.SDD.TPS:DSD_PRICES@DF_PRICES_ALL(1.0),POL,A,N,CPI,PC,GD,N,G1,2025,0.1166667,A,,,,2
OECD.SDD.TPS:DSD_PRICES@DF_PRICES_ALL(1.0),CHE,A,N,CPI,PC,GD,N,G1,2015,-3.120948,A,,,,2
OECD.SDD.TPS:DSD_PRICES@DF_PRICES_ALL(1.0),CHE,A,N,CPI,PC,GD,N,G1,2016,-1.287596,A,,,,2
OECD.SDD.TPS:DSD_PRICES@DF_PRICES_ALL(1.0),CHE,A,N,CPI,PC,GD,N,G1,2017,0.4647039,A,,,,2
OECD.SDD.TPS:DSD_PRICES@DF_PRICES_ALL(1.0),CHE,A,N,CPI,PC,GD,N,G1,2018,1.660371,A,,,,2
OECD.SDD.TPS:DSD_PRICES@DF_PRICES_ALL(1.0),CHE,A,N,CPI,PC,GD,N,G1,2019,0.3238737,A,,,,2
OECD.SDD.TPS:DSD_PRICES@DF_PRICES_ALL(1.0),CHE,A,N,CPI,PC,GD,N,G1,2020,-1.289316,A,,,,2
OECD.SDD.TPS:DSD_PRICES@DF_PRICES_ALL(1.0),CHE,A,N,CPI,PC,GD,N,G1,2021,0.9672881,A,,,,2
OECD.SDD.TPS:DSD_PRICES@DF_PRICES_ALL(1.0),CHE,A,N,CPI,PC,GD,N,G1,2022,4.930379,A,,,,2
OECD.SDD.TPS:DSD_PRICES@DF_PRICES_ALL(1.0),CHE,A,N,CPI,PC,GD,N,G1,2023,2.751784,A,,,,2
OECD.SDD.TPS:DSD_PRICES@DF_PRICES_ALL(1.0),CHE,A,N,CPI,PC,GD,N,G1,2024,-0.3372269,A,,,,2
OECD.SDD.TPS:DSD_PRICES@DF_PRICES_ALL(1.0),CHE,A,N,CPI,PC,GD,N,G1,2025,-1.695875,A,,,,2
OECD.SDD.TPS:DSD_PRICES@DF_PRICES_ALL(1.0),ITA,A,N,CPI,PC,SERV,N,G1,2015,0.6382813,A,,,,2
OECD.SDD.TPS:DSD_PRICES@DF_PRICES_ALL(1.0),ITA,A,N,CPI,PC,SERV,N,G1,2016,0.5111261,A,,,,2
OECD.SDD.TPS:DSD_PRICES@DF_PRICES_ALL(1.0),ITA,A,N,CPI,PC,SERV,N,G1,2017,1.102271,A,,,,2
OECD.SDD.TPS:DSD_PRICES@DF_PRICES_ALL(1.0),LUX,A,N,CPI,PC,SERV,N,G1,2015,1.756477,A,,,,2
OECD.SDD.TPS:DSD_PRICES@DF_PRICES_ALL(1.0),LUX,A,N,CPI,PC,SERV,N,G1,2016,1.030833,A,,,,2
OECD.SDD.TPS:DSD_PRICES@DF_PRICES_ALL(1.0),LUX,A,N,CPI,PC,SERV,N,G1,2017,1.706575,A,,,,2
OECD.SDD.TPS:DSD_PRICES@DF_PRICES_ALL(1.0),LUX,A,N,CPI,PC,SERV,N,G1,2018,0.7882828,A,,,,2
OECD.SDD.TPS:DSD_PRICES@DF_PRICES_ALL(1.0),LUX,A,N,CPI,PC,SERV,N,G1,2019,2.323018,A,,,,2
OECD.SDD.TPS:DSD_PRICES@DF_PRICES_ALL(1.0),LUX,A,N,CPI,PC,SERV,N,G1,2020,1.273935,A,,,,2
OECD.SDD.TPS:DSD_PRICES@DF_PRICES_ALL(1.0),LUX,A,N,CPI,PC,SERV,N,G1,2021,1.501728,A,,,,2
OECD.SDD.TPS:DSD_PRICES@DF_PRICES_ALL(1.0),LUX,A,N,CPI,PC,SERV,N,G1,2022,3.812759,A,,,,2
OECD.SDD.TPS:DSD_PRICES@DF_PRICES_ALL(1.0),LUX,A,N,CPI,PC,SERV,N,G1,2023,2.859922,A,,,,2
OECD.SDD.TPS:DSD_PRICES@DF_PRICES_ALL(1.0),LUX,A,N,CPI,PC,SERV,N,G1,2024,3.706728,A,,,,2
OECD.SDD.TPS:DSD_PRICES@DF_PRICES_ALL(1.0),LUX,A,N,CPI,PC,SERV,N,G1,2025,2.41921,A,,,,2
OECD.SDD.TPS:DSD_PRICES@DF_PRICES_ALL(1.0),MEX,A,N,CPI,PC,SERV,N,G1,2015,2.216846,A,,,,2
OECD.SDD.TPS:DSD_PRICES@DF_PRICES_ALL(1.0),MEX,A,N,CPI,PC,SERV,N,G1,2016,2.457033,A,,,,2
OECD.SDD.TPS:DSD_PRICES@DF_PRICES_ALL(1.0),MEX,A,N,CPI,PC,SERV,N,G1,2018,3.936137,A,,,,2
OECD.SDD.TPS:DSD_PRICES@DF_PRICES_ALL(1.0),MEX,A,N,CPI,PC,SERV,N,G1,2019,4.113103,A,,,,2
OECD.SDD.TPS:DSD_PRICES@DF_PRICES_ALL(1.0),MEX,A,N,CPI,PC,SERV,N,G1,2021,3.087557,A,,,,2
OECD.SDD.TPS:DSD_PRICES@DF_PRICES_ALL(1.0),MEX,A,N,CPI,PC,SERV,N,G1,2022,5.035598,A,,,,2
OECD.SDD.TPS:DSD_PRICES@DF_PRICES_ALL(1.0),MEX,A,N,CPI,PC,SERV,N,G1,2023,5.325058,A,,,,2
OECD.SDD.TPS:DSD_PRICES@DF_PRICES_ALL(1.0),NLD,A,N,CPI,PC,SERV,N,G1,2015,2.011323,A,,,,2
OECD.SDD.TPS:DSD_PRICES@DF_PRICES_ALL(1.0),NLD,A,N,CPI,PC,SERV,N,G1,2016,0.8733333,A,,,,2
OECD.SDD.TPS:DSD_PRICES@DF_PRICES_ALL(1.0),NLD,A,N,CPI,PC,SERV,N,G1,2017,1.274701,A,,,,2
OECD.SDD.TPS:DSD_PRICES@DF_PRICES_ALL(1.0),NLD,A,N,CPI,PC,SERV,N,G1,2018,1.569446,A,,,,2
OECD.SDD.TPS:DSD_PRICES@DF_PRICES_ALL(1.0),NLD,A,N,CPI,PC,SERV,N,G1,2019,2.645464,A,,,,2
OECD.SDD.TPS:DSD_PRICES@DF_PRICES_ALL(1.0),NLD,A,N,CPI,PC,SERV,N,G1,2021,1.723006,A,,,,2
OECD.SDD.TPS:DSD_PRICES@DF_PRICES_ALL(1.0),NLD,A,N,CPI,PC,SERV,N,G1,2022,3.046329,A,,,,2
OECD.SDD.TPS:DSD_PRICES@DF_PRICES_ALL(1.0),NLD,A,N,CPI,PC,SERV,N,G1,2023,5.239173,A,,,,2
OECD.SDD.TPS:DSD_PRICES@DF_PRICES_ALL(1.0),NLD,A,N,CPI,PC,SERV,N,G1,2024,5.072423,A,,,,2
OECD.SDD.TPS:DSD_PRICES@DF_PRICES_ALL(1.0),NZL,A,N,CPI,PC,SERV,N,G1,2015,0.9366728,A,,,,2
OECD.SDD.TPS:DSD_PRICES@DF_PRICES_ALL(1.0),NZL,A,N,CPI,PC,SERV,N,G1,2016,0.8069397,A,,,,2
OECD.SDD.TPS:DSD_PRICES@DF_PRICES_ALL(1.0),NZL,A,N,CPI,PC,SERV,N,G1,2017,1.464078,A,,,,2
OECD.SDD.TPS:DSD_PRICES@DF_PRICES_ALL(1.0),NZL,A,N,CPI,PC,SERV,N,G1,2018,1.59206,A,,,,2
OECD.SDD.TPS:DSD_PRICES@DF_PRICES_ALL(1.0),NZL,A,N,CPI,PC,SERV,N,G1,2019,2.568493,A,,,,2
OECD.SDD.TPS:DSD_PRICES@DF_PRICES_ALL(1.0),NZL,A,N,CPI,PC,SERV,N,G1,2020,2.337229,A,,,,2
OECD.SDD.TPS:DSD_PRICES@DF_PRICES_ALL(1.0),NZL,A,N,CPI,PC,SERV,N,G1,2022,4.884088,A,,,,2
OECD.SDD.TPS:DSD_PRICES@DF_PRICES_ALL(1.0),NZL,A,N,CPI,PC,SERV,N,G1,2023,5.600858,A,,,,2
OECD.SDD.TPS:DSD_PRICES@DF_PRICES_ALL(1.0),NZL,A,N,CPI,PC,SERV,N,G1,2024,4.958342,A,,,,2
OECD.SDD.TPS:DSD_PRICES@DF_PRICES_ALL(1.0),NZL,A,N,CPI,PC,SERV,N,G1,2025,4.317522,A,,,,2
OECD.SDD.TPS:DSD_PRICES@DF_PRICES_ALL(1.0),POL,A,N,CPI,PC,SERV,N,G1,2016,0.1,A,,,,2
OECD.SDD.TPS:DSD_PRICES@DF_PRICES_ALL(1.0),POL,A,N,CPI,PC,SERV,N,G1,2017,0.2166667,A,,,,2
OECD.SDD.TPS:DSD_PRICES@DF_PRICES_ALL(1.0),POL,A,N,CPI,PC,SERV,N,G1,2018,0.08333334,A,,,,2
OECD.SDD.TPS:DSD_PRICES@DF_PRICES_ALL(1.0),POL,A,N,CPI,PC,SERV,N,G1,2019,0.5,A,,,,2
OECD.SDD.TPS:DSD_PRICES@DF_PRICES_ALL(1.0),POL,A,N,CPI,PC,SERV,N,G1,2020,0.525,A,,,,2
OECD.SDD.TPS:DSD_PRICES@DF_PRICES_ALL(1.0),POL,A,N,CPI,PC,SERV,N,G1,2022,1.058333,A,,,,2
OECD.SDD.TPS:DSD_PRICES@DF_PRICES_ALL(1.0),POL,A,N,CPI,PC,SERV,N,G1,2023,0.6583334,A,,,,2
OECD.SDD.TPS:DSD_PRICES@DF_PRICES_ALL(1.0),POL,A,N,CPI,PC,SERV,N,G1,2024,0.5333334,A,,,,2
OECD.SDD.TPS:DSD_PRICES@DF_PRICES_ALL(1.0),POL,A,N,CPI,PC,SERV,N,G1,2025,0.4166667,A,,,,2
OECD.SDD.TPS:DSD_PRICES@DF_PRICES_ALL(1.0),CHE,A,N,CPI,PC,SERV,N,G1,2015,0.1810865,A,,,,2
OECD.SDD.TPS:DSD_PRICES@DF_PRICES_ALL(1.0),CHE,A,N,CPI,PC,SERV,N,G1,2016,0.1179043,A,,,,2
OECD.SDD.TPS:DSD_PRICES@DF_PRICES_ALL(1.0),CHE,A,N,CPI,PC,SERV,N,G1,2017,0.5778841,A,,,,2
OECD.SDD.TPS:DSD_PRICES@DF_PRICES_ALL(1.0),CHE,A,N,CPI,PC,SERV,N,G1,2018,0.4692648,A,,,,2
OECD.SDD.TPS:DSD_PRICES@DF_PRICES_ALL(1.0),CHE,A,N,CPI,PC,SERV,N,G1,2019,0.3866904,A,,,,2
OECD.SDD.TPS:DSD_PRICES@DF_PRICES_ALL(1.0),CHE,A,N,CPI,PC,SERV,N,G1,2020,-0.3605395,A,,,,2
OECD.SDD.TPS:DSD_PRICES@DF_PRICES_ALL(1.0),CHE,A,N,CPI,PC,SERV,N,G1,2021,0.3097191,A,,,,2
OECD.SDD.TPS:DSD_PRICES@DF_PRICES_ALL(1.0),CHE,A,N,CPI,PC,SERV,N,G1,2022,1.217628,A,,,,2
OECD.SDD.TPS:DSD_PRICES@DF_PRICES_ALL(1.0),CHE,A,N,CPI,PC,SERV,N,G1,2023,1.671907,A,,,,2
OECD.SDD.TPS:DSD_PRICES@DF_PRICES_ALL(1.0),CHE,A,N,CPI,PC,SERV,N,G1,2024,2.013328,A,,,,2
OECD.SDD.TPS:DSD_PRICES@DF_PRICES_ALL(1.0),CHE,A,N,CPI,PC,SERV,N,G1,2025,1.322044,A,,,,2
OECD.SDD.TPS:DSD_PRICES@DF_PRICES_ALL(1.0),RUS,A,N,CPI,PC,SERV,N,G1,2015,0.8341666,A,,,,2
OECD.SDD.TPS:DSD_PRICES@DF_PRICES_ALL(1.0),RUS,A,N,CPI,PC,SERV,N,G1,2016,0.3908333,A,,,,2
OECD.SDD.TPS:DSD_PRICES@DF_PRICES_ALL(1.0),RUS,A,N,CPI,PC,SERV,N,G1,2017,0.3225,A,,,,2
OECD.SDD.TPS:DSD_PRICES@DF_PRICES_ALL(1.0),RUS,A,N,CPI,PC,SERV,N,G1,2018,0.3008333,A,,,,2
OECD.SDD.TPS:DSD_PRICES@DF_PRICES_ALL(1.0),RUS,A,N,CPI,PC,SERV,N,G1,2019,0.2775,A,,,,2
OECD.SDD.TPS:DSD_PRICES@DF_PRICES_ALL(1.0),RUS,A,N,CPI,PC,SERV,N,G1,2020,0.1766667,A,,,,2
OECD.SDD.TPS:DSD_PRICES@DF_PRICES_ALL(1.0),RUS,A,N,CPI,PC,SERV,N,G1,2021,0.4325,A,,,,2
OECD.SDD.TPS:DSD_PRICES@DF_PRICES_ALL(1.0),ITA,A,HICP,CPI,IX,_T,N,_Z,2015,100,A,,2015,,2
OECD.SDD.TPS:DSD_PRICES@DF_PRICES_ALL(1.0),ITA,A,HICP,CPI,IX,_T,N,_Z,2016,99.9,A,,2015,,2
OECD.SDD.TPS:DSD_PRICES@DF_PRICES_ALL(1.0),ITA,A,HICP,CPI,IX,_T,N,_Z,2017,101.3,A,,2015,,2
OECD.SDD.TPS:DSD_PRICES@DF_PRICES_ALL(1.0),LUX,A,HICP,CPI,IX,_T,N,_Z,2015,100,A,,2015,,2
OECD.SDD.TPS:DSD_PRICES@DF_PRICES_ALL(1.0),LUX,A,HICP,CPI,IX,_T,N,_Z,2016,100.04,A,,2015,,2
OECD.SDD.TPS:DSD_PRICES@DF_PRICES_ALL(1.0),LUX,A,HICP,CPI,IX,_T,N,_Z,2017,102.15,A,,2015,,2
OECD.SDD.TPS:DSD_PRICES@DF_PRICES_ALL(1.0),LUX,A,HICP,CPI,IX,_T,N,_Z,2018,104.21,A,,2015,,2
OECD.SDD.TPS:DSD_PRICES@DF_PRICES_ALL(1.0),LUX,A,HICP,CPI,IX,_T,N,_Z,2019,105.93,A,,2015,,2
OECD.SDD.TPS:DSD_PRICES@DF_PRICES_ALL(1.0),LUX,A,HICP,CPI,IX,_T,N,_Z,2020,105.93,A,,2015,,2
OECD.SDD.TPS:DSD_PRICES@DF_PRICES_ALL(1.0),LUX,A,HICP,CPI,IX,_T,N,_Z,2021,109.61,A,,2015,,2
OECD.SDD.TPS:DSD_PRICES@DF_PRICES_ALL(1.0),LUX,A,HICP,CPI,IX,_T,N,_Z,2022,118.55,A,,2015,,2
OECD.SDD.TPS:DSD_PRICES@DF_PRICES_ALL(1.0),LUX,A,HICP,CPI,IX,_T,N,_Z,2023,122.02,A,,2015,,2
OECD.SDD.TPS:DSD_PRICES@DF_PRICES_ALL(1.0),LUX,A,HICP,CPI,IX,_T,N,_Z,2024,124.77,A,,2015,,2
OECD.SDD.TPS:DSD_PRICES@DF_PRICES_ALL(1.0),LUX,A,HICP,CPI,IX,_T,N,_Z,2025,127.93,A,,2015,,2
OECD.SDD.TPS:DSD_PRICES@DF_PRICES_ALL(1.0),NLD,A,HICP,CPI,IX,_T,N,_Z,2015,100,A,,2015,,2
OECD.SDD.TPS:DSD_PRICES@DF_PRICES_ALL(1.0),NLD,A,HICP,CPI,IX,_T,N,_Z,2016,100.11,A,,2015,,2
OECD.SDD.TPS:DSD_PRICES@DF_PRICES_ALL(1.0),NLD,A,HICP,CPI,IX,_T,N,_Z,2017,101.4,A,,2015,,2
OECD.SDD.TPS:DSD_PRICES@DF_PRICES_ALL(1.0),NLD,A,HICP,CPI,IX,_T,N,_Z,2018,103.02,A,,2015,,2
OECD.SDD.TPS:DSD_PRICES@DF_PRICES_ALL(1.0),NLD,A,HICP,CPI,IX,_T,N,_Z,2019,105.78,A,,2015,,2
OECD.SDD.TPS:DSD_PRICES@DF_PRICES_ALL(1.0),NLD,A,HICP,CPI,IX,_T,N,_Z,2020,106.96,A,,2015,,2
OECD.SDD.TPS:DSD_PRICES@DF_PRICES_ALL(1.0),NLD,A,HICP,CPI,IX,_T,N,_Z,2021,109.98,A,,2015,,2
OECD.SDD.TPS:DSD_PRICES@DF_PRICES_ALL(1.0),NLD,A,HICP,CPI,IX,_T,N,_Z,2022,122.78,A,,2015,,2
OECD.SDD.TPS:DSD_PRICES@DF_PRICES_ALL(1.0),NLD,A,HICP,CPI,IX,_T,N,_Z,2023,127.81,A,,2015,,2
OECD.SDD.TPS:DSD_PRICES@DF_PRICES_ALL(1.0),NLD,A,HICP,CPI,IX,_T,N,_Z,2024,131.92,A,,2015,,2
OECD.SDD.TPS:DSD_PRICES@DF_PRICES_ALL(1.0),NLD,A,HICP,CPI,IX,_T,N,_Z,2025,135.86,A,,2015,,2
OECD.SDD.TPS:DSD_PRICES@DF_PRICES_ALL(1.0),NOR,A,HICP,CPI,IX,_T,N,_Z,2015,100,A,,2015,,2
OECD.SDD.TPS:DSD_PRICES@DF_PRICES_ALL(1.0),NOR,A,HICP,CPI,IX,_T,N,_Z,2016,103.9,A,,2015,,2
OECD.SDD.TPS:DSD_PRICES@DF_PRICES_ALL(1.0),NOR,A,HICP,CPI,IX,_T,N,_Z,2017,105.8,A,,2015,,2
OECD.SDD.TPS:DSD_PRICES@DF_PRICES_ALL(1.0),NOR,A,HICP,CPI,IX,_T,N,_Z,2018,109,A,,2015,,2
OECD.SDD.TPS:DSD_PRICES@DF_PRICES_ALL(1.0),NOR,A,HICP,CPI,IX,_T,N,_Z,2019,111.5,A,,2015,,2
OECD.SDD.TPS:DSD_PRICES@DF_PRICES_ALL(1.0),NOR,A,HICP,CPI,IX,_T,N,_Z,2020,112.8,A,,2015,,2
OECD.SDD.TPS:DSD_PRICES@DF_PRICES_ALL(1.0),NOR,A,HICP,CPI,IX,_T,N,_Z,2021,117.2,A,,2015,,2
OECD.SDD.TPS:DSD_PRICES@DF_PRICES_ALL(1.0),NOR,A,HICP,CPI,IX,_T,N,_Z,2022,124.5,A,,2015,,2
OECD.SDD.TPS:DSD_PRICES@DF_PRICES_ALL(1.0),NOR,A,HICP,CPI,IX,_T,N,_Z,2023,131.6,A,,2015,,2
OECD.SDD.TPS:DSD_PRICES@DF_PRICES_ALL(1.0),NOR,A,HICP,CPI,IX,_T,N,_Z,2024,135.4,A,,2015,,2
OECD.SDD.TPS:DSD_PRICES@DF_PRICES_ALL(1.0),NOR,A,HICP,CPI,IX,_T,N,_Z,2025,139.2,A,,2015,,2
OECD.SDD.TPS:DSD_PRICES@DF_PRICES_ALL(1.0),POL,A,HICP,CPI,IX,_T,N,_Z,2015,100,A,,2015,,2
OECD.SDD.TPS:DSD_PRICES@DF_PRICES_ALL(1.0),POL,A,HICP,CPI,IX,_T,N,_Z,2016,99.8,A,,2015,,2
OECD.SDD.TPS:DSD_PRICES@DF_PRICES_ALL(1.0),POL,A,HICP,CPI,IX,_T,N,_Z,2017,101.4,A,,2015,,2
OECD.SDD.TPS:DSD_PRICES@DF_PRICES_ALL(1.0),POL,A,HICP,CPI,IX,_T,N,_Z,2018,102.6,A,,2015,,2
OECD.SDD.TPS:DSD_PRICES@DF_PRICES_ALL(1.0),POL,A,HICP,CPI,IX,_T,N,_Z,2019,104.8,A,,2015,,2
OECD.SDD.TPS:DSD_PRICES@DF_PRICES_ALL(1.0),POL,A,HICP,CPI,IX,_T,N,_Z,2020,108.6,A,,2015,,2
OECD.SDD.TPS:DSD_PRICES@DF_PRICES_ALL(1.0),POL,A,HICP,CPI,IX,_T,N,_Z,2021,114.3,A,,2015,,2
OECD.SDD.TPS:DSD_PRICES@DF_PRICES_ALL(1.0),POL,A,HICP,CPI,IX,_T,N,_Z,2022,129.4,A,,2015,,2
OECD.SDD.TPS:DSD_PRICES@DF_PRICES_ALL(1.0),POL,A,HICP,CPI,IX,_T,N,_Z,2023,143.5,A,,2015,,2
OECD.SDD.TPS:DSD_PRICES@DF_PRICES_ALL(1.0),POL,A,HICP,CPI,IX,_T,N,_Z,2024,148.7,A,,2015,,2
OECD.SDD.TPS:DSD_PRICES@DF_PRICES_ALL(1.0),POL,A,HICP,CPI,IX,_T,N,_Z,2025,153.7,A,,2015,,2
OECD.SDD.TPS:DSD_PRICES@DF_PRICES_ALL(1.0),SWE,A,HICP,CPI,IX,_T,N,_Z,2015,100,A,,2015,,2
OECD.SDD.TPS:DSD_PRICES@DF_PRICES_ALL(1.0),SWE,A,HICP,CPI,IX,_T,N,_Z,2016,101.14,A,,2015,,2
OECD.SDD.TPS:DSD_PRICES@DF_PRICES_ALL(1.0),SWE,A,HICP,CPI,IX,_T,N,_Z,2017,103.02,A,,2015,,2
OECD.SDD.TPS:DSD_PRICES@DF_PRICES_ALL(1.0),SWE,A,HICP,CPI,IX,_T,N,_Z,2018,105.12,A,,2015,,2
OECD.SDD.TPS:DSD_PRICES@DF_PRICES_ALL(1.0),SWE,A,HICP,CPI,IX,_T,N,_Z,2019,106.93,A,,2015,,2
OECD.SDD.TPS:DSD_PRICES@DF_PRICES_ALL(1.0),SWE,A,HICP,CPI,IX,_T,N,_Z,2020,107.63,A,,2015,,2
OECD.SDD.TPS:DSD_PRICES@DF_PRICES_ALL(1.0),SWE,A,HICP,CPI,IX,_T,N,_Z,2021,110.49,A,,2015,,2
OECD.SDD.TPS:DSD_PRICES@DF_PRICES_ALL(1.0),SWE,A,HICP,CPI,IX,_T,N,_Z,2022,119.39,A,,2015,,2
OECD.SDD.TPS:DSD_PRICES@DF_PRICES_ALL(1.0),SWE,A,HICP,CPI,IX,_T,N,_Z,2023,126.44,A,,2015,,2
OECD.SDD.TPS:DSD_PRICES@DF_PRICES_ALL(1.0),SWE,A,HICP,CPI,IX,_T,N,_Z,2024,128.98,A,,2015,,2
OECD.SDD.TPS:DSD_PRICES@DF_PRICES_ALL(1.0),SWE,A,HICP,CPI,IX,_T,N,_Z,2025,132.35,A,,2015,,2
OECD.SDD.TPS:DSD_PRICES@DF_PRICES_ALL(1.0),CHE,A,HICP,CPI,IX,_T,N,_Z,2015,100,A,,2015,,2
OECD.SDD.TPS:DSD_PRICES@DF_PRICES_ALL(1.0),CHE,A,HICP,CPI,IX,_T,N,_Z,2016,99.47,A,,2015,,2
OECD.SDD.TPS:DSD_PRICES@DF_PRICES_ALL(1.0),CHE,A,HICP,CPI,IX,_T,N,_Z,2017,100.11,A,,2015,,2
OECD.SDD.TPS:DSD_PRICES@DF_PRICES_ALL(1.0),CHE,A,HICP,CPI,IX,_T,N,_Z,2018,101.03,A,,2015,,2
OECD.SDD.TPS:DSD_PRICES@DF_PRICES_ALL(1.0),CHE,A,HICP,CPI,IX,_T,N,_Z,2019,101.41,A,,2015,,2
OECD.SDD.TPS:DSD_PRICES@DF_PRICES_ALL(1.0),CHE,A,HICP,CPI,IX,_T,N,_Z,2020,100.56,A,,2015,,2
OECD.SDD.TPS:DSD_PRICES@DF_PRICES_ALL(1.0),CHE,A,HICP,CPI,IX,_T,N,_Z,2021,101.04,A,,2015,,2
OECD.SDD.TPS:DSD_PRICES@DF_PRICES_ALL(1.0),CHE,A,HICP,CPI,IX,_T,N,_Z,2022,103.74,A,,2015,,2
OECD.SDD.TPS:DSD_PRICES@DF_PRICES_ALL(1.0),CHE,A,HICP,CPI,IX,_T,N,_Z,2023,106.1,A,,2015,,2
OECD.SDD.TPS:DSD_PRICES@DF_PRICES_ALL(1.0),CHE,A,HICP,CPI,IX,_T,N,_Z,2024,107.25,A,,2015,,2
OECD.SDD.TPS:DSD_PRICES@DF_PRICES_ALL(1.0),CHE,A,HICP,CPI,IX,_T,N,_Z,2025,107.36,A,,2015,,2
OECD.SDD.TPS:DSD_PRICES@DF_PRICES_ALL(1.0),TUR,A,HICP,CPI,IX,_T,N,_Z,2015,100,A,,2015,,2
OECD.SDD.TPS:DSD_PRICES@DF_PRICES_ALL(1.0),TUR,A,HICP,CPI,IX,_T,N,_Z,2016,107.66,A,,2015,,2
OECD.SDD.TPS:DSD_PRICES@DF_PRICES_ALL(1.0),TUR,A,HICP,CPI,IX,_T,N,_Z,2017,119.63,A,,2015,,2
OECD.SDD.TPS:DSD_PRICES@DF_PRICES_ALL(1.0),TUR,A,HICP,CPI,IX,_T,N,_Z,2018,139.17,A,,2015,,2
OECD.SDD.TPS:DSD_PRICES@DF_PRICES_ALL(1.0),ROU,A,HICP,CPI,IX,_T,N,_Z,2015,100,A,,2015,,2
OECD.SDD.TPS:DSD_PRICES@DF_PRICES_ALL(1.0),ROU,A,HICP,CPI,IX,_T,N,_Z,2016,98.93,A,,2015,,2
OECD.SDD.TPS:DSD_PRICES@DF_PRICES_ALL(1.0),ROU,A,HICP,CPI,IX,_T,N,_Z,2017,100,A,,2015,,2
OECD.SDD.TPS:DSD_PRICES@DF_PRICES_ALL(1.0),ROU,A,HICP,CPI,IX,_T,N,_Z,2018,104.08,A,,2015,,2
OECD.SDD.TPS:DSD_PRICES@DF_PRICES_ALL(1.0),ROU,A,HICP,CPI,IX,_T,N,_Z,2019,108.15,A,,2015,,2
OECD.SDD.TPS:DSD_PRICES@DF_PRICES_ALL(1.0),ROU,A,HICP,CPI,IX,_T,N,_Z,2020,110.67,A,,2015,,2
OECD.SDD.TPS:DSD_PRICES@DF_PRICES_ALL(1.0),ROU,A,HICP,CPI,IX,_T,N,_Z,2021,115.21,A,,2015,,2
OECD.SDD.TPS:DSD_PRICES@DF_PRICES_ALL(1.0),ROU,A,HICP,CPI,IX,_T,N,_Z,2022,129.06,A,,2015,,2
OECD.SDD.TPS:DSD_PRICES@DF_PRICES_ALL(1.0),ROU,A,HICP,CPI,IX,_T,N,_Z,2023,141.64,A,,2015,,2
OECD.SDD.TPS:DSD_PRICES@DF_PRICES_ALL(1.0),ROU,A,HICP,CPI,IX,_T,N,_Z,2024,149.91,A,,2015,,2
OECD.SDD.TPS:DSD_PRICES@DF_PRICES_ALL(1.0),ROU,A,HICP,CPI,IX,_T,N,_Z,2025,160.06,A,,2015,,2
OECD.SDD.TPS:DSD_PRICES@DF_PRICES_ALL(1.0),ITA,A,HICP,CPI,PA,_T,N,GY,2015,0.1,A,,,,2
OECD.SDD.TPS:DSD_PRICES@DF_PRICES_ALL(1.0),ITA,A,HICP,CPI,PA,_T,N,GY,2016,-0.1,A,,,,2
OECD.SDD.TPS:DSD_PRICES@DF_PRICES_ALL(1.0),ITA,A,HICP,CPI,PA,_T,N,GY,2017,1.3,A,,,,2
OECD.SDD.TPS:DSD_PRICES@DF_PRICES_ALL(1.0),LUX,A,HICP,CPI,PA,_T,N,GY,2015,0.1,A,,,,2
OECD.SDD.TPS:DSD_PRICES@DF_PRICES_ALL(1.0),LUX,A,HICP,CPI,PA,_T,N,GY,2016,0,A,,,,2
OECD.SDD.TPS:DSD_PRICES@DF_PRICES_ALL(1.0),LUX,A,HICP,CPI,PA,_T,N,GY,2017,2.1,A,,,,2
OECD.SDD.TPS:DSD_PRICES@DF_PRICES_ALL(1.0),LUX,A,HICP,CPI,PA,_T,N,GY,2018,2,A,,,,2
OECD.SDD.TPS:DSD_PRICES@DF_PRICES_ALL(1.0),LUX,A,HICP,CPI,PA,_T,N,GY,2019,1.6,A,,,,2
OECD.SDD.TPS:DSD_PRICES@DF_PRICES_ALL(1.0),LUX,A,HICP,CPI,PA,_T,N,GY,2020,0,A,,,,2
OECD.SDD.TPS:DSD_PRICES@DF_PRICES_ALL(1.0),LUX,A,HICP,CPI,PA,_T,N,GY,2021,3.5,A,,,,2
OECD.SDD.TPS:DSD_PRICES@DF_PRICES_ALL(1.0),LUX,A,HICP,CPI,PA,_T,N,GY,2022,8.2,A,,,,2
OECD.SDD.TPS:DSD_PRICES@DF_PRICES_ALL(1.0),LUX,A,HICP,CPI,PA,_T,N,GY,2023,2.9,A,,,,2
OECD.SDD.TPS:DSD_PRICES@DF_PRICES_ALL(1.0),LUX,A,HICP,CPI,PA,_T,N,GY,2024,2.3,A,,,,2
OECD.SDD.TPS:DSD_PRICES@DF_PRICES_ALL(1.0),LUX,A,HICP,CPI,PA,_T,N,GY,2025,2.5,A,,,,2
OECD.SDD.TPS:DSD_PRICES@DF_PRICES_ALL(1.0),NLD,A,HICP,CPI,PA,_T,N,GY,2015,0.2,A,,,,2
OECD.SDD.TPS:DSD_PRICES@DF_PRICES_ALL(1.0),NLD,A,HICP,CPI,PA,_T,N,GY,2016,0.1,A,,,,2
OECD.SDD.TPS:DSD_PRICES@DF_PRICES_ALL(1.0),NLD,A,HICP,CPI,PA,_T,N,GY,2017,1.3,A,,,,2
OECD.SDD.TPS:DSD_PRICES@DF_PRICES_ALL(1.0),NLD,A,HICP,CPI,PA,_T,N,GY,2018,1.6,A,,,,2
OECD.SDD.TPS:DSD_PRICES@DF_PRICES_ALL(1.0),NLD,A,HICP,CPI,PA,_T,N,GY,2019,2.7,A,,,,2
OECD.SDD.TPS:DSD_PRICES@DF_PRICES_ALL(1.0),NLD,A,HICP,CPI,PA,_T,N,GY,2020,1.1,A,,,,2
OECD.SDD.TPS:DSD_PRICES@DF_PRICES_ALL(1.0),NLD,A,HICP,CPI,PA,_T,N,GY,2021,2.8,A,,,,2
OECD.SDD.TPS:DSD_PRICES@DF_PRICES_ALL(1.0),NLD,A,HICP,CPI,PA,_T,N,GY,2022,11.6,A,,,,2
OECD.SDD.TPS:DSD_PRICES@DF_PRICES_ALL(1.0),NLD,A,HICP,CPI,PA,_T,N,GY,2023,4.1,A,,,,2
OECD.SDD.TPS:DSD_PRICES@DF_PRICES_ALL(1.0),NLD,A,HICP,CPI,PA,_T,N,GY,2024,3.2,A,,,,2
OECD.SDD.TPS:DSD_PRICES@DF_PRICES_ALL(1.0),NLD,A,HICP,CPI,PA,_T,N,GY,2025,3,A,,,,2
OECD.SDD.TPS:DSD_PRICES@DF_PRICES_ALL(1.0),NOR,A,HICP,CPI,PA,_T,N,GY,2015,2,A,,,,2
OECD.SDD.TPS:DSD_PRICES@DF_PRICES_ALL(1.0),NOR,A,HICP,CPI,PA,_T,N,GY,2016,3.9,A,,,,2
OECD.SDD.TPS:DSD_PRICES@DF_PRICES_ALL(1.0),NOR,A,HICP,CPI,PA,_T,N,GY,2017,1.9,A,,,,2
OECD.SDD.TPS:DSD_PRICES@DF_PRICES_ALL(1.0),NOR,A,HICP,CPI,PA,_T,N,GY,2018,3,A,,,,2
OECD.SDD.TPS:DSD_PRICES@DF_PRICES_ALL(1.0),NOR,A,HICP,CPI,PA,_T,N,GY,2019,2.3,A,,,,2
OECD.SDD.TPS:DSD_PRICES@DF_PRICES_ALL(1.0),NOR,A,HICP,CPI,PA,_T,N,GY,2020,1.2,A,,,,2
OECD.SDD.TPS:DSD_PRICES@DF_PRICES_ALL(1.0),NOR,A,HICP,CPI,PA,_T,N,GY,2021,3.9,A,,,,2
OECD.SDD.TPS:DSD_PRICES@DF_PRICES_ALL(1.0),NOR,A,HICP,CPI,PA,_T,N,GY,2022,6.2,A,,,,2
OECD.SDD.TPS:DSD_PRICES@DF_PRICES_ALL(1.0),NOR,A,HICP,CPI,PA,_T,N,GY,2023,5.8,A,,,,2
OECD.SDD.TPS:DSD_PRICES@DF_PRICES_ALL(1.0),NOR,A,HICP,CPI,PA,_T,N,GY,2024,2.8,A,,,,2
OECD.SDD.TPS:DSD_PRICES@DF_PRICES_ALL(1.0),NOR,A,HICP,CPI,PA,_T,N,GY,2025,2.8,A,,,,2
OECD.SDD.TPS:DSD_PRICES@DF_PRICES_ALL(1.0),POL,A,HICP,CPI,PA,_T,N,GY,2015,-0.7,A,,,,2
OECD.SDD.TPS:DSD_PRICES@DF_PRICES_ALL(1.0),POL,A,HICP,CPI,PA,_T,N,GY,2016,-0.2,A,,,,2
OECD.SDD.TPS:DSD_PRICES@DF_PRICES_ALL(1.0),POL,A,HICP,CPI,PA,_T,N,GY,2017,1.6,A,,,,2
OECD.SDD.TPS:DSD_PRICES@DF_PRICES_ALL(1.0),POL,A,HICP,CPI,PA,_T,N,GY,2018,1.2,A,,,,2
OECD.SDD.TPS:DSD_PRICES@DF_PRICES_ALL(1.0),POL,A,HICP,CPI,PA,_T,N,GY,2019,2.1,A,,,,2
OECD.SDD.TPS:DSD_PRICES@DF_PRICES_ALL(1.0),POL,A,HICP,CPI,PA,_T,N,GY,2020,3.7,A,,,,2
OECD.SDD.TPS:DSD_PRICES@DF_PRICES_ALL(1.0),POL,A,HICP,CPI,PA,_T,N,GY,2021,5.2,A,,,,2
OECD.SDD.TPS:DSD_PRICES@DF_PRICES_ALL(1.0),POL,A,HICP,CPI,PA,_T,N,GY,2022,13.2,A,,,,2
OECD.SDD.TPS:DSD_PRICES@DF_PRICES_ALL(1.0),POL,A,HICP,CPI,PA,_T,N,GY,2023,10.9,A,,,,2
OECD.SDD.TPS:DSD_PRICES@DF_PRICES_ALL(1.0),POL,A,HICP,CPI,PA,_T,N,GY,2024,3.7,A,,,,2
OECD.SDD.TPS:DSD_PRICES@DF_PRICES_ALL(1.0),POL,A,HICP,CPI,PA,_T,N,GY,2025,3.3,A,,,,2
OECD.SDD.TPS:DSD_PRICES@DF_PRICES_ALL(1.0),SWE,A,HICP,CPI,PA,_T,N,GY,2015,0.7,A,,,,2
OECD.SDD.TPS:DSD_PRICES@DF_PRICES_ALL(1.0),SWE,A,HICP,CPI,PA,_T,N,GY,2016,1.1,A,,,,2
OECD.SDD.TPS:DSD_PRICES@DF_PRICES_ALL(1.0),SWE,A,HICP,CPI,PA,_T,N,GY,2017,1.9,A,,,,2
OECD.SDD.TPS:DSD_PRICES@DF_PRICES_ALL(1.0),SWE,A,HICP,CPI,PA,_T,N,GY,2018,2,A,,,,2
OECD.SDD.TPS:DSD_PRICES@DF_PRICES_ALL(1.0),SWE,A,HICP,CPI,PA,_T,N,GY,2019,1.7,A,,,,2
OECD.SDD.TPS:DSD_PRICES@DF_PRICES_ALL(1.0),SWE,A,HICP,CPI,PA,_T,N,GY,2020,0.7,A,,,,2
OECD.SDD.TPS:DSD_PRICES@DF_PRICES_ALL(1.0),SWE,A,HICP,CPI,PA,_T,N,GY,2021,2.7,A,,,,2
OECD.SDD.TPS:DSD_PRICES@DF_PRICES_ALL(1.0),SWE,A,HICP,CPI,PA,_T,N,GY,2022,8.1,A,,,,2
OECD.SDD.TPS:DSD_PRICES@DF_PRICES_ALL(1.0),SWE,A,HICP,CPI,PA,_T,N,GY,2023,5.9,A,,,,2
OECD.SDD.TPS:DSD_PRICES@DF_PRICES_ALL(1.0),SWE,A,HICP,CPI,PA,_T,N,GY,2024,2,A,,,,2
OECD.SDD.TPS:DSD_PRICES@DF_PRICES_ALL(1.0),SWE,A,HICP,CPI,PA,_T,N,GY,2025,2.6,A,,,,2
OECD.SDD.TPS:DSD_PRICES@DF_PRICES_ALL(1.0),CHE,A,HICP,CPI,PA,_T,N,GY,2015,-0.8,A,,,,2
OECD.SDD.TPS:DSD_PRICES@DF_PRICES_ALL(1.0),CHE,A,HICP,CPI,PA,_T,N,GY,2016,-0.5,A,,,,2
OECD.SDD.TPS:DSD_PRICES@DF_PRICES_ALL(1.0),CHE,A,HICP,CPI,PA,_T,N,GY,2017,0.6,A,,,,2
OECD.SDD.TPS:DSD_PRICES@DF_PRICES_ALL(1.0),CHE,A,HICP,CPI,PA,_T,N,GY,2018,0.9,A,,,,2
OECD.SDD.TPS:DSD_PRICES@DF_PRICES_ALL(1.0),CHE,A,HICP,CPI,PA,_T,N,GY,2019,0.4,A,,,,2
OECD.SDD.TPS:DSD_PRICES@DF_PRICES_ALL(1.0),CHE,A,HICP,CPI,PA,_T,N,GY,2020,-0.8,A,,,,2
OECD.SDD.TPS:DSD_PRICES@DF_PRICES_ALL(1.0),CHE,A,HICP,CPI,PA,_T,N,GY,2021,0.5,A,,,,2
OECD.SDD.TPS:DSD_PRICES@DF_PRICES_ALL(1.0),CHE,A,HICP,CPI,PA,_T,N,GY,2022,2.7,A,,,,2
OECD.SDD.TPS:DSD_PRICES@DF_PRICES_ALL(1.0),CHE,A,HICP,CPI,PA,_T,N,GY,2023,2.3,A,,,,2
OECD.SDD.TPS:DSD_PRICES@DF_PRICES_ALL(1.0),CHE,A,HICP,CPI,PA,_T,N,GY,2024,1.1,A,,,,2
OECD.SDD.TPS:DSD_PRICES@DF_PRICES_ALL(1.0),CHE,A,HICP,CPI,PA,_T,N,GY,2025,0.1,A,,,,2
OECD.SDD.TPS:DSD_PRICES@DF_PRICES_ALL(1.0),TUR,A,HICP,CPI,PA,_T,N,GY,2015,7.7,A,,,,2
OECD.SDD.TPS:DSD_PRICES@DF_PRICES_ALL(1.0),TUR,A,HICP,CPI,PA,_T,N,GY,2016,7.7,A,,,,2
OECD.SDD.TPS:DSD_PRICES@DF_PRICES_ALL(1.0),TUR,A,HICP,CPI,PA,_T,N,GY,2017,11.1,A,,,,2
OECD.SDD.TPS:DSD_PRICES@DF_PRICES_ALL(1.0),TUR,A,HICP,CPI,PA,_T,N,GY,2018,16.3,A,,,,2
OECD.SDD.TPS:DSD_PRICES@DF_PRICES_ALL(1.0),ROU,A,HICP,CPI,PA,_T,N,GY,2015,-0.4,A,,,,2
OECD.SDD.TPS:DSD_PRICES@DF_PRICES_ALL(1.0),ROU,A,HICP,CPI,PA,_T,N,GY,2016,-1.1,A,,,,2
OECD.SDD.TPS:DSD_PRICES@DF_PRICES_ALL(1.0),ROU,A,HICP,CPI,PA,_T,N,GY,2017,1.1,A,,,,2
OECD.SDD.TPS:DSD_PRICES@DF_PRICES_ALL(1.0),ROU,A,HICP,CPI,PA,_T,N,GY,2018,4.1,A,,,,2
OECD.SDD.TPS:DSD_PRICES@DF_PRICES_ALL(1.0),ROU,A,HICP,CPI,PA,_T,N,GY,2019,3.9,A,,,,2
OECD.SDD.TPS:DSD_PRICES@DF_PRICES_ALL(1.0),ROU,A,HICP,CPI,PA,_T,N,GY,2020,2.3,A,,,,2
OECD.SDD.TPS:DSD_PRICES@DF_PRICES_ALL(1.0),ROU,A,HICP,CPI,PA,_T,N,GY,2021,4.1,A,,,,2
OECD.SDD.TPS:DSD_PRICES@DF_PRICES_ALL(1.0),ROU,A,HICP,CPI,PA,_T,N,GY,2022,12,A,,,,2
OECD.SDD.TPS:DSD_PRICES@DF_PRICES_ALL(1.0),ROU,A,HICP,CPI,PA,_T,N,GY,2023,9.7,A,,,,2
OECD.SDD.TPS:DSD_PRICES@DF_PRICES_ALL(1.0),ROU,A,HICP,CPI,PA,_T,N,GY,2024,5.8,A,,,,2
OECD.SDD.TPS:DSD_PRICES@DF_PRICES_ALL(1.0),ROU,A,HICP,CPI,PA,_T,N,GY,2025,6.8,A,,,,2
OECD.SDD.TPS:DSD_PRICES@DF_PRICES_ALL(1.0),ITA,A,HICP,CPI,PC,_T,N,G1,2015,0.1,A,,,,2
OECD.SDD.TPS:DSD_PRICES@DF_PRICES_ALL(1.0),ITA,A,HICP,CPI,PC,_T,N,G1,2016,-0.1,A,,,,2
OECD.SDD.TPS:DSD_PRICES@DF_PRICES_ALL(1.0),ITA,A,HICP,CPI,PC,_T,N,G1,2017,1.3,A,,,,2
OECD.SDD.TPS:DSD_PRICES@DF_PRICES_ALL(1.0),LUX,A,HICP,CPI,PC,_T,N,G1,2015,0.1,A,,,,2
OECD.SDD.TPS:DSD_PRICES@DF_PRICES_ALL(1.0),LUX,A,HICP,CPI,PC,_T,N,G1,2016,0,A,,,,2
OECD.SDD.TPS:DSD_PRICES@DF_PRICES_ALL(1.0),LUX,A,HICP,CPI,PC,_T,N,G1,2017,2.1,A,,,,2
OECD.SDD.TPS:DSD_PRICES@DF_PRICES_ALL(1.0),LUX,A,HICP,CPI,PC,_T,N,G1,2018,2,A,,,,2
OECD.SDD.TPS:DSD_PRICES@DF_PRICES_ALL(1.0),LUX,A,HICP,CPI,PC,_T,N,G1,2019,1.6,A,,,,2
OECD.SDD.TPS:DSD_PRICES@DF_PRICES_ALL(1.0),LUX,A,HICP,CPI,PC,_T,N,G1,2020,0,A,,,,2
OECD.SDD.TPS:DSD_PRICES@DF_PRICES_ALL(1.0),LUX,A,HICP,CPI,PC,_T,N,G1,2021,3.5,A,,,,2
OECD.SDD.TPS:DSD_PRICES@DF_PRICES_ALL(1.0),LUX,A,HICP,CPI,PC,_T,N,G1,2022,8.2,A,,,,2
OECD.SDD.TPS:DSD_PRICES@DF_PRICES_ALL(1.0),LUX,A,HICP,CPI,PC,_T,N,G1,2023,2.9,A,,,,2
OECD.SDD.TPS:DSD_PRICES@DF_PRICES_ALL(1.0),LUX,A,HICP,CPI,PC,_T,N,G1,2024,2.3,A,,,,2
OECD.SDD.TPS:DSD_PRICES@DF_PRICES_ALL(1.0),LUX,A,HICP,CPI,PC,_T,N,G1,2025,2.5,A,,,,2
OECD.SDD.TPS:DSD_PRICES@DF_PRICES_ALL(1.0),NLD,A,HICP,CPI,PC,_T,N,G1,2015,0.2,A,,,,2
OECD.SDD.TPS:DSD_PRICES@DF_PRICES_ALL(1.0),NLD,A,HICP,CPI,PC,_T,N,G1,2016,0.1,A,,,,2
OECD.SDD.TPS:DSD_PRICES@DF_PRICES_ALL(1.0),NLD,A,HICP,CPI,PC,_T,N,G1,2017,1.3,A,,,,2
OECD.SDD.TPS:DSD_PRICES@DF_PRICES_ALL(1.0),NLD,A,HICP,CPI,PC,_T,N,G1,2018,1.6,A,,,,2
OECD.SDD.TPS:DSD_PRICES@DF_PRICES_ALL(1.0),NLD,A,HICP,CPI,PC,_T,N,G1,2019,2.7,A,,,,2
OECD.SDD.TPS:DSD_PRICES@DF_PRICES_ALL(1.0),NLD,A,HICP,CPI,PC,_T,N,G1,2020,1.1,A,,,,2
OECD.SDD.TPS:DSD_PRICES@DF_PRICES_ALL(1.0),NLD,A,HICP,CPI,PC,_T,N,G1,2021,2.8,A,,,,2
OECD.SDD.TPS:DSD_PRICES@DF_PRICES_ALL(1.0),NLD,A,HICP,CPI,PC,_T,N,G1,2022,11.6,A,,,,2
OECD.SDD.TPS:DSD_PRICES@DF_PRICES_ALL(1.0),NLD,A,HICP,CPI,PC,_T,N,G1,2023,4.1,A,,,,2
OECD.SDD.TPS:DSD_PRICES@DF_PRICES_ALL(1.0),NLD,A,HICP,CPI,PC,_T,N,G1,2024,3.2,A,,,,2
OECD.SDD.TPS:DSD_PRICES@DF_PRICES_ALL(1.0),NLD,A,HICP,CPI,PC,_T,N,G1,2025,3,A,,,,2
OECD.SDD.TPS:DSD_PRICES@DF_PRICES_ALL(1.0),NOR,A,HICP,CPI,PC,_T,N,G1,2015,2,A,,,,2
OECD.SDD.TPS:DSD_PRICES@DF_PRICES_ALL(1.0),NOR,A,HICP,CPI,PC,_T,N,G1,2016,3.9,A,,,,2
OECD.SDD.TPS:DSD_PRICES@DF_PRICES_ALL(1.0),NOR,A,HICP,CPI,PC,_T,N,G1,2017,1.9,A,,,,2
OECD.SDD.TPS:DSD_PRICES@DF_PRICES_ALL(1.0),NOR,A,HICP,CPI,PC,_T,N,G1,2018,3,A,,,,2
OECD.SDD.TPS:DSD_PRICES@DF_PRICES_ALL(1.0),NOR,A,HICP,CPI,PC,_T,N,G1,2019,2.3,A,,,,2
OECD.SDD.TPS:DSD_PRICES@DF_PRICES_ALL(1.0),NOR,A,HICP,CPI,PC,_T,N,G1,2020,1.2,A,,,,2
OECD.SDD.TPS:DSD_PRICES@DF_PRICES_ALL(1.0),NOR,A,HICP,CPI,PC,_T,N,G1,2021,3.9,A,,,,2
OECD.SDD.TPS:DSD_PRICES@DF_PRICES_ALL(1.0),NOR,A,HICP,CPI,PC,_T,N,G1,2022,6.2,A,,,,2
OECD.SDD.TPS:DSD_PRICES@DF_PRICES_ALL(1.0),NOR,A,HICP,CPI,PC,_T,N,G1,2023,5.8,A,,,,2
OECD.SDD.TPS:DSD_PRICES@DF_PRICES_ALL(1.0),NOR,A,HICP,CPI,PC,_T,N,G1,2024,2.8,A,,,,2
OECD.SDD.TPS:DSD_PRICES@DF_PRICES_ALL(1.0),NOR,A,HICP,CPI,PC,_T,N,G1,2025,2.8,A,,,,2
OECD.SDD.TPS:DSD_PRICES@DF_PRICES_ALL(1.0),POL,A,HICP,CPI,PC,_T,N,G1,2015,-0.7,A,,,,2
OECD.SDD.TPS:DSD_PRICES@DF_PRICES_ALL(1.0),POL,A,HICP,CPI,PC,_T,N,G1,2016,-0.2,A,,,,2
OECD.SDD.TPS:DSD_PRICES@DF_PRICES_ALL(1.0),POL,A,HICP,CPI,PC,_T,N,G1,2017,1.6,A,,,,2
OECD.SDD.TPS:DSD_PRICES@DF_PRICES_ALL(1.0),POL,A,HICP,CPI,PC,_T,N,G1,2018,1.2,A,,,,2
OECD.SDD.TPS:DSD_PRICES@DF_PRICES_ALL(1.0),POL,A,HICP,CPI,PC,_T,N,G1,2019,2.1,A,,,,2
OECD.SDD.TPS:DSD_PRICES@DF_PRICES_ALL(1.0),POL,A,HICP,CPI,PC,_T,N,G1,2020,3.7,A,,,,2
OECD.SDD.TPS:DSD_PRICES@DF_PRICES_ALL(1.0),POL,A,HICP,CPI,PC,_T,N,G1,2021,5.2,A,,,,2
OECD.SDD.TPS:DSD_PRICES@DF_PRICES_ALL(1.0),POL,A,HICP,CPI,PC,_T,N,G1,2022,13.2,A,,,,2
OECD.SDD.TPS:DSD_PRICES@DF_PRICES_ALL(1.0),POL,A,HICP,CPI,PC,_T,N,G1,2023,10.9,A,,,,2
OECD.SDD.TPS:DSD_PRICES@DF_PRICES_ALL(1.0),POL,A,HICP,CPI,PC,_T,N,G1,2024,3.7,A,,,,2
OECD.SDD.TPS:DSD_PRICES@DF_PRICES_ALL(1.0),POL,A,HICP,CPI,PC,_T,N,G1,2025,3.3,A,,,,2
OECD.SDD.TPS:DSD_PRICES@DF_PRICES_ALL(1.0),SWE,A,HICP,CPI,PC,_T,N,G1,2015,0.7,A,,,,2
OECD.SDD.TPS:DSD_PRICES@DF_PRICES_ALL(1.0),SWE,A,HICP,CPI,PC,_T,N,G1,2016,1.1,A,,,,2
OECD.SDD.TPS:DSD_PRICES@DF_PRICES_ALL(1.0),SWE,A,HICP,CPI,PC,_T,N,G1,2017,1.9,A,,,,2
OECD.SDD.TPS:DSD_PRICES@DF_PRICES_ALL(1.0),SWE,A,HICP,CPI,PC,_T,N,G1,2018,2,A,,,,2
OECD.SDD.TPS:DSD_PRICES@DF_PRICES_ALL(1.0),SWE,A,HICP,CPI,PC,_T,N,G1,2019,1.7,A,,,,2
OECD.SDD.TPS:DSD_PRICES@DF_PRICES_ALL(1.0),SWE,A,HICP,CPI,PC,_T,N,G1,2020,0.7,A,,,,2
OECD.SDD.TPS:DSD_PRICES@DF_PRICES_ALL(1.0),SWE,A,HICP,CPI,PC,_T,N,G1,2021,2.7,A,,,,2
OECD.SDD.TPS:DSD_PRICES@DF_PRICES_ALL(1.0),SWE,A,HICP,CPI,PC,_T,N,G1,2022,8.1,A,,,,2
OECD.SDD.TPS:DSD_PRICES@DF_PRICES_ALL(1.0),SWE,A,HICP,CPI,PC,_T,N,G1,2023,5.9,A,,,,2
OECD.SDD.TPS:DSD_PRICES@DF_PRICES_ALL(1.0),SWE,A,HICP,CPI,PC,_T,N,G1,2024,2,A,,,,2
OECD.SDD.TPS:DSD_PRICES@DF_PRICES_ALL(1.0),SWE,A,HICP,CPI,PC,_T,N,G1,2025,2.6,A,,,,2
OECD.SDD.TPS:DSD_PRICES@DF_PRICES_ALL(1.0),CHE,A,HICP,CPI,PC,_T,N,G1,2015,-0.8,A,,,,2
OECD.SDD.TPS:DSD_PRICES@DF_PRICES_ALL(1.0),CHE,A,HICP,CPI,PC,_T,N,G1,2016,-0.5,A,,,,2
OECD.SDD.TPS:DSD_PRICES@DF_PRICES_ALL(1.0),CHE,A,HICP,CPI,PC,_T,N,G1,2017,0.6,A,,,,2
OECD.SDD.TPS:DSD_PRICES@DF_PRICES_ALL(1.0),CHE,A,HICP,CPI,PC,_T,N,G1,2018,0.9,A,,,,2
OECD.SDD.TPS:DSD_PRICES@DF_PRICES_ALL(1.0),CHE,A,HICP,CPI,PC,_T,N,G1,2019,0.4,A,,,,2
OECD.SDD.TPS:DSD_PRICES@DF_PRICES_ALL(1.0),CHE,A,HICP,CPI,PC,_T,N,G1,2020,-0.8,A,,,,2
OECD.SDD.TPS:DSD_PRICES@DF_PRICES_ALL(1.0),CHE,A,HICP,CPI,PC,_T,N,G1,2021,0.5,A,,,,2
OECD.SDD.TPS:DSD_PRICES@DF_PRICES_ALL(1.0),CHE,A,HICP,CPI,PC,_T,N,G1,2022,2.7,A,,,,2
OECD.SDD.TPS:DSD_PRICES@DF_PRICES_ALL(1.0),CHE,A,HICP,CPI,PC,_T,N,G1,2023,2.3,A,,,,2
OECD.SDD.TPS:DSD_PRICES@DF_PRICES_ALL(1.0),CHE,A,HICP,CPI,PC,_T,N,G1,2024,1.1,A,,,,2
OECD.SDD.TPS:DSD_PRICES@DF_PRICES_ALL(1.0),CHE,A,HICP,CPI,PC,_T,N,G1,2025,0.1,A,,,,2
OECD.SDD.TPS:DSD_PRICES@DF_PRICES_ALL(1.0),TUR,A,HICP,CPI,PC,_T,N,G1,2015,7.7,A,,,,2
OECD.SDD.TPS:DSD_PRICES@DF_PRICES_ALL(1.0),TUR,A,HICP,CPI,PC,_T,N,G1,2016,7.7,A,,,,2
OECD.SDD.TPS:DSD_PRICES@DF_PRICES_ALL(1.0),TUR,A,HICP,CPI,PC,_T,N,G1,2017,11.1,A,,,,2
OECD.SDD.TPS:DSD_PRICES@DF_PRICES_ALL(1.0),TUR,A,HICP,CPI,PC,_T,N,G1,2018,16.3,A,,,,2
OECD.SDD.TPS:DSD_PRICES@DF_PRICES_ALL(1.0),ROU,A,HICP,CPI,PC,_T,N,G1,2015,-0.4,A,,,,2
OECD.SDD.TPS:DSD_PRICES@DF_PRICES_ALL(1.0),ROU,A,HICP,CPI,PC,_T,N,G1,2016,-1.1,A,,,,2
OECD.SDD.TPS:DSD_PRICES@DF_PRICES_ALL(1.0),ROU,A,HICP,CPI,PC,_T,N,G1,2017,1.1,A,,,,2
OECD.SDD.TPS:DSD_PRICES@DF_PRICES_ALL(1.0),ROU,A,HICP,CPI,PC,_T,N,G1,2018,4.1,A,,,,2
OECD.SDD.TPS:DSD_PRICES@DF_PRICES_ALL(1.0),ROU,A,HICP,CPI,PC,_T,N,G1,2019,3.9,A,,,,2
OECD.SDD.TPS:DSD_PRICES@DF_PRICES_ALL(1.0),ROU,A,HICP,CPI,PC,_T,N,G1,2020,2.3,A,,,,2
OECD.SDD.TPS:DSD_PRICES@DF_PRICES_ALL(1.0),ROU,A,HICP,CPI,PC,_T,N,G1,2021,4.1,A,,,,2
OECD.SDD.TPS:DSD_PRICES@DF_PRICES_ALL(1.0),ROU,A,HICP,CPI,PC,_T,N,G1,2022,12,A,,,,2
OECD.SDD.TPS:DSD_PRICES@DF_PRICES_ALL(1.0),ROU,A,HICP,CPI,PC,_T,N,G1,2023,9.7,A,,,,2
OECD.SDD.TPS:DSD_PRICES@DF_PRICES_ALL(1.0),ROU,A,HICP,CPI,PC,_T,N,G1,2024,5.8,A,,,,2
OECD.SDD.TPS:DSD_PRICES@DF_PRICES_ALL(1.0),ROU,A,HICP,CPI,PC,_T,N,G1,2025,6.8,A,,,,2
OECD.SDD.TPS:DSD_PRICES@DF_PRICES_ALL(1.0),IDN,A,N,CPI,PA,_T,N,GY,2025,1.9125,A,,,,2
OECD.SDD.TPS:DSD_PRICES@DF_PRICES_ALL(1.0),IDN,A,N,CPI,PC,_T,N,G1,2024,2.181507,B,,,,2
OECD.SDD.TPS:DSD_PRICES@DF_PRICES_ALL(1.0),IDN,A,N,CPI,PA,_T,N,GY,2024,2.303333,B,,,,2
OECD.SDD.TPS:DSD_PRICES@DF_PRICES_ALL(1.0),IDN,A,N,CPI,IX,_T,N,_Z,2024,130.567,B,,2015,,2
OECD.SDD.TPS:DSD_PRICES@DF_PRICES_ALL(1.0),HRV,A,N,CPI,PA,_T,N,GY,2020,0.1416667,U,,,,2
OECD.SDD.TPS:DSD_PRICES@DF_PRICES_ALL(1.0),HRV,A,N,CPI,PC,_T,N,G1,2020,0.1548114,U,,,,2
OECD.SDD.TPS:DSD_PRICES@DF_PRICES_ALL(1.0),HRV,A,N,CPI,IX,_T,N,_Z,2020,102.4333,U,,2015,,2
OECD.SDD.TPS:DSD_PRICES@DF_PRICES_ALL(1.0),HRV,A,N,CPI,IX,_T,N,_Z,2021,105.05,U,,2015,,2
OECD.SDD.TPS:DSD_PRICES@DF_PRICES_ALL(1.0),HRV,A,N,CPI,PC,_T,N,G1,2021,2.554507,U,,,,2
OECD.SDD.TPS:DSD_PRICES@DF_PRICES_ALL(1.0),HRV,A,N,CPI,PA,_T,N,GY,2021,2.558333,U,,,,2
OECD.SDD.TPS:DSD_PRICES@DF_PRICES_ALL(1.0),OECD,A,N,CPI,IX,_T,N,_Z,2021,114.16,A,,2015,,2
OECD.SDD.TPS:DSD_PRICES@DF_PRICES_ALL(1.0),OECD,A,N,CPI,IX,_T,N,_Z,2023,133.3461,A,,2015,,2
OECD.SDD.TPS:DSD_PRICES@DF_PRICES_ALL(1.0),OECD,A,N,CPI,IX,_T,N,_Z,2024,140.0933,A,,2015,,2
OECD.SDD.TPS:DSD_PRICES@DF_PRICES_ALL(1.0),OECD,A,N,CPI,PC,_T,N,G1,2016,1.194871,A,,,,2
OECD.SDD.TPS:DSD_PRICES@DF_PRICES_ALL(1.0),OECD,A,N,CPI,PA,_T,N,GY,2016,1.194871,A,,,,2
OECD.SDD.TPS:DSD_PRICES@DF_PRICES_ALL(1.0),OECD,A,N,CPI,PA,_T,N,GY,2017,2.28157,A,,,,2
OECD.SDD.TPS:DSD_PRICES@DF_PRICES_ALL(1.0),OECD,A,N,CPI,PC,_T,N,G1,2017,2.28157,A,,,,2
OECD.SDD.TPS:DSD_PRICES@DF_PRICES_ALL(1.0),OECD,A,N,CPI,PC,_T,N,G1,2018,2.594414,A,,,,2
OECD.SDD.TPS:DSD_PRICES@DF_PRICES_ALL(1.0),OECD,A,N,CPI,PA,_T,N,GY,2018,2.594414,A,,,,2
OECD.SDD.TPS:DSD_PRICES@DF_PRICES_ALL(1.0),OECD,A,N,CPI,PA,_T,N,GY,2019,2.051239,A,,,,2
OECD.SDD.TPS:DSD_PRICES@DF_PRICES_ALL(1.0),OECD,A,N,CPI,PC,_T,N,G1,2019,2.051239,A,,,,2
OECD.SDD.TPS:DSD_PRICES@DF_PRICES_ALL(1.0),OECD,A,N,CPI,PC,_T,N,G1,2020,1.334721,A,,,,2
OECD.SDD.TPS:DSD_PRICES@DF_PRICES_ALL(1.0),OECD,A,N,CPI,PA,_T,N,GY,2020,1.334721,A,,,,2
OECD.SDD.TPS:DSD_PRICES@DF_PRICES_ALL(1.0),OECD,A,N,CPI,PA,_T,N,GY,2021,3.957934,A,,,,2
OECD.SDD.TPS:DSD_PRICES@DF_PRICES_ALL(1.0),OECD,A,N,CPI,PC,_T,N,G1,2021,3.957934,A,,,,2
OECD.SDD.TPS:DSD_PRICES@DF_PRICES_ALL(1.0),OECD,A,N,CPI,PC,_T,N,G1,2022,9.439461,A,,,,2
OECD.SDD.TPS:DSD_PRICES@DF_PRICES_ALL(1.0),OECD,A,N,CPI,PA,_T,N,GY,2022,9.439461,A,,,,2
OECD.SDD.TPS:DSD_PRICES@DF_PRICES_ALL(1.0),OECD,A,N,CPI,PA,_T,N,GY,2023,6.731507,A,,,,2
OECD.SDD.TPS:DSD_PRICES@DF_PRICES_ALL(1.0),OECD,A,N,CPI,PC,_T,N,G1,2023,6.731507,A,,,,2
OECD.SDD.TPS:DSD_PRICES@DF_PRICES_ALL(1.0),OECD,A,N,CPI,PC,_T,N,G1,2024,5.059903,A,,,,2
OECD.SDD.TPS:DSD_PRICES@DF_PRICES_ALL(1.0),OECD,A,N,CPI,PA,_T,N,GY,2024,5.059903,A,,,,2
OECD.SDD.TPS:DSD_PRICES@DF_PRICES_ALL(1.0),OECDE,A,N,CPI,IX,_T,N,_Z,2017,103.4529,A,,2015,,2
OECD.SDD.TPS:DSD_PRICES@DF_PRICES_ALL(1.0),OECDE,A,N,CPI,IX,_T,N,_Z,2018,106.5235,A,,2015,,2
OECD.SDD.TPS:DSD_PRICES@DF_PRICES_ALL(1.0),OECDE,A,N,CPI,IX,_T,N,_Z,2019,109.2548,A,,2015,,2
OECD.SDD.TPS:DSD_PRICES@DF_PRICES_ALL(1.0),OECDE,A,N,CPI,IX,_T,N,_Z,2020,110.9542,A,,2015,,2
OECD.SDD.TPS:DSD_PRICES@DF_PRICES_ALL(1.0),OECDE,A,N,CPI,IX,_T,N,_Z,2021,115.4445,A,,2015,,2
OECD.SDD.TPS:DSD_PRICES@DF_PRICES_ALL(1.0),OECDE,A,N,CPI,IX,_T,N,_Z,2022,130.9521,A,,2015,,2
OECD.SDD.TPS:DSD_PRICES@DF_PRICES_ALL(1.0),OECDE,A,N,CPI,IX,_T,N,_Z,2023,145.0947,A,,2015,,2
OECD.SDD.TPS:DSD_PRICES@DF_PRICES_ALL(1.0),OECDE,A,N,CPI,IX,_T,N,_Z,2024,157.0708,A,,2015,,2
OECD.SDD.TPS:DSD_PRICES@DF_PRICES_ALL(1.0),OECDE,A,N,CPI,IX,_T,N,_Z,2025,166.2298,A,,2015,,2
OECD.SDD.TPS:DSD_PRICES@DF_PRICES_ALL(1.0),OECDE,A,N,CPI,PA,_T,N,GY,2016,0.9823288,A,,,,2
OECD.SDD.TPS:DSD_PRICES@DF_PRICES_ALL(1.0),OECDE,A,N,CPI,PC,_T,N,G1,2016,0.9823288,A,,,,2
OECD.SDD.TPS:DSD_PRICES@DF_PRICES_ALL(1.0),OECDE,A,N,CPI,PC,_T,N,G1,2017,2.446509,A,,,,2
OECD.SDD.TPS:DSD_PRICES@DF_PRICES_ALL(1.0),OECDE,A,N,CPI,PA,_T,N,GY,2017,2.446509,A,,,,2
OECD.SDD.TPS:DSD_PRICES@DF_PRICES_ALL(1.0),OECDE,A,N,CPI,PA,_T,N,GY,2018,2.968109,A,,,,2
OECD.SDD.TPS:DSD_PRICES@DF_PRICES_ALL(1.0),OECDE,A,N,CPI,PC,_T,N,G1,2018,2.968109,A,,,,2
OECD.SDD.TPS:DSD_PRICES@DF_PRICES_ALL(1.0),OECDE,A,N,CPI,PC,_T,N,G1,2019,2.564042,A,,,,2
OECD.SDD.TPS:DSD_PRICES@DF_PRICES_ALL(1.0),OECDE,A,N,CPI,PA,_T,N,GY,2019,2.564042,A,,,,2
OECD.SDD.TPS:DSD_PRICES@DF_PRICES_ALL(1.0),OECDE,A,N,CPI,PA,_T,N,GY,2020,1.555496,A,,,,2
OECD.SDD.TPS:DSD_PRICES@DF_PRICES_ALL(1.0),OECDE,A,N,CPI,PC,_T,N,G1,2020,1.555496,A,,,,2
OECD.SDD.TPS:DSD_PRICES@DF_PRICES_ALL(1.0),OECDE,A,N,CPI,PC,_T,N,G1,2021,4.04695,A,,,,2
OECD.SDD.TPS:DSD_PRICES@DF_PRICES_ALL(1.0),OECDE,A,N,CPI,PA,_T,N,GY,2021,4.04695,A,,,,2
OECD.SDD.TPS:DSD_PRICES@DF_PRICES_ALL(1.0),OECDE,A,N,CPI,PA,_T,N,GY,2022,13.433,A,,,,2
OECD.SDD.TPS:DSD_PRICES@DF_PRICES_ALL(1.0),OECDE,A,N,CPI,PC,_T,N,G1,2022,13.433,A,,,,2
OECD.SDD.TPS:DSD_PRICES@DF_PRICES_ALL(1.0),OECDE,A,N,CPI,PC,_T,N,G1,2023,10.79976,A,,,,2
OECD.SDD.TPS:DSD_PRICES@DF_PRICES_ALL(1.0),OECDE,A,N,CPI,PA,_T,N,GY,2023,10.79976,A,,,,2
OECD.SDD.TPS:DSD_PRICES@DF_PRICES_ALL(1.0),OECDE,A,N,CPI,PA,_T,N,GY,2024,8.253992,A,,,,2
OECD.SDD.TPS:DSD_PRICES@DF_PRICES_ALL(1.0),OECDE,A,N,CPI,PC,_T,N,G1,2024,8.253992,A,,,,2
OECD.SDD.TPS:DSD_PRICES@DF_PRICES_ALL(1.0),OECDE,A,N,CPI,PC,_T,N,G1,2025,5.831125,A,,,,2
OECD.SDD.TPS:DSD_PRICES@DF_PRICES_ALL(1.0),OECDE,A,N,CPI,PA,_T,N,GY,2025,5.831125,A,,,,2
OECD.SDD.TPS:DSD_PRICES@DF_PRICES_ALL(1.0),LVA,A,HICP,CPI,IX,_T,N,_Z,2015,100,A,,2015,,2
OECD.SDD.TPS:DSD_PRICES@DF_PRICES_ALL(1.0),LVA,A,HICP,CPI,IX,_T,N,_Z,2016,100.1,A,,2015,,2
OECD.SDD.TPS:DSD_PRICES@DF_PRICES_ALL(1.0),LVA,A,HICP,CPI,IX,_T,N,_Z,2017,103,A,,2015,,2
OECD.SDD.TPS:DSD_PRICES@DF_PRICES_ALL(1.0),LVA,A,HICP,CPI,IX,_T,N,_Z,2018,105.63,A,,2015,,2
OECD.SDD.TPS:DSD_PRICES@DF_PRICES_ALL(1.0),LVA,A,HICP,CPI,IX,_T,N,_Z,2019,108.53,A,,2015,,2
OECD.SDD.TPS:DSD_PRICES@DF_PRICES_ALL(1.0),LVA,A,HICP,CPI,IX,_T,N,_Z,2020,108.62,A,,2015,,2
OECD.SDD.TPS:DSD_PRICES@DF_PRICES_ALL(1.0),LVA,A,HICP,CPI,IX,_T,N,_Z,2021,112.14,A,,2015,,2
OECD.SDD.TPS:DSD_PRICES@DF_PRICES_ALL(1.0),LVA,A,HICP,CPI,IX,_T,N,_Z,2022,131.47,A,,2015,,2
OECD.SDD.TPS:DSD_PRICES@DF_PRICES_ALL(1.0),LVA,A,HICP,CPI,IX,_T,N,_Z,2023,143.38,A,,2015,,2
OECD.SDD.TPS:DSD_PRICES@DF_PRICES_ALL(1.0),LVA,A,HICP,CPI,IX,_T,N,_Z,2024,145.32,A,,2015,,2
OECD.SDD.TPS:DSD_PRICES@DF_PRICES_ALL(1.0),LVA,A,HICP,CPI,IX,_T,N,_Z,2025,150.85,A,,2015,,2
OECD.SDD.TPS:DSD_PRICES@DF_PRICES_ALL(1.0),LTU,A,HICP,CPI,IX,_T,N,_Z,2015,100,A,,2015,,2
OECD.SDD.TPS:DSD_PRICES@DF_PRICES_ALL(1.0),LTU,A,HICP,CPI,IX,_T,N,_Z,2016,100.68,A,,2015,,2
OECD.SDD.TPS:DSD_PRICES@DF_PRICES_ALL(1.0),LTU,A,HICP,CPI,IX,_T,N,_Z,2017,104.42,A,,2015,,2
OECD.SDD.TPS:DSD_PRICES@DF_PRICES_ALL(1.0),LTU,A,HICP,CPI,IX,_T,N,_Z,2018,107.07,A,,2015,,2
OECD.SDD.TPS:DSD_PRICES@DF_PRICES_ALL(1.0),LTU,A,HICP,CPI,IX,_T,N,_Z,2019,109.47,A,,2015,,2
OECD.SDD.TPS:DSD_PRICES@DF_PRICES_ALL(1.0),LTU,A,HICP,CPI,IX,_T,N,_Z,2020,110.63,A,,2015,,2
OECD.SDD.TPS:DSD_PRICES@DF_PRICES_ALL(1.0),LTU,A,HICP,CPI,IX,_T,N,_Z,2021,115.75,A,,2015,,2
OECD.SDD.TPS:DSD_PRICES@DF_PRICES_ALL(1.0),LTU,A,HICP,CPI,IX,_T,N,_Z,2022,137.57,A,,2015,,2
OECD.SDD.TPS:DSD_PRICES@DF_PRICES_ALL(1.0),LTU,A,HICP,CPI,IX,_T,N,_Z,2023,149.52,A,,2015,,2
OECD.SDD.TPS:DSD_PRICES@DF_PRICES_ALL(1.0),LTU,A,HICP,CPI,IX,_T,N,_Z,2024,150.79,A,,2015,,2
OECD.SDD.TPS:DSD_PRICES@DF_PRICES_ALL(1.0),LTU,A,HICP,CPI,IX,_T,N,_Z,2025,155.99,A,,2015,,2
OECD.SDD.TPS:DSD_PRICES@DF_PRICES_ALL(1.0),SVN,A,HICP,CPI,IX,_T,N,_Z,2015,100,A,,2015,,2
OECD.SDD.TPS:DSD_PRICES@DF_PRICES_ALL(1.0),SVN,A,HICP,CPI,IX,_T,N,_Z,2016,99.85,A,,2015,,2
OECD.SDD.TPS:DSD_PRICES@DF_PRICES_ALL(1.0),SVN,A,HICP,CPI,IX,_T,N,_Z,2017,101.4,A,,2015,,2
OECD.SDD.TPS:DSD_PRICES@DF_PRICES_ALL(1.0),SVN,A,HICP,CPI,IX,_T,N,_Z,2018,103.36,A,,2015,,2
OECD.SDD.TPS:DSD_PRICES@DF_PRICES_ALL(1.0),SVN,A,HICP,CPI,IX,_T,N,_Z,2019,105.11,A,,2015,,2
OECD.SDD.TPS:DSD_PRICES@DF_PRICES_ALL(1.0),SVN,A,HICP,CPI,IX,_T,N,_Z,2020,104.82,A,,2015,,2
OECD.SDD.TPS:DSD_PRICES@DF_PRICES_ALL(1.0),SVN,A,HICP,CPI,IX,_T,N,_Z,2021,106.97,A,,2015,,2
OECD.SDD.TPS:DSD_PRICES@DF_PRICES_ALL(1.0),SVN,A,HICP,CPI,IX,_T,N,_Z,2022,116.94,A,,2015,,2
OECD.SDD.TPS:DSD_PRICES@DF_PRICES_ALL(1.0),SVN,A,HICP,CPI,IX,_T,N,_Z,2023,125.38,A,,2015,,2
OECD.SDD.TPS:DSD_PRICES@DF_PRICES_ALL(1.0),SVN,A,HICP,CPI,IX,_T,N,_Z,2024,127.87,A,,2015,,2
OECD.SDD.TPS:DSD_PRICES@DF_PRICES_ALL(1.0),SVN,A,HICP,CPI,IX,_T,N,_Z,2025,131.04,A,,2015,,2
OECD.SDD.TPS:DSD_PRICES@DF_PRICES_ALL(1.0),ESP,A,HICP,CPI,IX,_T,N,_Z,2015,100,A,,2015,,2
OECD.SDD.TPS:DSD_PRICES@DF_PRICES_ALL(1.0),ESP,A,HICP,CPI,IX,_T,N,_Z,2016,99.66,A,,2015,,2
OECD.SDD.TPS:DSD_PRICES@DF_PRICES_ALL(1.0),ESP,A,HICP,CPI,IX,_T,N,_Z,2017,101.69,A,,2015,,2
OECD.SDD.TPS:DSD_PRICES@DF_PRICES_ALL(1.0),ESP,A,HICP,CPI,IX,_T,N,_Z,2018,103.46,A,,2015,,2
OECD.SDD.TPS:DSD_PRICES@DF_PRICES_ALL(1.0),ESP,A,HICP,CPI,IX,_T,N,_Z,2019,104.26,A,,2015,,2
OECD.SDD.TPS:DSD_PRICES@DF_PRICES_ALL(1.0),ESP,A,HICP,CPI,IX,_T,N,_Z,2020,103.91,A,,2015,,2
OECD.SDD.TPS:DSD_PRICES@DF_PRICES_ALL(1.0),ESP,A,HICP,CPI,IX,_T,N,_Z,2021,107.04,A,,2015,,2
OECD.SDD.TPS:DSD_PRICES@DF_PRICES_ALL(1.0),ESP,A,HICP,CPI,IX,_T,N,_Z,2022,115.95,A,,2015,,2
OECD.SDD.TPS:DSD_PRICES@DF_PRICES_ALL(1.0),ESP,A,HICP,CPI,IX,_T,N,_Z,2023,119.89,A,,2015,,2
OECD.SDD.TPS:DSD_PRICES@DF_PRICES_ALL(1.0),ESP,A,HICP,CPI,IX,_T,N,_Z,2024,123.33,A,,2015,,2
OECD.SDD.TPS:DSD_PRICES@DF_PRICES_ALL(1.0),ESP,A,HICP,CPI,IX,_T,N,_Z,2025,126.65,A,,2015,,2
OECD.SDD.TPS:DSD_PRICES@DF_PRICES_ALL(1.0),EA20,A,HICP,CPI,IX,_T,N,_Z,2015,100,A,,2015,,2
OECD.SDD.TPS:DSD_PRICES@DF_PRICES_ALL(1.0),EA20,A,HICP,CPI,IX,_T,N,_Z,2016,100.23,A,,2015,,2
OECD.SDD.TPS:DSD_PRICES@DF_PRICES_ALL(1.0),EA20,A,HICP,CPI,IX,_T,N,_Z,2017,101.77,A,,2015,,2
OECD.SDD.TPS:DSD_PRICES@DF_PRICES_ALL(1.0),EA20,A,HICP,CPI,IX,_T,N,_Z,2018,103.55,A,,2015,,2
OECD.SDD.TPS:DSD_PRICES@DF_PRICES_ALL(1.0),EA20,A,HICP,CPI,IX,_T,N,_Z,2019,104.79,A,,2015,,2
OECD.SDD.TPS:DSD_PRICES@DF_PRICES_ALL(1.0),EA20,A,HICP,CPI,IX,_T,N,_Z,2020,105.05,A,,2015,,2
OECD.SDD.TPS:DSD_PRICES@DF_PRICES_ALL(1.0),EA20,A,HICP,CPI,IX,_T,N,_Z,2021,107.77,A,,2015,,2
OECD.SDD.TPS:DSD_PRICES@DF_PRICES_ALL(1.0),EA20,A,HICP,CPI,IX,_T,N,_Z,2022,116.83,A,,2015,,2
OECD.SDD.TPS:DSD_PRICES@DF_PRICES_ALL(1.0),EA20,A,HICP,CPI,IX,_T,N,_Z,2023,123.17,A,,2015,,2
OECD.SDD.TPS:DSD_PRICES@DF_PRICES_ALL(1.0),EA20,A,HICP,CPI,IX,_T,N,_Z,2024,126.08,A,,2015,,2
OECD.SDD.TPS:DSD_PRICES@DF_PRICES_ALL(1.0),EA20,A,HICP,CPI,IX,_T,N,_Z,2025,128.76,A,,2015,,2
OECD.SDD.TPS:DSD_PRICES@DF_PRICES_ALL(1.0),EU27_2020,A,HICP,CPI,IX,_T,N,_Z,2015,100,A,,2015,,2
OECD.SDD.TPS:DSD_PRICES@DF_PRICES_ALL(1.0),EU27_2020,A,HICP,CPI,IX,_T,N,_Z,2016,100.18,A,,2015,,2
OECD.SDD.TPS:DSD_PRICES@DF_PRICES_ALL(1.0),EU27_2020,A,HICP,CPI,IX,_T,N,_Z,2017,101.74,A,,2015,,2
OECD.SDD.TPS:DSD_PRICES@DF_PRICES_ALL(1.0),EU27_2020,A,HICP,CPI,IX,_T,N,_Z,2018,103.57,A,,2015,,2
OECD.SDD.TPS:DSD_PRICES@DF_PRICES_ALL(1.0),EU27_2020,A,HICP,CPI,IX,_T,N,_Z,2019,105.04,A,,2015,,2
OECD.SDD.TPS:DSD_PRICES@DF_PRICES_ALL(1.0),EU27_2020,A,HICP,CPI,IX,_T,N,_Z,2020,105.76,A,,2015,,2
OECD.SDD.TPS:DSD_PRICES@DF_PRICES_ALL(1.0),EU27_2020,A,HICP,CPI,IX,_T,N,_Z,2021,108.82,A,,2015,,2
OECD.SDD.TPS:DSD_PRICES@DF_PRICES_ALL(1.0),EU27_2020,A,HICP,CPI,IX,_T,N,_Z,2022,118.82,A,,2015,,2
OECD.SDD.TPS:DSD_PRICES@DF_PRICES_ALL(1.0),EU27_2020,A,HICP,CPI,IX,_T,N,_Z,2023,126.38,A,,2015,,2
OECD.SDD.TPS:DSD_PRICES@DF_PRICES_ALL(1.0),EU27_2020,A,HICP,CPI,IX,_T,N,_Z,2024,129.67,A,,2015,,2
OECD.SDD.TPS:DSD_PRICES@DF_PRICES_ALL(1.0),EU27_2020,A,HICP,CPI,IX,_T,N,_Z,2025,132.86,A,,2015,,2
OECD.SDD.TPS:DSD_PRICES@DF_PRICES_ALL(1.0),LVA,A,HICP,CPI,PC,_T,N,G1,2015,0.2,A,,,,2
OECD.SDD.TPS:DSD_PRICES@DF_PRICES_ALL(1.0),LVA,A,HICP,CPI,PC,_T,N,G1,2016,0.1,A,,,,2
OECD.SDD.TPS:DSD_PRICES@DF_PRICES_ALL(1.0),LVA,A,HICP,CPI,PC,_T,N,G1,2017,2.9,A,,,,2
OECD.SDD.TPS:DSD_PRICES@DF_PRICES_ALL(1.0),LVA,A,HICP,CPI,PC,_T,N,G1,2018,2.6,A,,,,2
OECD.SDD.TPS:DSD_PRICES@DF_PRICES_ALL(1.0),LVA,A,HICP,CPI,PC,_T,N,G1,2019,2.7,A,,,,2
OECD.SDD.TPS:DSD_PRICES@DF_PRICES_ALL(1.0),LVA,A,HICP,CPI,PC,_T,N,G1,2020,0.1,A,,,,2
OECD.SDD.TPS:DSD_PRICES@DF_PRICES_ALL(1.0),LVA,A,HICP,CPI,PC,_T,N,G1,2021,3.2,A,,,,2
OECD.SDD.TPS:DSD_PRICES@DF_PRICES_ALL(1.0),LVA,A,HICP,CPI,PC,_T,N,G1,2022,17.2,A,,,,2
OECD.SDD.TPS:DSD_PRICES@DF_PRICES_ALL(1.0),LVA,A,HICP,CPI,PC,_T,N,G1,2023,9.1,A,,,,2
OECD.SDD.TPS:DSD_PRICES@DF_PRICES_ALL(1.0),LVA,A,HICP,CPI,PC,_T,N,G1,2024,1.3,A,,,,2
OECD.SDD.TPS:DSD_PRICES@DF_PRICES_ALL(1.0),LVA,A,HICP,CPI,PC,_T,N,G1,2025,3.8,A,,,,2
OECD.SDD.TPS:DSD_PRICES@DF_PRICES_ALL(1.0),LTU,A,HICP,CPI,PC,_T,N,G1,2015,-0.7,A,,,,2
OECD.SDD.TPS:DSD_PRICES@DF_PRICES_ALL(1.0),LTU,A,HICP,CPI,PC,_T,N,G1,2016,0.7,A,,,,2
OECD.SDD.TPS:DSD_PRICES@DF_PRICES_ALL(1.0),LTU,A,HICP,CPI,PC,_T,N,G1,2017,3.7,A,,,,2
OECD.SDD.TPS:DSD_PRICES@DF_PRICES_ALL(1.0),LTU,A,HICP,CPI,PC,_T,N,G1,2018,2.5,A,,,,2
OECD.SDD.TPS:DSD_PRICES@DF_PRICES_ALL(1.0),LTU,A,HICP,CPI,PC,_T,N,G1,2019,2.2,A,,,,2
OECD.SDD.TPS:DSD_PRICES@DF_PRICES_ALL(1.0),LTU,A,HICP,CPI,PC,_T,N,G1,2020,1.1,A,,,,2
OECD.SDD.TPS:DSD_PRICES@DF_PRICES_ALL(1.0),LTU,A,HICP,CPI,PC,_T,N,G1,2021,4.6,A,,,,2
OECD.SDD.TPS:DSD_PRICES@DF_PRICES_ALL(1.0),LTU,A,HICP,CPI,PC,_T,N,G1,2022,18.9,A,,,,2
OECD.SDD.TPS:DSD_PRICES@DF_PRICES_ALL(1.0),LTU,A,HICP,CPI,PC,_T,N,G1,2023,8.7,A,,,,2
OECD.SDD.TPS:DSD_PRICES@DF_PRICES_ALL(1.0),LTU,A,HICP,CPI,PC,_T,N,G1,2024,0.9,A,,,,2
OECD.SDD.TPS:DSD_PRICES@DF_PRICES_ALL(1.0),LTU,A,HICP,CPI,PC,_T,N,G1,2025,3.4,A,,,,2
OECD.SDD.TPS:DSD_PRICES@DF_PRICES_ALL(1.0),SVN,A,HICP,CPI,PC,_T,N,G1,2015,-0.8,A,,,,2
OECD.SDD.TPS:DSD_PRICES@DF_PRICES_ALL(1.0),SVN,A,HICP,CPI,PC,_T,N,G1,2016,-0.2,A,,,,2
OECD.SDD.TPS:DSD_PRICES@DF_PRICES_ALL(1.0),SVN,A,HICP,CPI,PC,_T,N,G1,2017,1.6,A,,,,2
OECD.SDD.TPS:DSD_PRICES@DF_PRICES_ALL(1.0),SVN,A,HICP,CPI,PC,_T,N,G1,2018,1.9,A,,,,2
OECD.SDD.TPS:DSD_PRICES@DF_PRICES_ALL(1.0),SVN,A,HICP,CPI,PC,_T,N,G1,2019,1.7,A,,,,2
OECD.SDD.TPS:DSD_PRICES@DF_PRICES_ALL(1.0),SVN,A,HICP,CPI,PC,_T,N,G1,2020,-0.3,A,,,,2
OECD.SDD.TPS:DSD_PRICES@DF_PRICES_ALL(1.0),SVN,A,HICP,CPI,PC,_T,N,G1,2021,2,A,,,,2
OECD.SDD.TPS:DSD_PRICES@DF_PRICES_ALL(1.0),SVN,A,HICP,CPI,PC,_T,N,G1,2022,9.3,A,,,,2
OECD.SDD.TPS:DSD_PRICES@DF_PRICES_ALL(1.0),SVN,A,HICP,CPI,PC,_T,N,G1,2023,7.2,A,,,,2
OECD.SDD.TPS:DSD_PRICES@DF_PRICES_ALL(1.0),SVN,A,HICP,CPI,PC,_T,N,G1,2024,2,A,,,,2
OECD.SDD.TPS:DSD_PRICES@DF_PRICES_ALL(1.0),SVN,A,HICP,CPI,PC,_T,N,G1,2025,2.5,A,,,,2
OECD.SDD.TPS:DSD_PRICES@DF_PRICES_ALL(1.0),ESP,A,HICP,CPI,PC,_T,N,G1,2015,-0.6,A,,,,2
OECD.SDD.TPS:DSD_PRICES@DF_PRICES_ALL(1.0),ESP,A,HICP,CPI,PC,_T,N,G1,2016,-0.3,A,,,,2
OECD.SDD.TPS:DSD_PRICES@DF_PRICES_ALL(1.0),ESP,A,HICP,CPI,PC,_T,N,G1,2017,2,A,,,,2
OECD.SDD.TPS:DSD_PRICES@DF_PRICES_ALL(1.0),ESP,A,HICP,CPI,PC,_T,N,G1,2018,1.7,A,,,,2
OECD.SDD.TPS:DSD_PRICES@DF_PRICES_ALL(1.0),ESP,A,HICP,CPI,PC,_T,N,G1,2019,0.8,A,,,,2
OECD.SDD.TPS:DSD_PRICES@DF_PRICES_ALL(1.0),ESP,A,HICP,CPI,PC,_T,N,G1,2020,-0.3,A,,,,2
OECD.SDD.TPS:DSD_PRICES@DF_PRICES_ALL(1.0),ESP,A,HICP,CPI,PC,_T,N,G1,2021,3,A,,,,2
OECD.SDD.TPS:DSD_PRICES@DF_PRICES_ALL(1.0),ESP,A,HICP,CPI,PC,_T,N,G1,2022,8.3,A,,,,2
OECD.SDD.TPS:DSD_PRICES@DF_PRICES_ALL(1.0),ESP,A,HICP,CPI,PC,_T,N,G1,2023,3.4,A,,,,2
OECD.SDD.TPS:DSD_PRICES@DF_PRICES_ALL(1.0),ESP,A,HICP,CPI,PC,_T,N,G1,2024,2.9,A,,,,2
OECD.SDD.TPS:DSD_PRICES@DF_PRICES_ALL(1.0),ESP,A,HICP,CPI,PC,_T,N,G1,2025,2.7,A,,,,2
OECD.SDD.TPS:DSD_PRICES@DF_PRICES_ALL(1.0),EA20,A,HICP,CPI,PC,_T,N,G1,2015,0.2,A,,,,2
OECD.SDD.TPS:DSD_PRICES@DF_PRICES_ALL(1.0),EA20,A,HICP,CPI,PC,_T,N,G1,2016,0.2,A,,,,2
OECD.SDD.TPS:DSD_PRICES@DF_PRICES_ALL(1.0),EA20,A,HICP,CPI,PC,_T,N,G1,2017,1.5,A,,,,2
OECD.SDD.TPS:DSD_PRICES@DF_PRICES_ALL(1.0),EA20,A,HICP,CPI,PC,_T,N,G1,2018,1.8,A,,,,2
OECD.SDD.TPS:DSD_PRICES@DF_PRICES_ALL(1.0),EA20,A,HICP,CPI,PC,_T,N,G1,2019,1.2,A,,,,2
OECD.SDD.TPS:DSD_PRICES@DF_PRICES_ALL(1.0),EA20,A,HICP,CPI,PC,_T,N,G1,2020,0.3,A,,,,2
OECD.SDD.TPS:DSD_PRICES@DF_PRICES_ALL(1.0),EA20,A,HICP,CPI,PC,_T,N,G1,2021,2.6,A,,,,2
OECD.SDD.TPS:DSD_PRICES@DF_PRICES_ALL(1.0),EA20,A,HICP,CPI,PC,_T,N,G1,2022,8.4,A,,,,2
OECD.SDD.TPS:DSD_PRICES@DF_PRICES_ALL(1.0),EA20,A,HICP,CPI,PC,_T,N,G1,2023,5.4,A,,,,2
OECD.SDD.TPS:DSD_PRICES@DF_PRICES_ALL(1.0),EA20,A,HICP,CPI,PC,_T,N,G1,2024,2.4,A,,,,2
OECD.SDD.TPS:DSD_PRICES@DF_PRICES_ALL(1.0),EA20,A,HICP,CPI,PC,_T,N,G1,2025,2.1,A,,,,2
OECD.SDD.TPS:DSD_PRICES@DF_PRICES_ALL(1.0),EU27_2020,A,HICP,CPI,PC,_T,N,G1,2015,0.1,A,,,,2
OECD.SDD.TPS:DSD_PRICES@DF_PRICES_ALL(1.0),EU27_2020,A,HICP,CPI,PC,_T,N,G1,2016,0.2,A,,,,2
OECD.SDD.TPS:DSD_PRICES@DF_PRICES_ALL(1.0),EU27_2020,A,HICP,CPI,PC,_T,N,G1,2017,1.6,A,,,,2
OECD.SDD.TPS:DSD_PRICES@DF_PRICES_ALL(1.0),EU27_2020,A,HICP,CPI,PC,_T,N,G1,2018,1.8,A,,,,2
OECD.SDD.TPS:DSD_PRICES@DF_PRICES_ALL(1.0),EU27_2020,A,HICP,CPI,PC,_T,N,G1,2019,1.4,A,,,,2
OECD.SDD.TPS:DSD_PRICES@DF_PRICES_ALL(1.0),EU27_2020,A,HICP,CPI,PC,_T,N,G1,2020,0.7,A,,,,2
OECD.SDD.TPS:DSD_PRICES@DF_PRICES_ALL(1.0),EU27_2020,A,HICP,CPI,PC,_T,N,G1,2021,2.9,A,,,,2
OECD.SDD.TPS:DSD_PRICES@DF_PRICES_ALL(1.0),EU27_2020,A,HICP,CPI,PC,_T,N,G1,2022,9.2,A,,,,2
OECD.SDD.TPS:DSD_PRICES@DF_PRICES_ALL(1.0),EU27_2020,A,HICP,CPI,PC,_T,N,G1,2023,6.4,A,,,,2
OECD.SDD.TPS:DSD_PRICES@DF_PRICES_ALL(1.0),EU27_2020,A,HICP,CPI,PC,_T,N,G1,2024,2.6,A,,,,2
OECD.SDD.TPS:DSD_PRICES@DF_PRICES_ALL(1.0),EU27_2020,A,HICP,CPI,PC,_T,N,G1,2025,2.5,A,,,,2
OECD.SDD.TPS:DSD_PRICES@DF_PRICES_ALL(1.0),LVA,A,HICP,CPI,PA,_T,N,GY,2015,0.2,A,,,,2
OECD.SDD.TPS:DSD_PRICES@DF_PRICES_ALL(1.0),LVA,A,HICP,CPI,PA,_T,N,GY,2016,0.1,A,,,,2
OECD.SDD.TPS:DSD_PRICES@DF_PRICES_ALL(1.0),LVA,A,HICP,CPI,PA,_T,N,GY,2017,2.9,A,,,,2
OECD.SDD.TPS:DSD_PRICES@DF_PRICES_ALL(1.0),LVA,A,HICP,CPI,PA,_T,N,GY,2018,2.6,A,,,,2
OECD.SDD.TPS:DSD_PRICES@DF_PRICES_ALL(1.0),LVA,A,HICP,CPI,PA,_T,N,GY,2019,2.7,A,,,,2
OECD.SDD.TPS:DSD_PRICES@DF_PRICES_ALL(1.0),LVA,A,HICP,CPI,PA,_T,N,GY,2020,0.1,A,,,,2
OECD.SDD.TPS:DSD_PRICES@DF_PRICES_ALL(1.0),LVA,A,HICP,CPI,PA,_T,N,GY,2021,3.2,A,,,,2
OECD.SDD.TPS:DSD_PRICES@DF_PRICES_ALL(1.0),LVA,A,HICP,CPI,PA,_T,N,GY,2022,17.2,A,,,,2
OECD.SDD.TPS:DSD_PRICES@DF_PRICES_ALL(1.0),LVA,A,HICP,CPI,PA,_T,N,GY,2023,9.1,A,,,,2
OECD.SDD.TPS:DSD_PRICES@DF_PRICES_ALL(1.0),LVA,A,HICP,CPI,PA,_T,N,GY,2024,1.3,A,,,,2
OECD.SDD.TPS:DSD_PRICES@DF_PRICES_ALL(1.0),LVA,A,HICP,CPI,PA,_T,N,GY,2025,3.8,A,,,,2
OECD.SDD.TPS:DSD_PRICES@DF_PRICES_ALL(1.0),LTU,A,HICP,CPI,PA,_T,N,GY,2015,-0.7,A,,,,2
OECD.SDD.TPS:DSD_PRICES@DF_PRICES_ALL(1.0),LTU,A,HICP,CPI,PA,_T,N,GY,2016,0.7,A,,,,2
OECD.SDD.TPS:DSD_PRICES@DF_PRICES_ALL(1.0),LTU,A,HICP,CPI,PA,_T,N,GY,2017,3.7,A,,,,2
OECD.SDD.TPS:DSD_PRICES@DF_PRICES_ALL(1.0),LTU,A,HICP,CPI,PA,_T,N,GY,2018,2.5,A,,,,2
OECD.SDD.TPS:DSD_PRICES@DF_PRICES_ALL(1.0),LTU,A,HICP,CPI,PA,_T,N,GY,2019,2.2,A,,,,2
OECD.SDD.TPS:DSD_PRICES@DF_PRICES_ALL(1.0),LTU,A,HICP,CPI,PA,_T,N,GY,2020,1.1,A,,,,2
OECD.SDD.TPS:DSD_PRICES@DF_PRICES_ALL(1.0),LTU,A,HICP,CPI,PA,_T,N,GY,2021,4.6,A,,,,2
OECD.SDD.TPS:DSD_PRICES@DF_PRICES_ALL(1.0),LTU,A,HICP,CPI,PA,_T,N,GY,2022,18.9,A,,,,2
OECD.SDD.TPS:DSD_PRICES@DF_PRICES_ALL(1.0),LTU,A,HICP,CPI,PA,_T,N,GY,2023,8.7,A,,,,2
OECD.SDD.TPS:DSD_PRICES@DF_PRICES_ALL(1.0),LTU,A,HICP,CPI,PA,_T,N,GY,2024,0.9,A,,,,2
OECD.SDD.TPS:DSD_PRICES@DF_PRICES_ALL(1.0),LTU,A,HICP,CPI,PA,_T,N,GY,2025,3.4,A,,,,2
OECD.SDD.TPS:DSD_PRICES@DF_PRICES_ALL(1.0),SVN,A,HICP,CPI,PA,_T,N,GY,2015,-0.8,A,,,,2
OECD.SDD.TPS:DSD_PRICES@DF_PRICES_ALL(1.0),SVN,A,HICP,CPI,PA,_T,N,GY,2016,-0.2,A,,,,2
OECD.SDD.TPS:DSD_PRICES@DF_PRICES_ALL(1.0),SVN,A,HICP,CPI,PA,_T,N,GY,2017,1.6,A,,,,2
OECD.SDD.TPS:DSD_PRICES@DF_PRICES_ALL(1.0),SVN,A,HICP,CPI,PA,_T,N,GY,2018,1.9,A,,,,2
OECD.SDD.TPS:DSD_PRICES@DF_PRICES_ALL(1.0),SVN,A,HICP,CPI,PA,_T,N,GY,2019,1.7,A,,,,2
OECD.SDD.TPS:DSD_PRICES@DF_PRICES_ALL(1.0),SVN,A,HICP,CPI,PA,_T,N,GY,2020,-0.3,A,,,,2
OECD.SDD.TPS:DSD_PRICES@DF_PRICES_ALL(1.0),SVN,A,HICP,CPI,PA,_T,N,GY,2021,2,A,,,,2
OECD.SDD.TPS:DSD_PRICES@DF_PRICES_ALL(1.0),SVN,A,HICP,CPI,PA,_T,N,GY,2022,9.3,A,,,,2
OECD.SDD.TPS:DSD_PRICES@DF_PRICES_ALL(1.0),SVN,A,HICP,CPI,PA,_T,N,GY,2023,7.2,A,,,,2
OECD.SDD.TPS:DSD_PRICES@DF_PRICES_ALL(1.0),SVN,A,HICP,CPI,PA,_T,N,GY,2024,2,A,,,,2
OECD.SDD.TPS:DSD_PRICES@DF_PRICES_ALL(1.0),SVN,A,HICP,CPI,PA,_T,N,GY,2025,2.5,A,,,,2
OECD.SDD.TPS:DSD_PRICES@DF_PRICES_ALL(1.0),ESP,A,HICP,CPI,PA,_T,N,GY,2015,-0.6,A,,,,2
OECD.SDD.TPS:DSD_PRICES@DF_PRICES_ALL(1.0),ESP,A,HICP,CPI,PA,_T,N,GY,2016,-0.3,A,,,,2
OECD.SDD.TPS:DSD_PRICES@DF_PRICES_ALL(1.0),ESP,A,HICP,CPI,PA,_T,N,GY,2017,2,A,,,,2
OECD.SDD.TPS:DSD_PRICES@DF_PRICES_ALL(1.0),ESP,A,HICP,CPI,PA,_T,N,GY,2018,1.7,A,,,,2
OECD.SDD.TPS:DSD_PRICES@DF_PRICES_ALL(1.0),ESP,A,HICP,CPI,PA,_T,N,GY,2019,0.8,A,,,,2
OECD.SDD.TPS:DSD_PRICES@DF_PRICES_ALL(1.0),ESP,A,HICP,CPI,PA,_T,N,GY,2020,-0.3,A,,,,2
OECD.SDD.TPS:DSD_PRICES@DF_PRICES_ALL(1.0),ESP,A,HICP,CPI,PA,_T,N,GY,2021,3,A,,,,2
OECD.SDD.TPS:DSD_PRICES@DF_PRICES_ALL(1.0),ESP,A,HICP,CPI,PA,_T,N,GY,2022,8.3,A,,,,2
OECD.SDD.TPS:DSD_PRICES@DF_PRICES_ALL(1.0),ESP,A,HICP,CPI,PA,_T,N,GY,2023,3.4,A,,,,2
OECD.SDD.TPS:DSD_PRICES@DF_PRICES_ALL(1.0),ESP,A,HICP,CPI,PA,_T,N,GY,2024,2.9,A,,,,2
OECD.SDD.TPS:DSD_PRICES@DF_PRICES_ALL(1.0),ESP,A,HICP,CPI,PA,_T,N,GY,2025,2.7,A,,,,2
OECD.SDD.TPS:DSD_PRICES@DF_PRICES_ALL(1.0),EA20,A,HICP,CPI,PA,_T,N,GY,2015,0.2,A,,,,2
OECD.SDD.TPS:DSD_PRICES@DF_PRICES_ALL(1.0),EA20,A,HICP,CPI,PA,_T,N,GY,2016,0.2,A,,,,2
OECD.SDD.TPS:DSD_PRICES@DF_PRICES_ALL(1.0),EA20,A,HICP,CPI,PA,_T,N,GY,2017,1.5,A,,,,2
OECD.SDD.TPS:DSD_PRICES@DF_PRICES_ALL(1.0),EA20,A,HICP,CPI,PA,_T,N,GY,2018,1.8,A,,,,2
OECD.SDD.TPS:DSD_PRICES@DF_PRICES_ALL(1.0),EA20,A,HICP,CPI,PA,_T,N,GY,2019,1.2,A,,,,2
OECD.SDD.TPS:DSD_PRICES@DF_PRICES_ALL(1.0),EA20,A,HICP,CPI,PA,_T,N,GY,2020,0.3,A,,,,2
OECD.SDD.TPS:DSD_PRICES@DF_PRICES_ALL(1.0),EA20,A,HICP,CPI,PA,_T,N,GY,2021,2.6,A,,,,2
OECD.SDD.TPS:DSD_PRICES@DF_PRICES_ALL(1.0),EA20,A,HICP,CPI,PA,_T,N,GY,2022,8.4,A,,,,2
OECD.SDD.TPS:DSD_PRICES@DF_PRICES_ALL(1.0),EA20,A,HICP,CPI,PA,_T,N,GY,2023,5.4,A,,,,2
OECD.SDD.TPS:DSD_PRICES@DF_PRICES_ALL(1.0),EA20,A,HICP,CPI,PA,_T,N,GY,2024,2.4,A,,,,2
OECD.SDD.TPS:DSD_PRICES@DF_PRICES_ALL(1.0),EA20,A,HICP,CPI,PA,_T,N,GY,2025,2.1,A,,,,2
OECD.SDD.TPS:DSD_PRICES@DF_PRICES_ALL(1.0),EU27_2020,A,HICP,CPI,PA,_T,N,GY,2015,0.1,A,,,,2
OECD.SDD.TPS:DSD_PRICES@DF_PRICES_ALL(1.0),EU27_2020,A,HICP,CPI,PA,_T,N,GY,2016,0.2,A,,,,2
OECD.SDD.TPS:DSD_PRICES@DF_PRICES_ALL(1.0),EU27_2020,A,HICP,CPI,PA,_T,N,GY,2017,1.6,A,,,,2
OECD.SDD.TPS:DSD_PRICES@DF_PRICES_ALL(1.0),EU27_2020,A,HICP,CPI,PA,_T,N,GY,2018,1.8,A,,,,2
OECD.SDD.TPS:DSD_PRICES@DF_PRICES_ALL(1.0),EU27_2020,A,HICP,CPI,PA,_T,N,GY,2019,1.4,A,,,,2
OECD.SDD.TPS:DSD_PRICES@DF_PRICES_ALL(1.0),EU27_2020,A,HICP,CPI,PA,_T,N,GY,2020,0.7,A,,,,2
OECD.SDD.TPS:DSD_PRICES@DF_PRICES_ALL(1.0),EU27_2020,A,HICP,CPI,PA,_T,N,GY,2021,2.9,A,,,,2
OECD.SDD.TPS:DSD_PRICES@DF_PRICES_ALL(1.0),EU27_2020,A,HICP,CPI,PA,_T,N,GY,2022,9.2,A,,,,2
OECD.SDD.TPS:DSD_PRICES@DF_PRICES_ALL(1.0),EU27_2020,A,HICP,CPI,PA,_T,N,GY,2023,6.4,A,,,,2
OECD.SDD.TPS:DSD_PRICES@DF_PRICES_ALL(1.0),EU27_2020,A,HICP,CPI,PA,_T,N,GY,2024,2.6,A,,,,2
OECD.SDD.TPS:DSD_PRICES@DF_PRICES_ALL(1.0),EU27_2020,A,HICP,CPI,PA,_T,N,GY,2025,2.5,A,,,,2
OECD.SDD.TPS:DSD_PRICES@DF_PRICES_ALL(1.0),ESP,A,HICP,CPI,IX,SERV,N,_Z,2015,100,A,,2015,,2
OECD.SDD.TPS:DSD_PRICES@DF_PRICES_ALL(1.0),ESP,A,HICP,CPI,IX,SERV,N,_Z,2016,100.9,A,,2015,,2
OECD.SDD.TPS:DSD_PRICES@DF_PRICES_ALL(1.0),ESP,A,HICP,CPI,IX,SERV,N,_Z,2017,102.7,A,,2015,,2
OECD.SDD.TPS:DSD_PRICES@DF_PRICES_ALL(1.0),ESP,A,HICP,CPI,IX,SERV,N,_Z,2018,104.33,A,,2015,,2
OECD.SDD.TPS:DSD_PRICES@DF_PRICES_ALL(1.0),ESP,A,HICP,CPI,IX,SERV,N,_Z,2019,105.92,A,,2015,,2
OECD.SDD.TPS:DSD_PRICES@DF_PRICES_ALL(1.0),ESP,A,HICP,CPI,IX,SERV,N,_Z,2020,106.69,A,,2015,,2
OECD.SDD.TPS:DSD_PRICES@DF_PRICES_ALL(1.0),ESP,A,HICP,CPI,IX,SERV,N,_Z,2021,107.27,A,,2015,,2
OECD.SDD.TPS:DSD_PRICES@DF_PRICES_ALL(1.0),ESP,A,HICP,CPI,IX,SERV,N,_Z,2022,111.47,A,,2015,,2
OECD.SDD.TPS:DSD_PRICES@DF_PRICES_ALL(1.0),ESP,A,HICP,CPI,IX,SERV,N,_Z,2023,116.24,A,,2015,,2
OECD.SDD.TPS:DSD_PRICES@DF_PRICES_ALL(1.0),ESP,A,HICP,CPI,IX,SERV,N,_Z,2024,120.57,A,,2015,,2
OECD.SDD.TPS:DSD_PRICES@DF_PRICES_ALL(1.0),ESP,A,HICP,CPI,IX,SERV,N,_Z,2025,124.97,A,,2015,,2
OECD.SDD.TPS:DSD_PRICES@DF_PRICES_ALL(1.0),LTU,A,HICP,CPI,IX,SERV,N,_Z,2015,100,A,,2015,,2
OECD.SDD.TPS:DSD_PRICES@DF_PRICES_ALL(1.0),LTU,A,HICP,CPI,IX,SERV,N,_Z,2016,103.16,A,,2015,,2
OECD.SDD.TPS:DSD_PRICES@DF_PRICES_ALL(1.0),LTU,A,HICP,CPI,IX,SERV,N,_Z,2017,108.41,A,,2015,,2
OECD.SDD.TPS:DSD_PRICES@DF_PRICES_ALL(1.0),LTU,A,HICP,CPI,IX,SERV,N,_Z,2018,112.9,A,,2015,,2
OECD.SDD.TPS:DSD_PRICES@DF_PRICES_ALL(1.0),LTU,A,HICP,CPI,IX,SERV,N,_Z,2019,118.14,A,,2015,,2
OECD.SDD.TPS:DSD_PRICES@DF_PRICES_ALL(1.0),LTU,A,HICP,CPI,IX,SERV,N,_Z,2020,123.08,A,,2015,,2
OECD.SDD.TPS:DSD_PRICES@DF_PRICES_ALL(1.0),LTU,A,HICP,CPI,IX,SERV,N,_Z,2021,128.34,A,,2015,,2
OECD.SDD.TPS:DSD_PRICES@DF_PRICES_ALL(1.0),LTU,A,HICP,CPI,IX,SERV,N,_Z,2022,144.05,A,,2015,,2
OECD.SDD.TPS:DSD_PRICES@DF_PRICES_ALL(1.0),LTU,A,HICP,CPI,IX,SERV,N,_Z,2023,159.15,A,,2015,,2
OECD.SDD.TPS:DSD_PRICES@DF_PRICES_ALL(1.0),LTU,A,HICP,CPI,IX,SERV,N,_Z,2024,168.92,A,,2015,,2
OECD.SDD.TPS:DSD_PRICES@DF_PRICES_ALL(1.0),LTU,A,HICP,CPI,IX,SERV,N,_Z,2025,178.78,A,,2015,,2
OECD.SDD.TPS:DSD_PRICES@DF_PRICES_ALL(1.0),EA20,A,HICP,CPI,IX,GD,N,_Z,2015,100,A,,2015,,2
OECD.SDD.TPS:DSD_PRICES@DF_PRICES_ALL(1.0),EA20,A,HICP,CPI,IX,SERV,N,_Z,2015,100,A,,2015,,2
OECD.SDD.TPS:DSD_PRICES@DF_PRICES_ALL(1.0),EA20,A,HICP,CPI,IX,SERV,N,_Z,2016,101.08,A,,2015,,2
OECD.SDD.TPS:DSD_PRICES@DF_PRICES_ALL(1.0),EA20,A,HICP,CPI,IX,GD,N,_Z,2016,99.56,A,,2015,,2
OECD.SDD.TPS:DSD_PRICES@DF_PRICES_ALL(1.0),EA20,A,HICP,CPI,IX,GD,N,_Z,2017,101.19,A,,2015,,2
OECD.SDD.TPS:DSD_PRICES@DF_PRICES_ALL(1.0),EA20,A,HICP,CPI,IX,SERV,N,_Z,2017,102.5,A,,2015,,2
OECD.SDD.TPS:DSD_PRICES@DF_PRICES_ALL(1.0),EA20,A,HICP,CPI,IX,SERV,N,_Z,2018,104.01,A,,2015,,2
OECD.SDD.TPS:DSD_PRICES@DF_PRICES_ALL(1.0),EA20,A,HICP,CPI,IX,GD,N,_Z,2018,103.2,A,,2015,,2
OECD.SDD.TPS:DSD_PRICES@DF_PRICES_ALL(1.0),EA20,A,HICP,CPI,IX,GD,N,_Z,2019,104.18,A,,2015,,2
OECD.SDD.TPS:DSD_PRICES@DF_PRICES_ALL(1.0),EA20,A,HICP,CPI,IX,SERV,N,_Z,2019,105.55,A,,2015,,2
OECD.SDD.TPS:DSD_PRICES@DF_PRICES_ALL(1.0),EA20,A,HICP,CPI,IX,SERV,N,_Z,2020,106.6,A,,2015,,2
OECD.SDD.TPS:DSD_PRICES@DF_PRICES_ALL(1.0),EA20,A,HICP,CPI,IX,GD,N,_Z,2020,103.82,A,,2015,,2
OECD.SDD.TPS:DSD_PRICES@DF_PRICES_ALL(1.0),EA20,A,HICP,CPI,IX,GD,N,_Z,2021,107.35,A,,2015,,2
OECD.SDD.TPS:DSD_PRICES@DF_PRICES_ALL(1.0),EA20,A,HICP,CPI,IX,SERV,N,_Z,2021,108.16,A,,2015,,2
OECD.SDD.TPS:DSD_PRICES@DF_PRICES_ALL(1.0),EA20,A,HICP,CPI,IX,SERV,N,_Z,2022,112.01,A,,2015,,2
OECD.SDD.TPS:DSD_PRICES@DF_PRICES_ALL(1.0),EA20,A,HICP,CPI,IX,GD,N,_Z,2022,120.12,A,,2015,,2
OECD.SDD.TPS:DSD_PRICES@DF_PRICES_ALL(1.0),EA20,A,HICP,CPI,IX,GD,N,_Z,2023,126.98,A,,2015,,2
OECD.SDD.TPS:DSD_PRICES@DF_PRICES_ALL(1.0),EA20,A,HICP,CPI,IX,SERV,N,_Z,2023,117.46,A,,2015,,2
OECD.SDD.TPS:DSD_PRICES@DF_PRICES_ALL(1.0),EA20,A,HICP,CPI,IX,SERV,N,_Z,2024,122.14,A,,2015,,2
OECD.SDD.TPS:DSD_PRICES@DF_PRICES_ALL(1.0),EA20,A,HICP,CPI,IX,GD,N,_Z,2024,128.32,A,,2015,,2
OECD.SDD.TPS:DSD_PRICES@DF_PRICES_ALL(1.0),EA20,A,HICP,CPI,IX,GD,N,_Z,2025,129.65,A,,2015,,2
OECD.SDD.TPS:DSD_PRICES@DF_PRICES_ALL(1.0),EA20,A,HICP,CPI,IX,SERV,N,_Z,2025,126.33,A,,2015,,2
OECD.SDD.TPS:DSD_PRICES@DF_PRICES_ALL(1.0),EU27_2020,A,HICP,CPI,IX,GD,N,_Z,2015,100,A,,2015,,2
OECD.SDD.TPS:DSD_PRICES@DF_PRICES_ALL(1.0),EU27_2020,A,HICP,CPI,IX,SERV,N,_Z,2015,100,A,,2015,,2
OECD.SDD.TPS:DSD_PRICES@DF_PRICES_ALL(1.0),EU27_2020,A,HICP,CPI,IX,SERV,N,_Z,2016,101.12,A,,2015,,2
OECD.SDD.TPS:DSD_PRICES@DF_PRICES_ALL(1.0),EU27_2020,A,HICP,CPI,IX,GD,N,_Z,2016,99.5,A,,2015,,2
OECD.SDD.TPS:DSD_PRICES@DF_PRICES_ALL(1.0),EU27_2020,A,HICP,CPI,IX,GD,N,_Z,2017,101.11,A,,2015,,2
OECD.SDD.TPS:DSD_PRICES@DF_PRICES_ALL(1.0),EU27_2020,A,HICP,CPI,IX,SERV,N,_Z,2017,102.61,A,,2015,,2
OECD.SDD.TPS:DSD_PRICES@DF_PRICES_ALL(1.0),EU27_2020,A,HICP,CPI,IX,SERV,N,_Z,2018,104.16,A,,2015,,2
OECD.SDD.TPS:DSD_PRICES@DF_PRICES_ALL(1.0),EU27_2020,A,HICP,CPI,IX,GD,N,_Z,2018,103.14,A,,2015,,2
OECD.SDD.TPS:DSD_PRICES@DF_PRICES_ALL(1.0),EU27_2020,A,HICP,CPI,IX,GD,N,_Z,2019,104.38,A,,2015,,2
OECD.SDD.TPS:DSD_PRICES@DF_PRICES_ALL(1.0),EU27_2020,A,HICP,CPI,IX,SERV,N,_Z,2019,105.93,A,,2015,,2
OECD.SDD.TPS:DSD_PRICES@DF_PRICES_ALL(1.0),EU27_2020,A,HICP,CPI,IX,SERV,N,_Z,2020,107.5,A,,2015,,2
OECD.SDD.TPS:DSD_PRICES@DF_PRICES_ALL(1.0),EU27_2020,A,HICP,CPI,IX,GD,N,_Z,2020,104.48,A,,2015,,2
OECD.SDD.TPS:DSD_PRICES@DF_PRICES_ALL(1.0),EU27_2020,A,HICP,CPI,IX,GD,N,_Z,2021,108.19,A,,2015,,2
OECD.SDD.TPS:DSD_PRICES@DF_PRICES_ALL(1.0),EU27_2020,A,HICP,CPI,IX,SERV,N,_Z,2021,109.54,A,,2015,,2
OECD.SDD.TPS:DSD_PRICES@DF_PRICES_ALL(1.0),EU27_2020,A,HICP,CPI,IX,SERV,N,_Z,2022,114.34,A,,2015,,2
OECD.SDD.TPS:DSD_PRICES@DF_PRICES_ALL(1.0),EU27_2020,A,HICP,CPI,IX,GD,N,_Z,2022,121.53,A,,2015,,2
OECD.SDD.TPS:DSD_PRICES@DF_PRICES_ALL(1.0),EU27_2020,A,HICP,CPI,IX,GD,N,_Z,2023,129.7,A,,2015,,2
OECD.SDD.TPS:DSD_PRICES@DF_PRICES_ALL(1.0),EU27_2020,A,HICP,CPI,IX,SERV,N,_Z,2023,120.77,A,,2015,,2
OECD.SDD.TPS:DSD_PRICES@DF_PRICES_ALL(1.0),EU27_2020,A,HICP,CPI,IX,SERV,N,_Z,2024,126.02,A,,2015,,2
OECD.SDD.TPS:DSD_PRICES@DF_PRICES_ALL(1.0),EU27_2020,A,HICP,CPI,IX,GD,N,_Z,2024,131.45,A,,2015,,2
OECD.SDD.TPS:DSD_PRICES@DF_PRICES_ALL(1.0),EU27_2020,A,HICP,CPI,IX,GD,N,_Z,2025,133.4,A,,2015,,2
OECD.SDD.TPS:DSD_PRICES@DF_PRICES_ALL(1.0),EU27_2020,A,HICP,CPI,IX,SERV,N,_Z,2025,130.74,A,,2015,,2
OECD.SDD.TPS:DSD_PRICES@DF_PRICES_ALL(1.0),BGR,A,HICP,CPI,IX,SERV,N,_Z,2015,100,A,,2015,,2
OECD.SDD.TPS:DSD_PRICES@DF_PRICES_ALL(1.0),BGR,A,HICP,CPI,IX,GD,N,_Z,2015,100,A,,2015,,2
OECD.SDD.TPS:DSD_PRICES@DF_PRICES_ALL(1.0),BGR,A,HICP,CPI,IX,SERV,N,_Z,2016,99.41,A,,2015,,2
OECD.SDD.TPS:DSD_PRICES@DF_PRICES_ALL(1.0),BGR,A,HICP,CPI,IX,GD,N,_Z,2016,98.32,A,,2015,,2
OECD.SDD.TPS:DSD_PRICES@DF_PRICES_ALL(1.0),BGR,A,HICP,CPI,IX,SERV,N,_Z,2017,99.46,A,,2015,,2
OECD.SDD.TPS:DSD_PRICES@DF_PRICES_ALL(1.0),BGR,A,HICP,CPI,IX,GD,N,_Z,2017,100.02,A,,2015,,2
OECD.SDD.TPS:DSD_PRICES@DF_PRICES_ALL(1.0),BGR,A,HICP,CPI,IX,SERV,N,_Z,2018,103.76,A,,2015,,2
OECD.SDD.TPS:DSD_PRICES@DF_PRICES_ALL(1.0),BGR,A,HICP,CPI,IX,GD,N,_Z,2018,101.88,A,,2015,,2
OECD.SDD.TPS:DSD_PRICES@DF_PRICES_ALL(1.0),BGR,A,HICP,CPI,IX,SERV,N,_Z,2019,107.05,A,,2015,,2
OECD.SDD.TPS:DSD_PRICES@DF_PRICES_ALL(1.0),BGR,A,HICP,CPI,IX,GD,N,_Z,2019,104.06,A,,2015,,2
OECD.SDD.TPS:DSD_PRICES@DF_PRICES_ALL(1.0),BGR,A,HICP,CPI,IX,SERV,N,_Z,2020,109.54,A,,2015,,2
OECD.SDD.TPS:DSD_PRICES@DF_PRICES_ALL(1.0),BGR,A,HICP,CPI,IX,GD,N,_Z,2020,104.79,A,,2015,,2
OECD.SDD.TPS:DSD_PRICES@DF_PRICES_ALL(1.0),BGR,A,HICP,CPI,IX,SERV,N,_Z,2021,111.7,A,,2015,,2
OECD.SDD.TPS:DSD_PRICES@DF_PRICES_ALL(1.0),BGR,A,HICP,CPI,IX,GD,N,_Z,2021,108,A,,2015,,2
OECD.SDD.TPS:DSD_PRICES@DF_PRICES_ALL(1.0),BGR,A,HICP,CPI,IX,SERV,N,_Z,2022,120.88,A,,2015,,2
OECD.SDD.TPS:DSD_PRICES@DF_PRICES_ALL(1.0),BGR,A,HICP,CPI,IX,GD,N,_Z,2022,124.02,A,,2015,,2
OECD.SDD.TPS:DSD_PRICES@DF_PRICES_ALL(1.0),BGR,A,HICP,CPI,IX,SERV,N,_Z,2023,132.24,A,,2015,,2
OECD.SDD.TPS:DSD_PRICES@DF_PRICES_ALL(1.0),BGR,A,HICP,CPI,IX,GD,N,_Z,2023,134.29,A,,2015,,2
OECD.SDD.TPS:DSD_PRICES@DF_PRICES_ALL(1.0),BGR,A,HICP,CPI,IX,SERV,N,_Z,2024,138.62,A,,2015,,2
OECD.SDD.TPS:DSD_PRICES@DF_PRICES_ALL(1.0),BGR,A,HICP,CPI,IX,GD,N,_Z,2024,136.5,A,,2015,,2
OECD.SDD.TPS:DSD_PRICES@DF_PRICES_ALL(1.0),BGR,A,HICP,CPI,IX,SERV,N,_Z,2025,145.25,A,,2015,,2
OECD.SDD.TPS:DSD_PRICES@DF_PRICES_ALL(1.0),BGR,A,HICP,CPI,IX,GD,N,_Z,2025,140.58,A,,2015,,2
OECD.SDD.TPS:DSD_PRICES@DF_PRICES_ALL(1.0),SVN,A,HICP,CPI,IX,SERV,N,_Z,2015,100,A,,2015,,2
OECD.SDD.TPS:DSD_PRICES@DF_PRICES_ALL(1.0),SVN,A,HICP,CPI,IX,SERV,N,_Z,2016,101.61,A,,2015,,2
OECD.SDD.TPS:DSD_PRICES@DF_PRICES_ALL(1.0),SVN,A,HICP,CPI,IX,SERV,N,_Z,2017,103.44,A,,2015,,2
OECD.SDD.TPS:DSD_PRICES@DF_PRICES_ALL(1.0),SVN,A,HICP,CPI,IX,SERV,N,_Z,2018,105.93,A,,2015,,2
OECD.SDD.TPS:DSD_PRICES@DF_PRICES_ALL(1.0),SVN,A,HICP,CPI,IX,SERV,N,_Z,2019,109.25,A,,2015,,2
OECD.SDD.TPS:DSD_PRICES@DF_PRICES_ALL(1.0),SVN,A,HICP,CPI,IX,SERV,N,_Z,2020,111.22,A,,2015,,2
OECD.SDD.TPS:DSD_PRICES@DF_PRICES_ALL(1.0),SVN,A,HICP,CPI,IX,SERV,N,_Z,2021,111.85,A,,2015,,2
OECD.SDD.TPS:DSD_PRICES@DF_PRICES_ALL(1.0),SVN,A,HICP,CPI,IX,SERV,N,_Z,2022,118,A,,2015,,2
OECD.SDD.TPS:DSD_PRICES@DF_PRICES_ALL(1.0),SVN,A,HICP,CPI,IX,SERV,N,_Z,2023,127.11,A,,2015,,2
OECD.SDD.TPS:DSD_PRICES@DF_PRICES_ALL(1.0),SVN,A,HICP,CPI,IX,SERV,N,_Z,2024,133.23,A,,2015,,2
OECD.SDD.TPS:DSD_PRICES@DF_PRICES_ALL(1.0),SVN,A,HICP,CPI,IX,SERV,N,_Z,2025,138.35,A,,2015,,2
OECD.SDD.TPS:DSD_PRICES@DF_PRICES_ALL(1.0),LVA,A,HICP,CPI,IX,SERV,N,_Z,2015,100,A,,2015,,2
OECD.SDD.TPS:DSD_PRICES@DF_PRICES_ALL(1.0),LVA,A,HICP,CPI,IX,SERV,N,_Z,2016,101.78,A,,2015,,2
OECD.SDD.TPS:DSD_PRICES@DF_PRICES_ALL(1.0),LVA,A,HICP,CPI,IX,SERV,N,_Z,2017,104.83,A,,2015,,2
OECD.SDD.TPS:DSD_PRICES@DF_PRICES_ALL(1.0),LVA,A,HICP,CPI,IX,SERV,N,_Z,2018,108.18,A,,2015,,2
OECD.SDD.TPS:DSD_PRICES@DF_PRICES_ALL(1.0),LVA,A,HICP,CPI,IX,SERV,N,_Z,2019,111.26,A,,2015,,2
OECD.SDD.TPS:DSD_PRICES@DF_PRICES_ALL(1.0),LVA,A,HICP,CPI,IX,SERV,N,_Z,2020,112.65,A,,2015,,2
OECD.SDD.TPS:DSD_PRICES@DF_PRICES_ALL(1.0),LVA,A,HICP,CPI,IX,SERV,N,_Z,2021,114.91,A,,2015,,2
OECD.SDD.TPS:DSD_PRICES@DF_PRICES_ALL(1.0),LVA,A,HICP,CPI,IX,SERV,N,_Z,2022,124.74,A,,2015,,2
OECD.SDD.TPS:DSD_PRICES@DF_PRICES_ALL(1.0),LVA,A,HICP,CPI,IX,SERV,N,_Z,2023,136.7,A,,2015,,2
OECD.SDD.TPS:DSD_PRICES@DF_PRICES_ALL(1.0),LVA,A,HICP,CPI,IX,SERV,N,_Z,2024,143.89,A,,2015,,2
OECD.SDD.TPS:DSD_PRICES@DF_PRICES_ALL(1.0),LVA,A,HICP,CPI,IX,SERV,N,_Z,2025,152.13,A,,2015,,2
OECD.SDD.TPS:DSD_PRICES@DF_PRICES_ALL(1.0),LVA,A,HICP,CPI,PC,SERV,N,G1,2015,2.3,A,,,,2
OECD.SDD.TPS:DSD_PRICES@DF_PRICES_ALL(1.0),LVA,A,HICP,CPI,PC,SERV,N,G1,2016,1.8,A,,,,2
OECD.SDD.TPS:DSD_PRICES@DF_PRICES_ALL(1.0),LVA,A,HICP,CPI,PC,SERV,N,G1,2017,3,A,,,,2
OECD.SDD.TPS:DSD_PRICES@DF_PRICES_ALL(1.0),LVA,A,HICP,CPI,PC,SERV,N,G1,2018,3.2,A,,,,2
OECD.SDD.TPS:DSD_PRICES@DF_PRICES_ALL(1.0),LVA,A,HICP,CPI,PC,SERV,N,G1,2019,2.8,A,,,,2
OECD.SDD.TPS:DSD_PRICES@DF_PRICES_ALL(1.0),LVA,A,HICP,CPI,PC,SERV,N,G1,2020,1.3,A,,,,2
OECD.SDD.TPS:DSD_PRICES@DF_PRICES_ALL(1.0),LVA,A,HICP,CPI,PC,SERV,N,G1,2021,2,A,,,,2
OECD.SDD.TPS:DSD_PRICES@DF_PRICES_ALL(1.0),LVA,A,HICP,CPI,PC,SERV,N,G1,2022,8.6,A,,,,2
OECD.SDD.TPS:DSD_PRICES@DF_PRICES_ALL(1.0),LVA,A,HICP,CPI,PC,SERV,N,G1,2023,9.6,A,,,,2
OECD.SDD.TPS:DSD_PRICES@DF_PRICES_ALL(1.0),LVA,A,HICP,CPI,PC,SERV,N,G1,2024,5.3,A,,,,2
OECD.SDD.TPS:DSD_PRICES@DF_PRICES_ALL(1.0),LVA,A,HICP,CPI,PC,SERV,N,G1,2025,5.7,A,,,,2
OECD.SDD.TPS:DSD_PRICES@DF_PRICES_ALL(1.0),SVN,A,HICP,CPI,PC,SERV,N,G1,2015,0.9,A,,,,2
OECD.SDD.TPS:DSD_PRICES@DF_PRICES_ALL(1.0),SVN,A,HICP,CPI,PC,SERV,N,G1,2016,1.6,A,,,,2
OECD.SDD.TPS:DSD_PRICES@DF_PRICES_ALL(1.0),SVN,A,HICP,CPI,PC,SERV,N,G1,2017,1.8,A,,,,2
OECD.SDD.TPS:DSD_PRICES@DF_PRICES_ALL(1.0),SVN,A,HICP,CPI,PC,SERV,N,G1,2018,2.4,A,,,,2
OECD.SDD.TPS:DSD_PRICES@DF_PRICES_ALL(1.0),SVN,A,HICP,CPI,PC,SERV,N,G1,2019,3.1,A,,,,2
OECD.SDD.TPS:DSD_PRICES@DF_PRICES_ALL(1.0),SVN,A,HICP,CPI,PC,SERV,N,G1,2020,1.8,A,,,,2
OECD.SDD.TPS:DSD_PRICES@DF_PRICES_ALL(1.0),SVN,A,HICP,CPI,PC,SERV,N,G1,2021,0.6,A,,,,2
OECD.SDD.TPS:DSD_PRICES@DF_PRICES_ALL(1.0),SVN,A,HICP,CPI,PC,SERV,N,G1,2022,5.5,A,,,,2
OECD.SDD.TPS:DSD_PRICES@DF_PRICES_ALL(1.0),SVN,A,HICP,CPI,PC,SERV,N,G1,2023,7.7,A,,,,2
OECD.SDD.TPS:DSD_PRICES@DF_PRICES_ALL(1.0),SVN,A,HICP,CPI,PC,SERV,N,G1,2024,4.8,A,,,,2
OECD.SDD.TPS:DSD_PRICES@DF_PRICES_ALL(1.0),SVN,A,HICP,CPI,PC,SERV,N,G1,2025,3.8,A,,,,2
OECD.SDD.TPS:DSD_PRICES@DF_PRICES_ALL(1.0),EA20,A,HICP,CPI,PC,SERV,N,G1,2015,1.5,A,,,,2
OECD.SDD.TPS:DSD_PRICES@DF_PRICES_ALL(1.0),EA20,A,HICP,CPI,PC,SERV,N,G1,2016,1.1,A,,,,2
OECD.SDD.TPS:DSD_PRICES@DF_PRICES_ALL(1.0),EA20,A,HICP,CPI,PC,SERV,N,G1,2017,1.4,A,,,,2
OECD.SDD.TPS:DSD_PRICES@DF_PRICES_ALL(1.0),EA20,A,HICP,CPI,PC,SERV,N,G1,2018,1.5,A,,,,2
OECD.SDD.TPS:DSD_PRICES@DF_PRICES_ALL(1.0),EA20,A,HICP,CPI,PC,SERV,N,G1,2019,1.5,A,,,,2
OECD.SDD.TPS:DSD_PRICES@DF_PRICES_ALL(1.0),EA20,A,HICP,CPI,PC,SERV,N,G1,2020,1,A,,,,2
OECD.SDD.TPS:DSD_PRICES@DF_PRICES_ALL(1.0),EA20,A,HICP,CPI,PC,SERV,N,G1,2021,1.5,A,,,,2
OECD.SDD.TPS:DSD_PRICES@DF_PRICES_ALL(1.0),EA20,A,HICP,CPI,PC,SERV,N,G1,2022,3.6,A,,,,2
OECD.SDD.TPS:DSD_PRICES@DF_PRICES_ALL(1.0),EA20,A,HICP,CPI,PC,SERV,N,G1,2023,4.9,A,,,,2
OECD.SDD.TPS:DSD_PRICES@DF_PRICES_ALL(1.0),EA20,A,HICP,CPI,PC,SERV,N,G1,2024,4,A,,,,2
OECD.SDD.TPS:DSD_PRICES@DF_PRICES_ALL(1.0),EA20,A,HICP,CPI,PC,SERV,N,G1,2025,3.4,A,,,,2
OECD.SDD.TPS:DSD_PRICES@DF_PRICES_ALL(1.0),BGR,A,HICP,CPI,PC,SERV,N,G1,2015,0.1,A,,,,2
OECD.SDD.TPS:DSD_PRICES@DF_PRICES_ALL(1.0),BGR,A,HICP,CPI,PC,GD,N,G1,2015,-1.6,A,,,,2
OECD.SDD.TPS:DSD_PRICES@DF_PRICES_ALL(1.0),BGR,A,HICP,CPI,PC,GD,N,G1,2016,-1.7,A,,,,2
OECD.SDD.TPS:DSD_PRICES@DF_PRICES_ALL(1.0),BGR,A,HICP,CPI,PC,SERV,N,G1,2016,-0.6,A,,,,2
OECD.SDD.TPS:DSD_PRICES@DF_PRICES_ALL(1.0),BGR,A,HICP,CPI,PC,SERV,N,G1,2017,0,A,,,,2
OECD.SDD.TPS:DSD_PRICES@DF_PRICES_ALL(1.0),BGR,A,HICP,CPI,PC,GD,N,G1,2017,1.7,A,,,,2
OECD.SDD.TPS:DSD_PRICES@DF_PRICES_ALL(1.0),BGR,A,HICP,CPI,PC,GD,N,G1,2018,1.9,A,,,,2
OECD.SDD.TPS:DSD_PRICES@DF_PRICES_ALL(1.0),BGR,A,HICP,CPI,PC,SERV,N,G1,2018,4.3,A,,,,2
OECD.SDD.TPS:DSD_PRICES@DF_PRICES_ALL(1.0),BGR,A,HICP,CPI,PC,SERV,N,G1,2019,3.2,A,,,,2
OECD.SDD.TPS:DSD_PRICES@DF_PRICES_ALL(1.0),BGR,A,HICP,CPI,PC,GD,N,G1,2019,2.1,A,,,,2
OECD.SDD.TPS:DSD_PRICES@DF_PRICES_ALL(1.0),BGR,A,HICP,CPI,PC,GD,N,G1,2020,0.7,A,,,,2
OECD.SDD.TPS:DSD_PRICES@DF_PRICES_ALL(1.0),BGR,A,HICP,CPI,PC,SERV,N,G1,2020,2.3,A,,,,2
OECD.SDD.TPS:DSD_PRICES@DF_PRICES_ALL(1.0),BGR,A,HICP,CPI,PC,SERV,N,G1,2021,2,A,,,,2
OECD.SDD.TPS:DSD_PRICES@DF_PRICES_ALL(1.0),BGR,A,HICP,CPI,PC,GD,N,G1,2021,3.1,A,,,,2
OECD.SDD.TPS:DSD_PRICES@DF_PRICES_ALL(1.0),BGR,A,HICP,CPI,PC,GD,N,G1,2022,14.8,A,,,,2
OECD.SDD.TPS:DSD_PRICES@DF_PRICES_ALL(1.0),BGR,A,HICP,CPI,PC,SERV,N,G1,2022,8.2,A,,,,2
OECD.SDD.TPS:DSD_PRICES@DF_PRICES_ALL(1.0),BGR,A,HICP,CPI,PC,SERV,N,G1,2023,9.4,A,,,,2
OECD.SDD.TPS:DSD_PRICES@DF_PRICES_ALL(1.0),BGR,A,HICP,CPI,PC,GD,N,G1,2023,8.3,A,,,,2
OECD.SDD.TPS:DSD_PRICES@DF_PRICES_ALL(1.0),BGR,A,HICP,CPI,PC,GD,N,G1,2024,1.7,A,,,,2
OECD.SDD.TPS:DSD_PRICES@DF_PRICES_ALL(1.0),BGR,A,HICP,CPI,PC,SERV,N,G1,2024,4.8,A,,,,2
OECD.SDD.TPS:DSD_PRICES@DF_PRICES_ALL(1.0),BGR,A,HICP,CPI,PC,SERV,N,G1,2025,4.8,A,,,,2
OECD.SDD.TPS:DSD_PRICES@DF_PRICES_ALL(1.0),BGR,A,HICP,CPI,PC,GD,N,G1,2025,3,A,,,,2
OECD.SDD.TPS:DSD_PRICES@DF_PRICES_ALL(1.0),EU27_2020,A,HICP,CPI,PC,SERV,N,G1,2015,1.5,A,,,,2
OECD.SDD.TPS:DSD_PRICES@DF_PRICES_ALL(1.0),EU27_2020,A,HICP,CPI,PC,GD,N,G1,2015,-0.9,A,,,,2
OECD.SDD.TPS:DSD_PRICES@DF_PRICES_ALL(1.0),EU27_2020,A,HICP,CPI,PC,SERV,N,G1,2016,1.1,A,,,,2
OECD.SDD.TPS:DSD_PRICES@DF_PRICES_ALL(1.0),EU27_2020,A,HICP,CPI,PC,GD,N,G1,2016,-0.5,A,,,,2
OECD.SDD.TPS:DSD_PRICES@DF_PRICES_ALL(1.0),EU27_2020,A,HICP,CPI,PC,SERV,N,G1,2017,1.5,A,,,,2
OECD.SDD.TPS:DSD_PRICES@DF_PRICES_ALL(1.0),EU27_2020,A,HICP,CPI,PC,GD,N,G1,2017,1.6,A,,,,2
OECD.SDD.TPS:DSD_PRICES@DF_PRICES_ALL(1.0),EU27_2020,A,HICP,CPI,PC,SERV,N,G1,2018,1.5,A,,,,2
OECD.SDD.TPS:DSD_PRICES@DF_PRICES_ALL(1.0),EU27_2020,A,HICP,CPI,PC,GD,N,G1,2018,2,A,,,,2
OECD.SDD.TPS:DSD_PRICES@DF_PRICES_ALL(1.0),EU27_2020,A,HICP,CPI,PC,SERV,N,G1,2019,1.7,A,,,,2
OECD.SDD.TPS:DSD_PRICES@DF_PRICES_ALL(1.0),EU27_2020,A,HICP,CPI,PC,GD,N,G1,2019,1.2,A,,,,2
OECD.SDD.TPS:DSD_PRICES@DF_PRICES_ALL(1.0),EU27_2020,A,HICP,CPI,PC,SERV,N,G1,2020,1.5,A,,,,2
OECD.SDD.TPS:DSD_PRICES@DF_PRICES_ALL(1.0),EU27_2020,A,HICP,CPI,PC,GD,N,G1,2020,0.1,A,,,,2
OECD.SDD.TPS:DSD_PRICES@DF_PRICES_ALL(1.0),EU27_2020,A,HICP,CPI,PC,SERV,N,G1,2021,1.9,A,,,,2
OECD.SDD.TPS:DSD_PRICES@DF_PRICES_ALL(1.0),EU27_2020,A,HICP,CPI,PC,GD,N,G1,2021,3.5,A,,,,2
OECD.SDD.TPS:DSD_PRICES@DF_PRICES_ALL(1.0),EU27_2020,A,HICP,CPI,PC,SERV,N,G1,2022,4.4,A,,,,2
OECD.SDD.TPS:DSD_PRICES@DF_PRICES_ALL(1.0),EU27_2020,A,HICP,CPI,PC,GD,N,G1,2022,12.3,A,,,,2
OECD.SDD.TPS:DSD_PRICES@DF_PRICES_ALL(1.0),EU27_2020,A,HICP,CPI,PC,SERV,N,G1,2023,5.6,A,,,,2
OECD.SDD.TPS:DSD_PRICES@DF_PRICES_ALL(1.0),EU27_2020,A,HICP,CPI,PC,GD,N,G1,2023,6.7,A,,,,2
OECD.SDD.TPS:DSD_PRICES@DF_PRICES_ALL(1.0),EU27_2020,A,HICP,CPI,PC,SERV,N,G1,2024,4.3,A,,,,2
OECD.SDD.TPS:DSD_PRICES@DF_PRICES_ALL(1.0),EU27_2020,A,HICP,CPI,PC,GD,N,G1,2024,1.3,A,,,,2
OECD.SDD.TPS:DSD_PRICES@DF_PRICES_ALL(1.0),EU27_2020,A,HICP,CPI,PC,SERV,N,G1,2025,3.7,A,,,,2
OECD.SDD.TPS:DSD_PRICES@DF_PRICES_ALL(1.0),EU27_2020,A,HICP,CPI,PC,GD,N,G1,2025,1.5,A,,,,2
OECD.SDD.TPS:DSD_PRICES@DF_PRICES_ALL(1.0),LTU,A,HICP,CPI,PC,SERV,N,G1,2015,3.4,A,,,,2
OECD.SDD.TPS:DSD_PRICES@DF_PRICES_ALL(1.0),LTU,A,HICP,CPI,PC,SERV,N,G1,2016,3.2,A,,,,2
OECD.SDD.TPS:DSD_PRICES@DF_PRICES_ALL(1.0),LTU,A,HICP,CPI,PC,SERV,N,G1,2017,5.1,A,,,,2
OECD.SDD.TPS:DSD_PRICES@DF_PRICES_ALL(1.0),LTU,A,HICP,CPI,PC,SERV,N,G1,2018,4.1,A,,,,2
OECD.SDD.TPS:DSD_PRICES@DF_PRICES_ALL(1.0),LTU,A,HICP,CPI,PC,SERV,N,G1,2019,4.6,A,,,,2
OECD.SDD.TPS:DSD_PRICES@DF_PRICES_ALL(1.0),LTU,A,HICP,CPI,PC,SERV,N,G1,2020,4.2,A,,,,2
OECD.SDD.TPS:DSD_PRICES@DF_PRICES_ALL(1.0),LTU,A,HICP,CPI,PC,SERV,N,G1,2021,4.3,A,,,,2
OECD.SDD.TPS:DSD_PRICES@DF_PRICES_ALL(1.0),LTU,A,HICP,CPI,PC,SERV,N,G1,2022,12.2,A,,,,2
OECD.SDD.TPS:DSD_PRICES@DF_PRICES_ALL(1.0),LTU,A,HICP,CPI,PC,SERV,N,G1,2023,10.5,A,,,,2
OECD.SDD.TPS:DSD_PRICES@DF_PRICES_ALL(1.0),LTU,A,HICP,CPI,PC,SERV,N,G1,2024,6.1,A,,,,2
OECD.SDD.TPS:DSD_PRICES@DF_PRICES_ALL(1.0),LTU,A,HICP,CPI,PC,SERV,N,G1,2025,5.8,A,,,,2
OECD.SDD.TPS:DSD_PRICES@DF_PRICES_ALL(1.0),ESP,A,HICP,CPI,PC,SERV,N,G1,2015,0.5,A,,,,2
OECD.SDD.TPS:DSD_PRICES@DF_PRICES_ALL(1.0),ESP,A,HICP,CPI,PC,SERV,N,G1,2016,0.9,A,,,,2
OECD.SDD.TPS:DSD_PRICES@DF_PRICES_ALL(1.0),ESP,A,HICP,CPI,PC,SERV,N,G1,2017,1.8,A,,,,2
OECD.SDD.TPS:DSD_PRICES@DF_PRICES_ALL(1.0),ESP,A,HICP,CPI,PC,SERV,N,G1,2018,1.6,A,,,,2
OECD.SDD.TPS:DSD_PRICES@DF_PRICES_ALL(1.0),ESP,A,HICP,CPI,PC,SERV,N,G1,2019,1.5,A,,,,2
OECD.SDD.TPS:DSD_PRICES@DF_PRICES_ALL(1.0),ESP,A,HICP,CPI,PC,SERV,N,G1,2020,0.7,A,,,,2
OECD.SDD.TPS:DSD_PRICES@DF_PRICES_ALL(1.0),ESP,A,HICP,CPI,PC,SERV,N,G1,2021,0.5,A,,,,2
OECD.SDD.TPS:DSD_PRICES@DF_PRICES_ALL(1.0),ESP,A,HICP,CPI,PC,SERV,N,G1,2022,3.9,A,,,,2
OECD.SDD.TPS:DSD_PRICES@DF_PRICES_ALL(1.0),ESP,A,HICP,CPI,PC,SERV,N,G1,2023,4.3,A,,,,2
OECD.SDD.TPS:DSD_PRICES@DF_PRICES_ALL(1.0),ESP,A,HICP,CPI,PC,SERV,N,G1,2024,3.7,A,,,,2
OECD.SDD.TPS:DSD_PRICES@DF_PRICES_ALL(1.0),ESP,A,HICP,CPI,PC,SERV,N,G1,2025,3.7,A,,,,2
OECD.SDD.TPS:DSD_PRICES@DF_PRICES_ALL(1.0),LTU,A,HICP,CPI,PA,SERV,N,GY,2015,3.4,A,,,,2
OECD.SDD.TPS:DSD_PRICES@DF_PRICES_ALL(1.0),LTU,A,HICP,CPI,PA,SERV,N,GY,2016,3.2,A,,,,2
OECD.SDD.TPS:DSD_PRICES@DF_PRICES_ALL(1.0),LTU,A,HICP,CPI,PA,SERV,N,GY,2017,5.1,A,,,,2
OECD.SDD.TPS:DSD_PRICES@DF_PRICES_ALL(1.0),LTU,A,HICP,CPI,PA,SERV,N,GY,2018,4.1,A,,,,2
OECD.SDD.TPS:DSD_PRICES@DF_PRICES_ALL(1.0),LTU,A,HICP,CPI,PA,SERV,N,GY,2019,4.6,A,,,,2
OECD.SDD.TPS:DSD_PRICES@DF_PRICES_ALL(1.0),LTU,A,HICP,CPI,PA,SERV,N,GY,2020,4.2,A,,,,2
OECD.SDD.TPS:DSD_PRICES@DF_PRICES_ALL(1.0),LTU,A,HICP,CPI,PA,SERV,N,GY,2021,4.3,A,,,,2
OECD.SDD.TPS:DSD_PRICES@DF_PRICES_ALL(1.0),LTU,A,HICP,CPI,PA,SERV,N,GY,2022,12.2,A,,,,2
OECD.SDD.TPS:DSD_PRICES@DF_PRICES_ALL(1.0),LTU,A,HICP,CPI,PA,SERV,N,GY,2023,10.5,A,,,,2
OECD.SDD.TPS:DSD_PRICES@DF_PRICES_ALL(1.0),LTU,A,HICP,CPI,PA,SERV,N,GY,2024,6.1,A,,,,2
OECD.SDD.TPS:DSD_PRICES@DF_PRICES_ALL(1.0),LTU,A,HICP,CPI,PA,SERV,N,GY,2025,5.8,A,,,,2
OECD.SDD.TPS:DSD_PRICES@DF_PRICES_ALL(1.0),EU27_2020,A,HICP,CPI,PA,SERV,N,GY,2015,1.5,A,,,,2
OECD.SDD.TPS:DSD_PRICES@DF_PRICES_ALL(1.0),EU27_2020,A,HICP,CPI,PA,GD,N,GY,2015,-0.9,A,,,,2
OECD.SDD.TPS:DSD_PRICES@DF_PRICES_ALL(1.0),EU27_2020,A,HICP,CPI,PA,GD,N,GY,2016,-0.5,A,,,,2
OECD.SDD.TPS:DSD_PRICES@DF_PRICES_ALL(1.0),EU27_2020,A,HICP,CPI,PA,SERV,N,GY,2016,1.1,A,,,,2
OECD.SDD.TPS:DSD_PRICES@DF_PRICES_ALL(1.0),EU27_2020,A,HICP,CPI,PA,SERV,N,GY,2017,1.5,A,,,,2
OECD.SDD.TPS:DSD_PRICES@DF_PRICES_ALL(1.0),EU27_2020,A,HICP,CPI,PA,GD,N,GY,2017,1.6,A,,,,2
OECD.SDD.TPS:DSD_PRICES@DF_PRICES_ALL(1.0),EU27_2020,A,HICP,CPI,PA,GD,N,GY,2018,2,A,,,,2
OECD.SDD.TPS:DSD_PRICES@DF_PRICES_ALL(1.0),EU27_2020,A,HICP,CPI,PA,SERV,N,GY,2018,1.5,A,,,,2
OECD.SDD.TPS:DSD_PRICES@DF_PRICES_ALL(1.0),EU27_2020,A,HICP,CPI,PA,SERV,N,GY,2019,1.7,A,,,,2
OECD.SDD.TPS:DSD_PRICES@DF_PRICES_ALL(1.0),EU27_2020,A,HICP,CPI,PA,GD,N,GY,2019,1.2,A,,,,2
OECD.SDD.TPS:DSD_PRICES@DF_PRICES_ALL(1.0),EU27_2020,A,HICP,CPI,PA,GD,N,GY,2020,0.1,A,,,,2
OECD.SDD.TPS:DSD_PRICES@DF_PRICES_ALL(1.0),EU27_2020,A,HICP,CPI,PA,SERV,N,GY,2020,1.5,A,,,,2
OECD.SDD.TPS:DSD_PRICES@DF_PRICES_ALL(1.0),EU27_2020,A,HICP,CPI,PA,SERV,N,GY,2021,1.9,A,,,,2
OECD.SDD.TPS:DSD_PRICES@DF_PRICES_ALL(1.0),EU27_2020,A,HICP,CPI,PA,GD,N,GY,2021,3.5,A,,,,2
OECD.SDD.TPS:DSD_PRICES@DF_PRICES_ALL(1.0),EU27_2020,A,HICP,CPI,PA,GD,N,GY,2022,12.3,A,,,,2
OECD.SDD.TPS:DSD_PRICES@DF_PRICES_ALL(1.0),EU27_2020,A,HICP,CPI,PA,SERV,N,GY,2022,4.4,A,,,,2
OECD.SDD.TPS:DSD_PRICES@DF_PRICES_ALL(1.0),EU27_2020,A,HICP,CPI,PA,SERV,N,GY,2023,5.6,A,,,,2
OECD.SDD.TPS:DSD_PRICES@DF_PRICES_ALL(1.0),EU27_2020,A,HICP,CPI,PA,GD,N,GY,2023,6.7,A,,,,2
OECD.SDD.TPS:DSD_PRICES@DF_PRICES_ALL(1.0),EU27_2020,A,HICP,CPI,PA,GD,N,GY,2024,1.3,A,,,,2
OECD.SDD.TPS:DSD_PRICES@DF_PRICES_ALL(1.0),EU27_2020,A,HICP,CPI,PA,SERV,N,GY,2024,4.3,A,,,,2
OECD.SDD.TPS:DSD_PRICES@DF_PRICES_ALL(1.0),EU27_2020,A,HICP,CPI,PA,SERV,N,GY,2025,3.7,A,,,,2
OECD.SDD.TPS:DSD_PRICES@DF_PRICES_ALL(1.0),EU27_2020,A,HICP,CPI,PA,GD,N,GY,2025,1.5,A,,,,2
OECD.SDD.TPS:DSD_PRICES@DF_PRICES_ALL(1.0),BGR,A,HICP,CPI,PA,SERV,N,GY,2015,0.1,A,,,,2
OECD.SDD.TPS:DSD_PRICES@DF_PRICES_ALL(1.0),BGR,A,HICP,CPI,PA,GD,N,GY,2015,-1.6,A,,,,2
OECD.SDD.TPS:DSD_PRICES@DF_PRICES_ALL(1.0),BGR,A,HICP,CPI,PA,GD,N,GY,2016,-1.7,A,,,,2
OECD.SDD.TPS:DSD_PRICES@DF_PRICES_ALL(1.0),BGR,A,HICP,CPI,PA,SERV,N,GY,2016,-0.6,A,,,,2
OECD.SDD.TPS:DSD_PRICES@DF_PRICES_ALL(1.0),BGR,A,HICP,CPI,PA,SERV,N,GY,2017,0,A,,,,2
OECD.SDD.TPS:DSD_PRICES@DF_PRICES_ALL(1.0),BGR,A,HICP,CPI,PA,GD,N,GY,2017,1.7,A,,,,2
OECD.SDD.TPS:DSD_PRICES@DF_PRICES_ALL(1.0),BGR,A,HICP,CPI,PA,GD,N,GY,2018,1.9,A,,,,2
OECD.SDD.TPS:DSD_PRICES@DF_PRICES_ALL(1.0),BGR,A,HICP,CPI,PA,SERV,N,GY,2018,4.3,A,,,,2
OECD.SDD.TPS:DSD_PRICES@DF_PRICES_ALL(1.0),BGR,A,HICP,CPI,PA,SERV,N,GY,2019,3.2,A,,,,2
OECD.SDD.TPS:DSD_PRICES@DF_PRICES_ALL(1.0),BGR,A,HICP,CPI,PA,GD,N,GY,2019,2.1,A,,,,2
OECD.SDD.TPS:DSD_PRICES@DF_PRICES_ALL(1.0),BGR,A,HICP,CPI,PA,GD,N,GY,2020,0.7,A,,,,2
OECD.SDD.TPS:DSD_PRICES@DF_PRICES_ALL(1.0),BGR,A,HICP,CPI,PA,SERV,N,GY,2020,2.3,A,,,,2
OECD.SDD.TPS:DSD_PRICES@DF_PRICES_ALL(1.0),BGR,A,HICP,CPI,PA,SERV,N,GY,2021,2,A,,,,2
OECD.SDD.TPS:DSD_PRICES@DF_PRICES_ALL(1.0),BGR,A,HICP,CPI,PA,GD,N,GY,2021,3.1,A,,,,2
OECD.SDD.TPS:DSD_PRICES@DF_PRICES_ALL(1.0),BGR,A,HICP,CPI,PA,GD,N,GY,2022,14.8,A,,,,2
OECD.SDD.TPS:DSD_PRICES@DF_PRICES_ALL(1.0),BGR,A,HICP,CPI,PA,SERV,N,GY,2022,8.2,A,,,,2
OECD.SDD.TPS:DSD_PRICES@DF_PRICES_ALL(1.0),BGR,A,HICP,CPI,PA,SERV,N,GY,2023,9.4,A,,,,2
OECD.SDD.TPS:DSD_PRICES@DF_PRICES_ALL(1.0),BGR,A,HICP,CPI,PA,GD,N,GY,2023,8.3,A,,,,2
OECD.SDD.TPS:DSD_PRICES@DF_PRICES_ALL(1.0),BGR,A,HICP,CPI,PA,GD,N,GY,2024,1.7,A,,,,2
OECD.SDD.TPS:DSD_PRICES@DF_PRICES_ALL(1.0),BGR,A,HICP,CPI,PA,SERV,N,GY,2024,4.8,A,,,,2
OECD.SDD.TPS:DSD_PRICES@DF_PRICES_ALL(1.0),BGR,A,HICP,CPI,PA,SERV,N,GY,2025,4.8,A,,,,2
OECD.SDD.TPS:DSD_PRICES@DF_PRICES_ALL(1.0),BGR,A,HICP,CPI,PA,GD,N,GY,2025,3,A,,,,2
OECD.SDD.TPS:DSD_PRICES@DF_PRICES_ALL(1.0),EA20,A,HICP,CPI,PA,SERV,N,GY,2015,1.5,A,,,,2
OECD.SDD.TPS:DSD_PRICES@DF_PRICES_ALL(1.0),EA20,A,HICP,CPI,PA,SERV,N,GY,2016,1.1,A,,,,2
OECD.SDD.TPS:DSD_PRICES@DF_PRICES_ALL(1.0),EA20,A,HICP,CPI,PA,SERV,N,GY,2017,1.4,A,,,,2
OECD.SDD.TPS:DSD_PRICES@DF_PRICES_ALL(1.0),EA20,A,HICP,CPI,PA,SERV,N,GY,2018,1.5,A,,,,2
OECD.SDD.TPS:DSD_PRICES@DF_PRICES_ALL(1.0),EA20,A,HICP,CPI,PA,SERV,N,GY,2019,1.5,A,,,,2
OECD.SDD.TPS:DSD_PRICES@DF_PRICES_ALL(1.0),EA20,A,HICP,CPI,PA,SERV,N,GY,2020,1,A,,,,2
OECD.SDD.TPS:DSD_PRICES@DF_PRICES_ALL(1.0),EA20,A,HICP,CPI,PA,SERV,N,GY,2021,1.5,A,,,,2
OECD.SDD.TPS:DSD_PRICES@DF_PRICES_ALL(1.0),EA20,A,HICP,CPI,PA,SERV,N,GY,2022,3.6,A,,,,2
OECD.SDD.TPS:DSD_PRICES@DF_PRICES_ALL(1.0),EA20,A,HICP,CPI,PA,SERV,N,GY,2023,4.9,A,,,,2
OECD.SDD.TPS:DSD_PRICES@DF_PRICES_ALL(1.0),EA20,A,HICP,CPI,PA,SERV,N,GY,2024,4,A,,,,2
OECD.SDD.TPS:DSD_PRICES@DF_PRICES_ALL(1.0),EA20,A,HICP,CPI,PA,SERV,N,GY,2025,3.4,A,,,,2
OECD.SDD.TPS:DSD_PRICES@DF_PRICES_ALL(1.0),SVN,A,HICP,CPI,PA,SERV,N,GY,2015,0.9,A,,,,2
OECD.SDD.TPS:DSD_PRICES@DF_PRICES_ALL(1.0),SVN,A,HICP,CPI,PA,SERV,N,GY,2016,1.6,A,,,,2
OECD.SDD.TPS:DSD_PRICES@DF_PRICES_ALL(1.0),SVN,A,HICP,CPI,PA,SERV,N,GY,2017,1.8,A,,,,2
OECD.SDD.TPS:DSD_PRICES@DF_PRICES_ALL(1.0),SVN,A,HICP,CPI,PA,SERV,N,GY,2018,2.4,A,,,,2
OECD.SDD.TPS:DSD_PRICES@DF_PRICES_ALL(1.0),SVN,A,HICP,CPI,PA,SERV,N,GY,2019,3.1,A,,,,2
OECD.SDD.TPS:DSD_PRICES@DF_PRICES_ALL(1.0),SVN,A,HICP,CPI,PA,SERV,N,GY,2020,1.8,A,,,,2
OECD.SDD.TPS:DSD_PRICES@DF_PRICES_ALL(1.0),SVN,A,HICP,CPI,PA,SERV,N,GY,2021,0.6,A,,,,2
OECD.SDD.TPS:DSD_PRICES@DF_PRICES_ALL(1.0),SVN,A,HICP,CPI,PA,SERV,N,GY,2022,5.5,A,,,,2
OECD.SDD.TPS:DSD_PRICES@DF_PRICES_ALL(1.0),SVN,A,HICP,CPI,PA,SERV,N,GY,2023,7.7,A,,,,2
OECD.SDD.TPS:DSD_PRICES@DF_PRICES_ALL(1.0),SVN,A,HICP,CPI,PA,SERV,N,GY,2024,4.8,A,,,,2
OECD.SDD.TPS:DSD_PRICES@DF_PRICES_ALL(1.0),SVN,A,HICP,CPI,PA,SERV,N,GY,2025,3.8,A,,,,2
OECD.SDD.TPS:DSD_PRICES@DF_PRICES_ALL(1.0),LVA,A,HICP,CPI,PA,SERV,N,GY,2015,2.3,A,,,,2
OECD.SDD.TPS:DSD_PRICES@DF_PRICES_ALL(1.0),LVA,A,HICP,CPI,PA,SERV,N,GY,2016,1.8,A,,,,2
OECD.SDD.TPS:DSD_PRICES@DF_PRICES_ALL(1.0),LVA,A,HICP,CPI,PA,SERV,N,GY,2017,3,A,,,,2
OECD.SDD.TPS:DSD_PRICES@DF_PRICES_ALL(1.0),LVA,A,HICP,CPI,PA,SERV,N,GY,2018,3.2,A,,,,2
OECD.SDD.TPS:DSD_PRICES@DF_PRICES_ALL(1.0),LVA,A,HICP,CPI,PA,SERV,N,GY,2019,2.8,A,,,,2
OECD.SDD.TPS:DSD_PRICES@DF_PRICES_ALL(1.0),LVA,A,HICP,CPI,PA,SERV,N,GY,2020,1.3,A,,,,2
OECD.SDD.TPS:DSD_PRICES@DF_PRICES_ALL(1.0),LVA,A,HICP,CPI,PA,SERV,N,GY,2021,2,A,,,,2
OECD.SDD.TPS:DSD_PRICES@DF_PRICES_ALL(1.0),LVA,A,HICP,CPI,PA,SERV,N,GY,2022,8.6,A,,,,2
OECD.SDD.TPS:DSD_PRICES@DF_PRICES_ALL(1.0),LVA,A,HICP,CPI,PA,SERV,N,GY,2023,9.6,A,,,,2
OECD.SDD.TPS:DSD_PRICES@DF_PRICES_ALL(1.0),LVA,A,HICP,CPI,PA,SERV,N,GY,2024,5.3,A,,,,2
OECD.SDD.TPS:DSD_PRICES@DF_PRICES_ALL(1.0),LVA,A,HICP,CPI,PA,SERV,N,GY,2025,5.7,A,,,,2
OECD.SDD.TPS:DSD_PRICES@DF_PRICES_ALL(1.0),ESP,A,HICP,CPI,PA,SERV,N,GY,2015,0.5,A,,,,2
OECD.SDD.TPS:DSD_PRICES@DF_PRICES_ALL(1.0),ESP,A,HICP,CPI,PA,SERV,N,GY,2016,0.9,A,,,,2
OECD.SDD.TPS:DSD_PRICES@DF_PRICES_ALL(1.0),ESP,A,HICP,CPI,PA,SERV,N,GY,2017,1.8,A,,,,2
OECD.SDD.TPS:DSD_PRICES@DF_PRICES_ALL(1.0),ESP,A,HICP,CPI,PA,SERV,N,GY,2018,1.6,A,,,,2
OECD.SDD.TPS:DSD_PRICES@DF_PRICES_ALL(1.0),ESP,A,HICP,CPI,PA,SERV,N,GY,2019,1.5,A,,,,2
OECD.SDD.TPS:DSD_PRICES@DF_PRICES_ALL(1.0),ESP,A,HICP,CPI,PA,SERV,N,GY,2020,0.7,A,,,,2
OECD.SDD.TPS:DSD_PRICES@DF_PRICES_ALL(1.0),ESP,A,HICP,CPI,PA,SERV,N,GY,2021,0.5,A,,,,2
OECD.SDD.TPS:DSD_PRICES@DF_PRICES_ALL(1.0),ESP,A,HICP,CPI,PA,SERV,N,GY,2022,3.9,A,,,,2
OECD.SDD.TPS:DSD_PRICES@DF_PRICES_ALL(1.0),ESP,A,HICP,CPI,PA,SERV,N,GY,2023,4.3,A,,,,2
OECD.SDD.TPS:DSD_PRICES@DF_PRICES_ALL(1.0),ESP,A,HICP,CPI,PA,SERV,N,GY,2024,3.7,A,,,,2
OECD.SDD.TPS:DSD_PRICES@DF_PRICES_ALL(1.0),ESP,A,HICP,CPI,PA,SERV,N,GY,2025,3.7,A,,,,2
OECD.SDD.TPS:DSD_PRICES@DF_PRICES_ALL(1.0),AUS,A,N,CPI,IX,SERV,N,_Z,2015,100,A,,2015,,2
OECD.SDD.TPS:DSD_PRICES@DF_PRICES_ALL(1.0),AUS,A,N,CPI,PA,SERV,N,GY,2015,2.689037,A,,,,2
OECD.SDD.TPS:DSD_PRICES@DF_PRICES_ALL(1.0),AUS,A,N,CPI,PC,SERV,N,G1,2015,2.689037,A,,,,2
OECD.SDD.TPS:DSD_PRICES@DF_PRICES_ALL(1.0),AUS,A,N,CPI,PC,SERV,N,G1,2016,1.835273,A,,,,2
OECD.SDD.TPS:DSD_PRICES@DF_PRICES_ALL(1.0),AUS,A,N,CPI,PA,SERV,N,GY,2016,1.835273,A,,,,2
OECD.SDD.TPS:DSD_PRICES@DF_PRICES_ALL(1.0),AUS,A,N,CPI,IX,SERV,N,_Z,2016,101.8353,A,,2015,,2
OECD.SDD.TPS:DSD_PRICES@DF_PRICES_ALL(1.0),AUS,A,N,CPI,IX,SERV,N,_Z,2017,103.6034,A,,2015,,2
OECD.SDD.TPS:DSD_PRICES@DF_PRICES_ALL(1.0),AUS,A,N,CPI,PA,SERV,N,GY,2017,1.736264,A,,,,2
OECD.SDD.TPS:DSD_PRICES@DF_PRICES_ALL(1.0),AUS,A,N,CPI,PC,SERV,N,G1,2017,1.736264,A,,,,2
OECD.SDD.TPS:DSD_PRICES@DF_PRICES_ALL(1.0),AUS,A,N,CPI,PC,SERV,N,G1,2018,1.771441,A,,,,2
OECD.SDD.TPS:DSD_PRICES@DF_PRICES_ALL(1.0),AUS,A,N,CPI,PA,SERV,N,GY,2018,1.771441,A,,,,2
OECD.SDD.TPS:DSD_PRICES@DF_PRICES_ALL(1.0),AUS,A,N,CPI,IX,SERV,N,_Z,2018,105.4387,A,,2015,,2
OECD.SDD.TPS:DSD_PRICES@DF_PRICES_ALL(1.0),AUS,A,N,CPI,PA,SERV,N,GY,2019,1.570792,A,,,,2
OECD.SDD.TPS:DSD_PRICES@DF_PRICES_ALL(1.0),AUS,A,N,CPI,PC,SERV,N,G1,2019,1.570792,A,,,,2
OECD.SDD.TPS:DSD_PRICES@DF_PRICES_ALL(1.0),AUS,A,N,CPI,PC,SERV,N,G1,2020,-0.04179728,A,,,,2
OECD.SDD.TPS:DSD_PRICES@DF_PRICES_ALL(1.0),AUS,A,N,CPI,PA,SERV,N,GY,2020,-0.04179728,A,,,,2
OECD.SDD.TPS:DSD_PRICES@DF_PRICES_ALL(1.0),AUS,A,N,CPI,IX,SERV,N,_Z,2020,107.0501,A,,2015,,2
OECD.SDD.TPS:DSD_PRICES@DF_PRICES_ALL(1.0),AUS,A,N,CPI,IX,SERV,N,_Z,2021,110.2507,A,,2015,,2
OECD.SDD.TPS:DSD_PRICES@DF_PRICES_ALL(1.0),AUS,A,N,CPI,PA,SERV,N,GY,2021,2.989755,A,,,,2
OECD.SDD.TPS:DSD_PRICES@DF_PRICES_ALL(1.0),AUS,A,N,CPI,PC,SERV,N,G1,2021,2.989755,A,,,,2
OECD.SDD.TPS:DSD_PRICES@DF_PRICES_ALL(1.0),AUS,A,N,CPI,PC,SERV,N,G1,2022,3.999188,A,,,,2
OECD.SDD.TPS:DSD_PRICES@DF_PRICES_ALL(1.0),AUS,A,N,CPI,PA,SERV,N,GY,2022,3.999188,A,,,,2
OECD.SDD.TPS:DSD_PRICES@DF_PRICES_ALL(1.0),AUS,A,N,CPI,IX,SERV,N,_Z,2023,121.1728,A,,2015,,2
OECD.SDD.TPS:DSD_PRICES@DF_PRICES_ALL(1.0),AUS,A,N,CPI,PC,SERV,N,G1,2023,5.680265,A,,,,2
OECD.SDD.TPS:DSD_PRICES@DF_PRICES_ALL(1.0),AUS,A,N,CPI,PC,SERV,N,G1,2024,4.400829,A,,,,2
OECD.SDD.TPS:DSD_PRICES@DF_PRICES_ALL(1.0),AUS,A,N,CPI,PA,SERV,N,GY,2024,4.400829,A,,,,2
OECD.SDD.TPS:DSD_PRICES@DF_PRICES_ALL(1.0),AUS,A,N,CPI,IX,SERV,N,_Z,2024,126.5054,A,,2015,,2
OECD.SDD.TPS:DSD_PRICES@DF_PRICES_ALL(1.0),AUS,A,N,CPI,IX,SERV,N,_Z,2025,131.0779,A,,2015,,2
OECD.SDD.TPS:DSD_PRICES@DF_PRICES_ALL(1.0),AUS,A,N,CPI,PA,SERV,N,GY,2025,3.614434,A,,,,2
OECD.SDD.TPS:DSD_PRICES@DF_PRICES_ALL(1.0),AUS,A,N,CPI,PC,SERV,N,G1,2025,3.614434,A,,,,2
OECD.SDD.TPS:DSD_PRICES@DF_PRICES_ALL(1.0),AUS,A,N,CPI,PA,GD,N,GY,2015,0.6003842,A,,,,2
OECD.SDD.TPS:DSD_PRICES@DF_PRICES_ALL(1.0),AUS,A,N,CPI,PC,GD,N,G1,2015,0.6003842,A,,,,2
OECD.SDD.TPS:DSD_PRICES@DF_PRICES_ALL(1.0),AUS,A,N,CPI,IX,GD,N,_Z,2015,100,A,,2015,,2
OECD.SDD.TPS:DSD_PRICES@DF_PRICES_ALL(1.0),AUS,A,N,CPI,IX,GD,N,_Z,2016,100.8594,A,,2015,,2
OECD.SDD.TPS:DSD_PRICES@DF_PRICES_ALL(1.0),AUS,A,N,CPI,PC,GD,N,G1,2016,0.8593937,A,,,,2
OECD.SDD.TPS:DSD_PRICES@DF_PRICES_ALL(1.0),AUS,A,N,CPI,PA,GD,N,GY,2016,0.8593937,A,,,,2
OECD.SDD.TPS:DSD_PRICES@DF_PRICES_ALL(1.0),AUS,A,N,CPI,PA,GD,N,GY,2017,2.106509,A,,,,2
OECD.SDD.TPS:DSD_PRICES@DF_PRICES_ALL(1.0),AUS,A,N,CPI,PC,GD,N,G1,2017,2.106509,A,,,,2
OECD.SDD.TPS:DSD_PRICES@DF_PRICES_ALL(1.0),AUS,A,N,CPI,IX,GD,N,_Z,2017,102.984,A,,2015,,2
OECD.SDD.TPS:DSD_PRICES@DF_PRICES_ALL(1.0),AUS,A,N,CPI,IX,GD,N,_Z,2018,105.1086,A,,2015,,2
OECD.SDD.TPS:DSD_PRICES@DF_PRICES_ALL(1.0),AUS,A,N,CPI,PC,GD,N,G1,2018,2.063051,A,,,,2
OECD.SDD.TPS:DSD_PRICES@DF_PRICES_ALL(1.0),AUS,A,N,CPI,PA,GD,N,GY,2018,2.063051,A,,,,2
OECD.SDD.TPS:DSD_PRICES@DF_PRICES_ALL(1.0),AUS,A,N,CPI,PA,GD,N,GY,2019,1.567113,A,,,,2
OECD.SDD.TPS:DSD_PRICES@DF_PRICES_ALL(1.0),AUS,A,N,CPI,PC,GD,N,G1,2019,1.567113,A,,,,2
OECD.SDD.TPS:DSD_PRICES@DF_PRICES_ALL(1.0),AUS,A,N,CPI,IX,GD,N,_Z,2019,106.7558,A,,2015,,2
OECD.SDD.TPS:DSD_PRICES@DF_PRICES_ALL(1.0),AUS,A,N,CPI,IX,GD,N,_Z,2020,108.5701,A,,2015,,2
OECD.SDD.TPS:DSD_PRICES@DF_PRICES_ALL(1.0),AUS,A,N,CPI,PC,GD,N,G1,2020,1.699463,A,,,,2
OECD.SDD.TPS:DSD_PRICES@DF_PRICES_ALL(1.0),AUS,A,N,CPI,PA,GD,N,GY,2020,1.699463,A,,,,2
OECD.SDD.TPS:DSD_PRICES@DF_PRICES_ALL(1.0),AUS,A,N,CPI,PA,GD,N,GY,2021,2.770448,A,,,,2
OECD.SDD.TPS:DSD_PRICES@DF_PRICES_ALL(1.0),AUS,A,N,CPI,PC,GD,N,G1,2021,2.770448,A,,,,2
OECD.SDD.TPS:DSD_PRICES@DF_PRICES_ALL(1.0),AUS,A,N,CPI,IX,GD,N,_Z,2021,111.5779,A,,2015,,2
OECD.SDD.TPS:DSD_PRICES@DF_PRICES_ALL(1.0),AUS,A,N,CPI,IX,GD,N,_Z,2022,121.079,A,,2015,,2
OECD.SDD.TPS:DSD_PRICES@DF_PRICES_ALL(1.0),AUS,A,N,CPI,PC,GD,N,G1,2022,8.51519,A,,,,2
OECD.SDD.TPS:DSD_PRICES@DF_PRICES_ALL(1.0),AUS,A,N,CPI,PA,GD,N,GY,2022,8.51519,A,,,,2
OECD.SDD.TPS:DSD_PRICES@DF_PRICES_ALL(1.0),AUS,A,N,CPI,PA,GD,N,GY,2023,5.481072,A,,,,2
OECD.SDD.TPS:DSD_PRICES@DF_PRICES_ALL(1.0),AUS,A,N,CPI,PC,GD,N,G1,2023,5.481072,A,,,,2
OECD.SDD.TPS:DSD_PRICES@DF_PRICES_ALL(1.0),AUS,A,N,CPI,IX,GD,N,_Z,2023,127.7154,A,,2015,,2
OECD.SDD.TPS:DSD_PRICES@DF_PRICES_ALL(1.0),AUS,A,N,CPI,IX,GD,N,_Z,2024,130.4392,A,,2015,,2
OECD.SDD.TPS:DSD_PRICES@DF_PRICES_ALL(1.0),AUS,A,N,CPI,PC,GD,N,G1,2024,2.132705,A,,,,2
OECD.SDD.TPS:DSD_PRICES@DF_PRICES_ALL(1.0),AUS,A,N,CPI,PA,GD,N,GY,2024,2.132705,A,,,,2
OECD.SDD.TPS:DSD_PRICES@DF_PRICES_ALL(1.0),AUS,A,N,CPI,IX,GD,N,_Z,2025,133.4013,A,,2015,,2
OECD.SDD.TPS:DSD_PRICES@DF_PRICES_ALL(1.0),AUS,A,N,CPI,PA,GD,N,GY,2025,2.270818,A,,,,2
OECD.SDD.TPS:DSD_PRICES@DF_PRICES_ALL(1.0),AUS,A,N,CPI,PC,GD,N,G1,2025,2.270818,A,,,,2
OECD.SDD.TPS:DSD_PRICES@DF_PRICES_ALL(1.0),LVA,A,N,CPI,PC,GD,N,G1,2015,-0.7260812,A,,,,2
OECD.SDD.TPS:DSD_PRICES@DF_PRICES_ALL(1.0),LVA,A,N,CPI,PA,GD,N,GY,2015,-0.7260812,A,,,,2
OECD.SDD.TPS:DSD_PRICES@DF_PRICES_ALL(1.0),LVA,A,N,CPI,IX,GD,N,_Z,2015,100,A,,2015,,2
OECD.SDD.TPS:DSD_PRICES@DF_PRICES_ALL(1.0),LVA,A,N,CPI,IX,GD,N,_Z,2016,99.34969,A,,2015,,2
OECD.SDD.TPS:DSD_PRICES@DF_PRICES_ALL(1.0),LVA,A,N,CPI,PA,GD,N,GY,2016,-0.6503091,A,,,,2
OECD.SDD.TPS:DSD_PRICES@DF_PRICES_ALL(1.0),LVA,A,N,CPI,PC,GD,N,G1,2016,-0.6503091,A,,,,2
OECD.SDD.TPS:DSD_PRICES@DF_PRICES_ALL(1.0),LVA,A,N,CPI,PC,GD,N,G1,2017,2.82955,A,,,,2
OECD.SDD.TPS:DSD_PRICES@DF_PRICES_ALL(1.0),LVA,A,N,CPI,PA,GD,N,GY,2017,2.82955,A,,,,2
OECD.SDD.TPS:DSD_PRICES@DF_PRICES_ALL(1.0),LVA,A,N,CPI,IX,GD,N,_Z,2017,102.1608,A,,2015,,2
OECD.SDD.TPS:DSD_PRICES@DF_PRICES_ALL(1.0),LVA,A,N,CPI,IX,GD,N,_Z,2018,104.4777,A,,2015,,2
OECD.SDD.TPS:DSD_PRICES@DF_PRICES_ALL(1.0),LVA,A,N,CPI,PA,GD,N,GY,2018,2.26788,A,,,,2
OECD.SDD.TPS:DSD_PRICES@DF_PRICES_ALL(1.0),LVA,A,N,CPI,PC,GD,N,G1,2018,2.26788,A,,,,2
OECD.SDD.TPS:DSD_PRICES@DF_PRICES_ALL(1.0),LVA,A,N,CPI,PC,GD,N,G1,2019,2.743197,A,,,,2
OECD.SDD.TPS:DSD_PRICES@DF_PRICES_ALL(1.0),LVA,A,N,CPI,PA,GD,N,GY,2019,2.743197,A,,,,2
OECD.SDD.TPS:DSD_PRICES@DF_PRICES_ALL(1.0),LVA,A,N,CPI,IX,GD,N,_Z,2019,107.3438,A,,2015,,2
OECD.SDD.TPS:DSD_PRICES@DF_PRICES_ALL(1.0),LVA,A,N,CPI,IX,GD,N,_Z,2020,106.7837,A,,2015,,2
OECD.SDD.TPS:DSD_PRICES@DF_PRICES_ALL(1.0),LVA,A,N,CPI,PA,GD,N,GY,2020,-0.5217125,A,,,,2
OECD.SDD.TPS:DSD_PRICES@DF_PRICES_ALL(1.0),LVA,A,N,CPI,PC,GD,N,G1,2020,-0.5217125,A,,,,2
OECD.SDD.TPS:DSD_PRICES@DF_PRICES_ALL(1.0),LVA,A,N,CPI,PC,GD,N,G1,2021,3.640816,A,,,,2
OECD.SDD.TPS:DSD_PRICES@DF_PRICES_ALL(1.0),LVA,A,N,CPI,PA,GD,N,GY,2021,3.640816,A,,,,2
OECD.SDD.TPS:DSD_PRICES@DF_PRICES_ALL(1.0),LVA,A,N,CPI,IX,GD,N,_Z,2021,110.6715,A,,2015,,2
OECD.SDD.TPS:DSD_PRICES@DF_PRICES_ALL(1.0),LVA,A,N,CPI,IX,GD,N,_Z,2022,133.5009,A,,2015,,2
OECD.SDD.TPS:DSD_PRICES@DF_PRICES_ALL(1.0),LVA,A,N,CPI,PA,GD,N,GY,2022,20.62808,A,,,,2
OECD.SDD.TPS:DSD_PRICES@DF_PRICES_ALL(1.0),LVA,A,N,CPI,PC,GD,N,G1,2022,20.62808,A,,,,2
OECD.SDD.TPS:DSD_PRICES@DF_PRICES_ALL(1.0),LVA,A,N,CPI,PC,GD,N,G1,2023,8.813504,A,,,,2
OECD.SDD.TPS:DSD_PRICES@DF_PRICES_ALL(1.0),LVA,A,N,CPI,PA,GD,N,GY,2023,8.813504,A,,,,2
OECD.SDD.TPS:DSD_PRICES@DF_PRICES_ALL(1.0),LVA,A,N,CPI,IX,GD,N,_Z,2023,145.2671,A,,2015,,2
OECD.SDD.TPS:DSD_PRICES@DF_PRICES_ALL(1.0),LVA,A,N,CPI,IX,GD,N,_Z,2024,144.9904,A,,2015,,2
OECD.SDD.TPS:DSD_PRICES@DF_PRICES_ALL(1.0),LVA,A,N,CPI,PA,GD,N,GY,2024,-0.1904762,A,,,,2
OECD.SDD.TPS:DSD_PRICES@DF_PRICES_ALL(1.0),LVA,A,N,CPI,PC,GD,N,G1,2024,-0.1904762,A,,,,2
OECD.SDD.TPS:DSD_PRICES@DF_PRICES_ALL(1.0),LVA,A,N,CPI,PC,GD,N,G1,2025,3.025022,A,,,,2
OECD.SDD.TPS:DSD_PRICES@DF_PRICES_ALL(1.0),LVA,A,N,CPI,PA,GD,N,GY,2025,3.025022,A,,,,2
OECD.SDD.TPS:DSD_PRICES@DF_PRICES_ALL(1.0),LVA,A,N,CPI,IX,GD,N,_Z,2025,149.3763,A,,2015,,2
OECD.SDD.TPS:DSD_PRICES@DF_PRICES_ALL(1.0),ARG,A,N,CPI,PA,GD,N,GY,2018,32.20487,A,,,,2
OECD.SDD.TPS:DSD_PRICES@DF_PRICES_ALL(1.0),ARG,A,N,CPI,PC,GD,N,G1,2018,32.20487,A,,,,2
OECD.SDD.TPS:DSD_PRICES@DF_PRICES_ALL(1.0),ARG,A,N,CPI,PC,GD,N,G1,2019,57.68422,A,,,,2
OECD.SDD.TPS:DSD_PRICES@DF_PRICES_ALL(1.0),ARG,A,N,CPI,PA,GD,N,GY,2019,57.68422,A,,,,2
OECD.SDD.TPS:DSD_PRICES@DF_PRICES_ALL(1.0),ARG,A,N,CPI,PA,GD,N,GY,2020,48.46678,A,,,,2
OECD.SDD.TPS:DSD_PRICES@DF_PRICES_ALL(1.0),ARG,A,N,CPI,PC,GD,N,G1,2020,48.46678,A,,,,2
OECD.SDD.TPS:DSD_PRICES@DF_PRICES_ALL(1.0),ARG,A,N,CPI,PC,GD,N,G1,2021,53.86546,A,,,,2
OECD.SDD.TPS:DSD_PRICES@DF_PRICES_ALL(1.0),ARG,A,N,CPI,PA,GD,N,GY,2021,53.86546,A,,,,2
OECD.SDD.TPS:DSD_PRICES@DF_PRICES_ALL(1.0),ARG,A,N,CPI,PA,GD,N,GY,2022,75.41689,A,,,,2
OECD.SDD.TPS:DSD_PRICES@DF_PRICES_ALL(1.0),ARG,A,N,CPI,PC,GD,N,G1,2022,75.41689,A,,,,2
OECD.SDD.TPS:DSD_PRICES@DF_PRICES_ALL(1.0),ARG,A,N,CPI,PC,GD,N,G1,2023,137.1061,A,,,,2
OECD.SDD.TPS:DSD_PRICES@DF_PRICES_ALL(1.0),ARG,A,N,CPI,PA,GD,N,GY,2023,137.1061,A,,,,2
OECD.SDD.TPS:DSD_PRICES@DF_PRICES_ALL(1.0),ARG,A,N,CPI,PA,GD,N,GY,2024,213.1161,A,,,,2
OECD.SDD.TPS:DSD_PRICES@DF_PRICES_ALL(1.0),ARG,A,N,CPI,PC,GD,N,G1,2024,213.1161,A,,,,2
OECD.SDD.TPS:DSD_PRICES@DF_PRICES_ALL(1.0),ARG,A,N,CPI,PC,GD,N,G1,2025,32.83532,A,,,,2
OECD.SDD.TPS:DSD_PRICES@DF_PRICES_ALL(1.0),ARG,A,N,CPI,PA,GD,N,GY,2025,32.83532,A,,,,2
OECD.SDD.TPS:DSD_PRICES@DF_PRICES_ALL(1.0),ESP,A,N,CPI,PC,GD,N,G1,2015,-2.686919,A,,,,2
OECD.SDD.TPS:DSD_PRICES@DF_PRICES_ALL(1.0),ESP,A,N,CPI,PA,GD,N,GY,2015,-2.686919,A,,,,2
OECD.SDD.TPS:DSD_PRICES@DF_PRICES_ALL(1.0),ESP,A,N,CPI,IX,GD,N,_Z,2015,100,A,,2015,,2
OECD.SDD.TPS:DSD_PRICES@DF_PRICES_ALL(1.0),ESP,A,N,CPI,IX,GD,N,_Z,2016,97.63459,A,,2015,,2
OECD.SDD.TPS:DSD_PRICES@DF_PRICES_ALL(1.0),ESP,A,N,CPI,PA,GD,N,GY,2016,-2.365407,A,,,,2
OECD.SDD.TPS:DSD_PRICES@DF_PRICES_ALL(1.0),ESP,A,N,CPI,PC,GD,N,G1,2016,-2.365407,A,,,,2
OECD.SDD.TPS:DSD_PRICES@DF_PRICES_ALL(1.0),ESP,A,N,CPI,PC,GD,N,G1,2017,2.515362,A,,,,2
OECD.SDD.TPS:DSD_PRICES@DF_PRICES_ALL(1.0),ESP,A,N,CPI,PA,GD,N,GY,2017,2.515362,A,,,,2
OECD.SDD.TPS:DSD_PRICES@DF_PRICES_ALL(1.0),ESP,A,N,CPI,IX,GD,N,_Z,2017,100.0905,A,,2015,,2
OECD.SDD.TPS:DSD_PRICES@DF_PRICES_ALL(1.0),ESP,A,N,CPI,IX,GD,N,_Z,2018,102.0046,A,,2015,,2
OECD.SDD.TPS:DSD_PRICES@DF_PRICES_ALL(1.0),ESP,A,N,CPI,PA,GD,N,GY,2018,1.912365,A,,,,2
OECD.SDD.TPS:DSD_PRICES@DF_PRICES_ALL(1.0),ESP,A,N,CPI,PC,GD,N,G1,2018,1.912365,A,,,,2
OECD.SDD.TPS:DSD_PRICES@DF_PRICES_ALL(1.0),ESP,A,N,CPI,PC,GD,N,G1,2019,-0.2259229,A,,,,2
OECD.SDD.TPS:DSD_PRICES@DF_PRICES_ALL(1.0),ESP,A,N,CPI,PA,GD,N,GY,2019,-0.2259229,A,,,,2
OECD.SDD.TPS:DSD_PRICES@DF_PRICES_ALL(1.0),ESP,A,N,CPI,IX,GD,N,_Z,2019,101.7741,A,,2015,,2
OECD.SDD.TPS:DSD_PRICES@DF_PRICES_ALL(1.0),ESP,A,N,CPI,IX,GD,N,_Z,2020,98.67879,A,,2015,,2
OECD.SDD.TPS:DSD_PRICES@DF_PRICES_ALL(1.0),ESP,A,N,CPI,PA,GD,N,GY,2020,-3.041346,A,,,,2
OECD.SDD.TPS:DSD_PRICES@DF_PRICES_ALL(1.0),ESP,A,N,CPI,PC,GD,N,G1,2020,-3.041346,A,,,,2
OECD.SDD.TPS:DSD_PRICES@DF_PRICES_ALL(1.0),ESP,A,N,CPI,PC,GD,N,G1,2021,7.00442,A,,,,2
OECD.SDD.TPS:DSD_PRICES@DF_PRICES_ALL(1.0),ESP,A,N,CPI,PA,GD,N,GY,2021,7.00442,A,,,,2
OECD.SDD.TPS:DSD_PRICES@DF_PRICES_ALL(1.0),ESP,A,N,CPI,IX,GD,N,_Z,2021,105.5907,A,,2015,,2
OECD.SDD.TPS:DSD_PRICES@DF_PRICES_ALL(1.0),ESP,A,N,CPI,IX,GD,N,_Z,2022,118.4622,A,,2015,,2
OECD.SDD.TPS:DSD_PRICES@DF_PRICES_ALL(1.0),ESP,A,N,CPI,PA,GD,N,GY,2022,12.19,A,,,,2
OECD.SDD.TPS:DSD_PRICES@DF_PRICES_ALL(1.0),ESP,A,N,CPI,PC,GD,N,G1,2022,12.19,A,,,,2
OECD.SDD.TPS:DSD_PRICES@DF_PRICES_ALL(1.0),ESP,A,N,CPI,PC,GD,N,G1,2023,-3.118371,A,,,,2
OECD.SDD.TPS:DSD_PRICES@DF_PRICES_ALL(1.0),ESP,A,N,CPI,PA,GD,N,GY,2023,-3.118371,A,,,,2
OECD.SDD.TPS:DSD_PRICES@DF_PRICES_ALL(1.0),ESP,A,N,CPI,IX,GD,N,_Z,2023,114.7681,A,,2015,,2
OECD.SDD.TPS:DSD_PRICES@DF_PRICES_ALL(1.0),ESP,A,N,CPI,IX,GD,N,_Z,2024,115.7944,A,,2015,,2
OECD.SDD.TPS:DSD_PRICES@DF_PRICES_ALL(1.0),ESP,A,N,CPI,PA,GD,N,GY,2024,0.8942742,A,,,,2
OECD.SDD.TPS:DSD_PRICES@DF_PRICES_ALL(1.0),ESP,A,N,CPI,PC,GD,N,G1,2024,0.8942742,A,,,,2
OECD.SDD.TPS:DSD_PRICES@DF_PRICES_ALL(1.0),ESP,A,N,CPI,PC,GD,N,G1,2025,1.475574,A,,,,2
OECD.SDD.TPS:DSD_PRICES@DF_PRICES_ALL(1.0),ESP,A,N,CPI,PA,GD,N,GY,2025,1.475574,A,,,,2
OECD.SDD.TPS:DSD_PRICES@DF_PRICES_ALL(1.0),ESP,A,N,CPI,IX,GD,N,_Z,2025,117.5031,A,,2015,,2
OECD.SDD.TPS:DSD_PRICES@DF_PRICES_ALL(1.0),SVN,A,N,CPI,PC,GD,N,G1,2015,-1.188212,A,,,,2
OECD.SDD.TPS:DSD_PRICES@DF_PRICES_ALL(1.0),SVN,A,N,CPI,PA,GD,N,GY,2015,-1.188212,A,,,,2
OECD.SDD.TPS:DSD_PRICES@DF_PRICES_ALL(1.0),SVN,A,N,CPI,IX,GD,N,_Z,2015,100,A,,2015,,2
OECD.SDD.TPS:DSD_PRICES@DF_PRICES_ALL(1.0),SVN,A,N,CPI,IX,GD,N,_Z,2016,99.2225,A,,2015,,2
OECD.SDD.TPS:DSD_PRICES@DF_PRICES_ALL(1.0),SVN,A,N,CPI,PA,GD,N,GY,2016,-0.7775,A,,,,2
OECD.SDD.TPS:DSD_PRICES@DF_PRICES_ALL(1.0),SVN,A,N,CPI,PC,GD,N,G1,2016,-0.7775,A,,,,2
OECD.SDD.TPS:DSD_PRICES@DF_PRICES_ALL(1.0),SVN,A,N,CPI,PC,GD,N,G1,2017,1.311027,A,,,,2
OECD.SDD.TPS:DSD_PRICES@DF_PRICES_ALL(1.0),SVN,A,N,CPI,PA,GD,N,GY,2017,1.311027,A,,,,2
OECD.SDD.TPS:DSD_PRICES@DF_PRICES_ALL(1.0),SVN,A,N,CPI,IX,GD,N,_Z,2017,100.5233,A,,2015,,2
OECD.SDD.TPS:DSD_PRICES@DF_PRICES_ALL(1.0),SVN,A,N,CPI,IX,GD,N,_Z,2018,102.05,A,,2015,,2
OECD.SDD.TPS:DSD_PRICES@DF_PRICES_ALL(1.0),SVN,A,N,CPI,PA,GD,N,GY,2018,1.518719,A,,,,2
OECD.SDD.TPS:DSD_PRICES@DF_PRICES_ALL(1.0),SVN,A,N,CPI,PC,GD,N,G1,2018,1.518719,A,,,,2
OECD.SDD.TPS:DSD_PRICES@DF_PRICES_ALL(1.0),SVN,A,N,CPI,PC,GD,N,G1,2019,0.9235669,A,,,,2
OECD.SDD.TPS:DSD_PRICES@DF_PRICES_ALL(1.0),SVN,A,N,CPI,PA,GD,N,GY,2019,0.9235669,A,,,,2
OECD.SDD.TPS:DSD_PRICES@DF_PRICES_ALL(1.0),SVN,A,N,CPI,IX,GD,N,_Z,2019,102.9925,A,,2015,,2
OECD.SDD.TPS:DSD_PRICES@DF_PRICES_ALL(1.0),SVN,A,N,CPI,IX,GD,N,_Z,2020,102.025,A,,2015,,2
OECD.SDD.TPS:DSD_PRICES@DF_PRICES_ALL(1.0),SVN,A,N,CPI,PA,GD,N,GY,2020,-0.9393888,A,,,,2
OECD.SDD.TPS:DSD_PRICES@DF_PRICES_ALL(1.0),SVN,A,N,CPI,PC,GD,N,G1,2020,-0.9393888,A,,,,2
OECD.SDD.TPS:DSD_PRICES@DF_PRICES_ALL(1.0),SVN,A,N,CPI,PC,GD,N,G1,2021,2.741158,A,,,,2
OECD.SDD.TPS:DSD_PRICES@DF_PRICES_ALL(1.0),SVN,A,N,CPI,PA,GD,N,GY,2021,2.741158,A,,,,2
OECD.SDD.TPS:DSD_PRICES@DF_PRICES_ALL(1.0),SVN,A,N,CPI,IX,GD,N,_Z,2021,104.8217,A,,2015,,2
OECD.SDD.TPS:DSD_PRICES@DF_PRICES_ALL(1.0),SVN,A,N,CPI,IX,GD,N,_Z,2022,116.1125,A,,2015,,2
OECD.SDD.TPS:DSD_PRICES@DF_PRICES_ALL(1.0),SVN,A,N,CPI,PA,GD,N,GY,2022,10.77147,A,,,,2
OECD.SDD.TPS:DSD_PRICES@DF_PRICES_ALL(1.0),SVN,A,N,CPI,PC,GD,N,G1,2022,10.77147,A,,,,2
OECD.SDD.TPS:DSD_PRICES@DF_PRICES_ALL(1.0),SVN,A,N,CPI,PC,GD,N,G1,2023,7.255177,A,,,,2
OECD.SDD.TPS:DSD_PRICES@DF_PRICES_ALL(1.0),SVN,A,N,CPI,PA,GD,N,GY,2023,7.255177,A,,,,2
OECD.SDD.TPS:DSD_PRICES@DF_PRICES_ALL(1.0),SVN,A,N,CPI,IX,GD,N,_Z,2023,124.5367,A,,2015,,2
OECD.SDD.TPS:DSD_PRICES@DF_PRICES_ALL(1.0),SVN,A,N,CPI,IX,GD,N,_Z,2024,125.63,A,,2015,,2
OECD.SDD.TPS:DSD_PRICES@DF_PRICES_ALL(1.0),SVN,A,N,CPI,PA,GD,N,GY,2024,0.8779208,A,,,,2
OECD.SDD.TPS:DSD_PRICES@DF_PRICES_ALL(1.0),SVN,A,N,CPI,PC,GD,N,G1,2024,0.8779208,A,,,,2
OECD.SDD.TPS:DSD_PRICES@DF_PRICES_ALL(1.0),SVN,A,N,CPI,PC,GD,N,G1,2025,2.024463,A,,,,2
OECD.SDD.TPS:DSD_PRICES@DF_PRICES_ALL(1.0),SVN,A,N,CPI,PA,GD,N,GY,2025,2.024463,A,,,,2
OECD.SDD.TPS:DSD_PRICES@DF_PRICES_ALL(1.0),SVN,A,N,CPI,IX,GD,N,_Z,2025,128.1733,A,,2015,,2
OECD.SDD.TPS:DSD_PRICES@DF_PRICES_ALL(1.0),LTU,A,N,CPI,PC,GD,N,G1,2015,-2.242094,A,,,,2
OECD.SDD.TPS:DSD_PRICES@DF_PRICES_ALL(1.0),LTU,A,N,CPI,IX,GD,N,_Z,2015,100,A,,2015,,2
OECD.SDD.TPS:DSD_PRICES@DF_PRICES_ALL(1.0),LTU,A,N,CPI,PA,GD,N,GY,2015,-2.242094,A,,,,2
OECD.SDD.TPS:DSD_PRICES@DF_PRICES_ALL(1.0),LTU,A,N,CPI,PA,GD,N,GY,2016,-0.09380832,A,,,,2
OECD.SDD.TPS:DSD_PRICES@DF_PRICES_ALL(1.0),LTU,A,N,CPI,IX,GD,N,_Z,2016,99.9062,A,,2015,,2
OECD.SDD.TPS:DSD_PRICES@DF_PRICES_ALL(1.0),LTU,A,N,CPI,PC,GD,N,G1,2016,-0.09380832,A,,,,2
OECD.SDD.TPS:DSD_PRICES@DF_PRICES_ALL(1.0),LTU,A,N,CPI,PC,GD,N,G1,2017,3.370995,A,,,,2
OECD.SDD.TPS:DSD_PRICES@DF_PRICES_ALL(1.0),LTU,A,N,CPI,IX,GD,N,_Z,2017,103.274,A,,2015,,2
OECD.SDD.TPS:DSD_PRICES@DF_PRICES_ALL(1.0),LTU,A,N,CPI,PA,GD,N,GY,2017,3.370995,A,,,,2
OECD.SDD.TPS:DSD_PRICES@DF_PRICES_ALL(1.0),LTU,A,N,CPI,PA,GD,N,GY,2018,2.08727,A,,,,2
OECD.SDD.TPS:DSD_PRICES@DF_PRICES_ALL(1.0),LTU,A,N,CPI,IX,GD,N,_Z,2018,105.4296,A,,2015,,2
OECD.SDD.TPS:DSD_PRICES@DF_PRICES_ALL(1.0),LTU,A,N,CPI,PC,GD,N,G1,2018,2.08727,A,,,,2
OECD.SDD.TPS:DSD_PRICES@DF_PRICES_ALL(1.0),LTU,A,N,CPI,PC,GD,N,G1,2019,1.487453,A,,,,2
OECD.SDD.TPS:DSD_PRICES@DF_PRICES_ALL(1.0),LTU,A,N,CPI,IX,GD,N,_Z,2019,106.9979,A,,2015,,2
OECD.SDD.TPS:DSD_PRICES@DF_PRICES_ALL(1.0),LTU,A,N,CPI,PA,GD,N,GY,2019,1.487453,A,,,,2
OECD.SDD.TPS:DSD_PRICES@DF_PRICES_ALL(1.0),LTU,A,N,CPI,PA,GD,N,GY,2020,-0.3092507,A,,,,2
OECD.SDD.TPS:DSD_PRICES@DF_PRICES_ALL(1.0),LTU,A,N,CPI,IX,GD,N,_Z,2020,106.667,A,,2015,,2
OECD.SDD.TPS:DSD_PRICES@DF_PRICES_ALL(1.0),LTU,A,N,CPI,PC,GD,N,G1,2020,-0.3092507,A,,,,2
OECD.SDD.TPS:DSD_PRICES@DF_PRICES_ALL(1.0),LTU,A,N,CPI,PC,GD,N,G1,2021,4.485956,A,,,,2
OECD.SDD.TPS:DSD_PRICES@DF_PRICES_ALL(1.0),LTU,A,N,CPI,IX,GD,N,_Z,2021,111.452,A,,2015,,2
OECD.SDD.TPS:DSD_PRICES@DF_PRICES_ALL(1.0),LTU,A,N,CPI,PA,GD,N,GY,2021,4.485956,A,,,,2
OECD.SDD.TPS:DSD_PRICES@DF_PRICES_ALL(1.0),LTU,A,N,CPI,PA,GD,N,GY,2022,22.99129,A,,,,2
OECD.SDD.TPS:DSD_PRICES@DF_PRICES_ALL(1.0),LTU,A,N,CPI,IX,GD,N,_Z,2022,137.0762,A,,2015,,2
OECD.SDD.TPS:DSD_PRICES@DF_PRICES_ALL(1.0),LTU,A,N,CPI,PC,GD,N,G1,2022,22.99129,A,,,,2
OECD.SDD.TPS:DSD_PRICES@DF_PRICES_ALL(1.0),LTU,A,N,CPI,PC,GD,N,G1,2023,8.67285,A,,,,2
OECD.SDD.TPS:DSD_PRICES@DF_PRICES_ALL(1.0),LTU,A,N,CPI,IX,GD,N,_Z,2023,148.9647,A,,2015,,2
OECD.SDD.TPS:DSD_PRICES@DF_PRICES_ALL(1.0),LTU,A,N,CPI,PA,GD,N,GY,2023,8.67285,A,,,,2
OECD.SDD.TPS:DSD_PRICES@DF_PRICES_ALL(1.0),LTU,A,N,CPI,PA,GD,N,GY,2024,-1.442255,A,,,,2
OECD.SDD.TPS:DSD_PRICES@DF_PRICES_ALL(1.0),LTU,A,N,CPI,IX,GD,N,_Z,2024,146.8162,A,,2015,,2
OECD.SDD.TPS:DSD_PRICES@DF_PRICES_ALL(1.0),LTU,A,N,CPI,PC,GD,N,G1,2024,-1.442255,A,,,,2
OECD.SDD.TPS:DSD_PRICES@DF_PRICES_ALL(1.0),LTU,A,N,CPI,PC,GD,N,G1,2025,2.850043,A,,,,2
OECD.SDD.TPS:DSD_PRICES@DF_PRICES_ALL(1.0),LTU,A,N,CPI,IX,GD,N,_Z,2025,151.0005,A,,2015,,2
OECD.SDD.TPS:DSD_PRICES@DF_PRICES_ALL(1.0),LTU,A,N,CPI,PA,GD,N,GY,2025,2.850043,A,,,,2
OECD.SDD.TPS:DSD_PRICES@DF_PRICES_ALL(1.0),LTU,A,N,CPI,IX,SERV,N,_Z,2015,100,A,,2015,,2
OECD.SDD.TPS:DSD_PRICES@DF_PRICES_ALL(1.0),LTU,A,N,CPI,PC,SERV,N,G1,2015,3.492322,A,,,,2
OECD.SDD.TPS:DSD_PRICES@DF_PRICES_ALL(1.0),LTU,A,N,CPI,PA,SERV,N,GY,2015,3.492322,A,,,,2
OECD.SDD.TPS:DSD_PRICES@DF_PRICES_ALL(1.0),LTU,A,N,CPI,PA,SERV,N,GY,2016,3.946417,A,,,,2
OECD.SDD.TPS:DSD_PRICES@DF_PRICES_ALL(1.0),LTU,A,N,CPI,PC,SERV,N,G1,2016,3.946417,A,,,,2
OECD.SDD.TPS:DSD_PRICES@DF_PRICES_ALL(1.0),LTU,A,N,CPI,IX,SERV,N,_Z,2016,103.9464,A,,2015,,2
OECD.SDD.TPS:DSD_PRICES@DF_PRICES_ALL(1.0),LTU,A,N,CPI,IX,SERV,N,_Z,2017,108.8728,A,,2015,,2
OECD.SDD.TPS:DSD_PRICES@DF_PRICES_ALL(1.0),LTU,A,N,CPI,PA,SERV,N,GY,2017,4.739333,A,,,,2
OECD.SDD.TPS:DSD_PRICES@DF_PRICES_ALL(1.0),LTU,A,N,CPI,PA,SERV,N,GY,2018,4.363066,A,,,,2
OECD.SDD.TPS:DSD_PRICES@DF_PRICES_ALL(1.0),LTU,A,N,CPI,PC,SERV,N,G1,2018,4.363066,A,,,,2
OECD.SDD.TPS:DSD_PRICES@DF_PRICES_ALL(1.0),LTU,A,N,CPI,IX,SERV,N,_Z,2018,113.623,A,,2015,,2
OECD.SDD.TPS:DSD_PRICES@DF_PRICES_ALL(1.0),LTU,A,N,CPI,IX,SERV,N,_Z,2019,118.7232,A,,2015,,2
OECD.SDD.TPS:DSD_PRICES@DF_PRICES_ALL(1.0),LTU,A,N,CPI,PC,SERV,N,G1,2019,4.488741,A,,,,2
OECD.SDD.TPS:DSD_PRICES@DF_PRICES_ALL(1.0),LTU,A,N,CPI,PA,SERV,N,GY,2019,4.488741,A,,,,2
OECD.SDD.TPS:DSD_PRICES@DF_PRICES_ALL(1.0),LTU,A,N,CPI,PC,SERV,N,G1,2020,4.735742,A,,,,2
OECD.SDD.TPS:DSD_PRICES@DF_PRICES_ALL(1.0),LTU,A,N,CPI,IX,SERV,N,_Z,2020,124.3456,A,,2015,,2
OECD.SDD.TPS:DSD_PRICES@DF_PRICES_ALL(1.0),LTU,A,N,CPI,IX,SERV,N,_Z,2021,130.6091,A,,2015,,2
OECD.SDD.TPS:DSD_PRICES@DF_PRICES_ALL(1.0),LTU,A,N,CPI,PC,SERV,N,G1,2021,5.037122,A,,,,2
OECD.SDD.TPS:DSD_PRICES@DF_PRICES_ALL(1.0),LTU,A,N,CPI,PA,SERV,N,GY,2021,5.037122,A,,,,2
OECD.SDD.TPS:DSD_PRICES@DF_PRICES_ALL(1.0),LTU,A,N,CPI,PA,SERV,N,GY,2022,11.85046,A,,,,2
OECD.SDD.TPS:DSD_PRICES@DF_PRICES_ALL(1.0),LTU,A,N,CPI,PC,SERV,N,G1,2022,11.85046,A,,,,2
OECD.SDD.TPS:DSD_PRICES@DF_PRICES_ALL(1.0),LTU,A,N,CPI,IX,SERV,N,_Z,2023,160.8081,A,,2015,,2
OECD.SDD.TPS:DSD_PRICES@DF_PRICES_ALL(1.0),LTU,A,N,CPI,PC,SERV,N,G1,2023,10.07703,A,,,,2
OECD.SDD.TPS:DSD_PRICES@DF_PRICES_ALL(1.0),LTU,A,N,CPI,PA,SERV,N,GY,2024,5.94597,A,,,,2
OECD.SDD.TPS:DSD_PRICES@DF_PRICES_ALL(1.0),LTU,A,N,CPI,IX,SERV,N,_Z,2024,170.3697,A,,2015,,2
OECD.SDD.TPS:DSD_PRICES@DF_PRICES_ALL(1.0),LTU,A,N,CPI,IX,SERV,N,_Z,2025,180.439,A,,2015,,2
OECD.SDD.TPS:DSD_PRICES@DF_PRICES_ALL(1.0),LTU,A,N,CPI,PC,SERV,N,G1,2025,5.91026,A,,,,2
OECD.SDD.TPS:DSD_PRICES@DF_PRICES_ALL(1.0),LTU,A,N,CPI,PA,SERV,N,GY,2025,5.91026,A,,,,2
OECD.SDD.TPS:DSD_PRICES@DF_PRICES_ALL(1.0),LVA,A,N,CPI,IX,SERV,N,_Z,2015,100,A,,2015,,2
OECD.SDD.TPS:DSD_PRICES@DF_PRICES_ALL(1.0),LVA,A,N,CPI,PC,SERV,N,G1,2015,2.545841,A,,,,2
OECD.SDD.TPS:DSD_PRICES@DF_PRICES_ALL(1.0),LVA,A,N,CPI,PA,SERV,N,GY,2015,2.545841,A,,,,2
OECD.SDD.TPS:DSD_PRICES@DF_PRICES_ALL(1.0),LVA,A,N,CPI,PA,SERV,N,GY,2016,2.185215,A,,,,2
OECD.SDD.TPS:DSD_PRICES@DF_PRICES_ALL(1.0),LVA,A,N,CPI,PC,SERV,N,G1,2016,2.185215,A,,,,2
OECD.SDD.TPS:DSD_PRICES@DF_PRICES_ALL(1.0),LVA,A,N,CPI,IX,SERV,N,_Z,2016,102.1852,A,,2015,,2
OECD.SDD.TPS:DSD_PRICES@DF_PRICES_ALL(1.0),LVA,A,N,CPI,PA,SERV,N,GY,2017,3.181574,A,,,,2
OECD.SDD.TPS:DSD_PRICES@DF_PRICES_ALL(1.0),LVA,A,N,CPI,PA,SERV,N,GY,2018,3.181467,A,,,,2
OECD.SDD.TPS:DSD_PRICES@DF_PRICES_ALL(1.0),LVA,A,N,CPI,PC,SERV,N,G1,2018,3.181467,A,,,,2
OECD.SDD.TPS:DSD_PRICES@DF_PRICES_ALL(1.0),LVA,A,N,CPI,IX,SERV,N,_Z,2018,108.7907,A,,2015,,2
OECD.SDD.TPS:DSD_PRICES@DF_PRICES_ALL(1.0),LVA,A,N,CPI,IX,SERV,N,_Z,2019,112.0254,A,,2015,,2
OECD.SDD.TPS:DSD_PRICES@DF_PRICES_ALL(1.0),LVA,A,N,CPI,PA,SERV,N,GY,2019,2.973305,A,,,,2
OECD.SDD.TPS:DSD_PRICES@DF_PRICES_ALL(1.0),LVA,A,N,CPI,PA,SERV,N,GY,2020,1.926857,A,,,,2
OECD.SDD.TPS:DSD_PRICES@DF_PRICES_ALL(1.0),LVA,A,N,CPI,PC,SERV,N,G1,2020,1.926857,A,,,,2
OECD.SDD.TPS:DSD_PRICES@DF_PRICES_ALL(1.0),LVA,A,N,CPI,IX,SERV,N,_Z,2020,114.184,A,,2015,,2
OECD.SDD.TPS:DSD_PRICES@DF_PRICES_ALL(1.0),LVA,A,N,CPI,IX,SERV,N,_Z,2021,116.5483,A,,2015,,2
OECD.SDD.TPS:DSD_PRICES@DF_PRICES_ALL(1.0),LVA,A,N,CPI,PC,SERV,N,G1,2021,2.07066,A,,,,2
OECD.SDD.TPS:DSD_PRICES@DF_PRICES_ALL(1.0),LVA,A,N,CPI,PA,SERV,N,GY,2022,8.095741,A,,,,2
OECD.SDD.TPS:DSD_PRICES@DF_PRICES_ALL(1.0),LVA,A,N,CPI,PC,SERV,N,G1,2022,8.095741,A,,,,2
OECD.SDD.TPS:DSD_PRICES@DF_PRICES_ALL(1.0),LVA,A,N,CPI,IX,SERV,N,_Z,2022,125.9838,A,,2015,,2
OECD.SDD.TPS:DSD_PRICES@DF_PRICES_ALL(1.0),LVA,A,N,CPI,PC,SERV,N,G1,2023,9.186334,A,,,,2
OECD.SDD.TPS:DSD_PRICES@DF_PRICES_ALL(1.0),LVA,A,N,CPI,PA,SERV,N,GY,2023,9.186334,A,,,,2
OECD.SDD.TPS:DSD_PRICES@DF_PRICES_ALL(1.0),LVA,A,N,CPI,PA,SERV,N,GY,2024,5.517278,A,,,,2
OECD.SDD.TPS:DSD_PRICES@DF_PRICES_ALL(1.0),LVA,A,N,CPI,PC,SERV,N,G1,2024,5.517278,A,,,,2
OECD.SDD.TPS:DSD_PRICES@DF_PRICES_ALL(1.0),LVA,A,N,CPI,IX,SERV,N,_Z,2024,145.1465,A,,2015,,2
OECD.SDD.TPS:DSD_PRICES@DF_PRICES_ALL(1.0),LVA,A,N,CPI,IX,SERV,N,_Z,2025,153.5172,A,,2015,,2
OECD.SDD.TPS:DSD_PRICES@DF_PRICES_ALL(1.0),LVA,A,N,CPI,PC,SERV,N,G1,2025,5.767087,A,,,,2
OECD.SDD.TPS:DSD_PRICES@DF_PRICES_ALL(1.0),SVN,A,N,CPI,PC,SERV,N,G1,2015,0.9489198,A,,,,2
OECD.SDD.TPS:DSD_PRICES@DF_PRICES_ALL(1.0),SVN,A,N,CPI,IX,SERV,N,_Z,2015,100,A,,2015,,2
OECD.SDD.TPS:DSD_PRICES@DF_PRICES_ALL(1.0),SVN,A,N,CPI,PA,SERV,N,GY,2015,0.9489198,A,,,,2
OECD.SDD.TPS:DSD_PRICES@DF_PRICES_ALL(1.0),SVN,A,N,CPI,PA,SERV,N,GY,2016,1.519167,A,,,,2
OECD.SDD.TPS:DSD_PRICES@DF_PRICES_ALL(1.0),SVN,A,N,CPI,IX,SERV,N,_Z,2016,101.5192,A,,2015,,2
OECD.SDD.TPS:DSD_PRICES@DF_PRICES_ALL(1.0),SVN,A,N,CPI,PC,SERV,N,G1,2017,1.671277,A,,,,2
OECD.SDD.TPS:DSD_PRICES@DF_PRICES_ALL(1.0),SVN,A,N,CPI,IX,SERV,N,_Z,2017,103.2158,A,,2015,,2
OECD.SDD.TPS:DSD_PRICES@DF_PRICES_ALL(1.0),SVN,A,N,CPI,PA,SERV,N,GY,2017,1.671277,A,,,,2
OECD.SDD.TPS:DSD_PRICES@DF_PRICES_ALL(1.0),SVN,A,N,CPI,IX,SERV,N,_Z,2018,105.4783,A,,2015,,2
OECD.SDD.TPS:DSD_PRICES@DF_PRICES_ALL(1.0),SVN,A,N,CPI,PC,SERV,N,G1,2018,2.192009,A,,,,2
OECD.SDD.TPS:DSD_PRICES@DF_PRICES_ALL(1.0),SVN,A,N,CPI,PC,SERV,N,G1,2019,3.100163,A,,,,2
OECD.SDD.TPS:DSD_PRICES@DF_PRICES_ALL(1.0),SVN,A,N,CPI,PA,SERV,N,GY,2020,1.617649,A,,,,2
OECD.SDD.TPS:DSD_PRICES@DF_PRICES_ALL(1.0),SVN,A,N,CPI,IX,SERV,N,_Z,2020,110.5075,A,,2015,,2
OECD.SDD.TPS:DSD_PRICES@DF_PRICES_ALL(1.0),SVN,A,N,CPI,PC,SERV,N,G1,2020,1.617649,A,,,,2
OECD.SDD.TPS:DSD_PRICES@DF_PRICES_ALL(1.0),SVN,A,N,CPI,IX,SERV,N,_Z,2021,110.9025,A,,2015,,2
OECD.SDD.TPS:DSD_PRICES@DF_PRICES_ALL(1.0),SVN,A,N,CPI,PA,SERV,N,GY,2021,0.3574418,A,,,,2
OECD.SDD.TPS:DSD_PRICES@DF_PRICES_ALL(1.0),SVN,A,N,CPI,PA,SERV,N,GY,2022,5.04422,A,,,,2
OECD.SDD.TPS:DSD_PRICES@DF_PRICES_ALL(1.0),SVN,A,N,CPI,PC,SERV,N,G1,2022,5.04422,A,,,,2
OECD.SDD.TPS:DSD_PRICES@DF_PRICES_ALL(1.0),SVN,A,N,CPI,PC,SERV,N,G1,2023,7.794214,A,,,,2
OECD.SDD.TPS:DSD_PRICES@DF_PRICES_ALL(1.0),SVN,A,N,CPI,IX,SERV,N,_Z,2023,125.5767,A,,2015,,2
OECD.SDD.TPS:DSD_PRICES@DF_PRICES_ALL(1.0),SVN,A,N,CPI,PA,SERV,N,GY,2023,7.794214,A,,,,2
OECD.SDD.TPS:DSD_PRICES@DF_PRICES_ALL(1.0),SVN,A,N,CPI,IX,SERV,N,_Z,2024,130.7942,A,,2015,,2
OECD.SDD.TPS:DSD_PRICES@DF_PRICES_ALL(1.0),SVN,A,N,CPI,IX,SERV,N,_Z,2025,134.7708,A,,2015,,2
OECD.SDD.TPS:DSD_PRICES@DF_PRICES_ALL(1.0),SVN,A,N,CPI,PA,SERV,N,GY,2025,3.040401,A,,,,2
OECD.SDD.TPS:DSD_PRICES@DF_PRICES_ALL(1.0),ARG,A,N,CPI,PC,SERV,N,G1,2018,38.38646,A,,,,2
OECD.SDD.TPS:DSD_PRICES@DF_PRICES_ALL(1.0),ARG,A,N,CPI,PA,SERV,N,GY,2018,38.38646,A,,,,2
OECD.SDD.TPS:DSD_PRICES@DF_PRICES_ALL(1.0),ARG,A,N,CPI,PA,SERV,N,GY,2019,46.3933,A,,,,2
OECD.SDD.TPS:DSD_PRICES@DF_PRICES_ALL(1.0),ARG,A,N,CPI,PC,SERV,N,G1,2020,29.71014,A,,,,2
OECD.SDD.TPS:DSD_PRICES@DF_PRICES_ALL(1.0),ARG,A,N,CPI,PA,SERV,N,GY,2021,36.23679,A,,,,2
OECD.SDD.TPS:DSD_PRICES@DF_PRICES_ALL(1.0),ARG,A,N,CPI,PC,SERV,N,G1,2021,36.23679,A,,,,2
OECD.SDD.TPS:DSD_PRICES@DF_PRICES_ALL(1.0),ARG,A,N,CPI,PC,SERV,N,G1,2022,64.68987,A,,,,2
OECD.SDD.TPS:DSD_PRICES@DF_PRICES_ALL(1.0),ARG,A,N,CPI,PA,SERV,N,GY,2022,64.68987,A,,,,2
OECD.SDD.TPS:DSD_PRICES@DF_PRICES_ALL(1.0),ARG,A,N,CPI,PA,SERV,N,GY,2023,123.461,A,,,,2
OECD.SDD.TPS:DSD_PRICES@DF_PRICES_ALL(1.0),ARG,A,N,CPI,PC,SERV,N,G1,2023,123.461,A,,,,2
OECD.SDD.TPS:DSD_PRICES@DF_PRICES_ALL(1.0),ARG,A,N,CPI,PC,SERV,N,G1,2024,239.7878,A,,,,2
OECD.SDD.TPS:DSD_PRICES@DF_PRICES_ALL(1.0),ARG,A,N,CPI,PA,SERV,N,GY,2024,239.7878,A,,,,2
OECD.SDD.TPS:DSD_PRICES@DF_PRICES_ALL(1.0),ARG,A,N,CPI,PA,SERV,N,GY,2025,65.62289,A,,,,2
OECD.SDD.TPS:DSD_PRICES@DF_PRICES_ALL(1.0),ARG,A,N,CPI,PC,SERV,N,G1,2025,65.62289,A,,,,2
OECD.SDD.TPS:DSD_PRICES@DF_PRICES_ALL(1.0),ESP,A,N,CPI,IX,SERV,N,_Z,2015,100,A,,2015,,2
OECD.SDD.TPS:DSD_PRICES@DF_PRICES_ALL(1.0),ESP,A,N,CPI,PC,SERV,N,G1,2015,0.6959006,A,,,,2
OECD.SDD.TPS:DSD_PRICES@DF_PRICES_ALL(1.0),ESP,A,N,CPI,PA,SERV,N,GY,2015,0.6959006,A,,,,2
OECD.SDD.TPS:DSD_PRICES@DF_PRICES_ALL(1.0),ESP,A,N,CPI,PA,SERV,N,GY,2016,1.062922,A,,,,2
OECD.SDD.TPS:DSD_PRICES@DF_PRICES_ALL(1.0),ESP,A,N,CPI,PC,SERV,N,G1,2016,1.062922,A,,,,2
OECD.SDD.TPS:DSD_PRICES@DF_PRICES_ALL(1.0),ESP,A,N,CPI,IX,SERV,N,_Z,2016,101.0629,A,,2015,,2
OECD.SDD.TPS:DSD_PRICES@DF_PRICES_ALL(1.0),ESP,A,N,CPI,IX,SERV,N,_Z,2017,102.6815,A,,2015,,2
OECD.SDD.TPS:DSD_PRICES@DF_PRICES_ALL(1.0),ESP,A,N,CPI,PC,SERV,N,G1,2017,1.601592,A,,,,2
OECD.SDD.TPS:DSD_PRICES@DF_PRICES_ALL(1.0),ESP,A,N,CPI,PA,SERV,N,GY,2017,1.601592,A,,,,2
OECD.SDD.TPS:DSD_PRICES@DF_PRICES_ALL(1.0),ESP,A,N,CPI,PA,SERV,N,GY,2018,1.494725,A,,,,2
OECD.SDD.TPS:DSD_PRICES@DF_PRICES_ALL(1.0),ESP,A,N,CPI,PC,SERV,N,G1,2018,1.494725,A,,,,2
OECD.SDD.TPS:DSD_PRICES@DF_PRICES_ALL(1.0),ESP,A,N,CPI,IX,SERV,N,_Z,2018,104.2163,A,,2015,,2
OECD.SDD.TPS:DSD_PRICES@DF_PRICES_ALL(1.0),ESP,A,N,CPI,IX,SERV,N,_Z,2019,105.6751,A,,2015,,2
OECD.SDD.TPS:DSD_PRICES@DF_PRICES_ALL(1.0),ESP,A,N,CPI,PC,SERV,N,G1,2019,1.399744,A,,,,2
OECD.SDD.TPS:DSD_PRICES@DF_PRICES_ALL(1.0),ESP,A,N,CPI,PA,SERV,N,GY,2019,1.399744,A,,,,2
OECD.SDD.TPS:DSD_PRICES@DF_PRICES_ALL(1.0),ESP,A,N,CPI,PA,SERV,N,GY,2020,0.7846376,A,,,,2
OECD.SDD.TPS:DSD_PRICES@DF_PRICES_ALL(1.0),ESP,A,N,CPI,PC,SERV,N,G1,2020,0.7846376,A,,,,2
OECD.SDD.TPS:DSD_PRICES@DF_PRICES_ALL(1.0),ESP,A,N,CPI,IX,SERV,N,_Z,2020,106.5043,A,,2015,,2
OECD.SDD.TPS:DSD_PRICES@DF_PRICES_ALL(1.0),ESP,A,N,CPI,IX,SERV,N,_Z,2021,107.1044,A,,2015,,2
OECD.SDD.TPS:DSD_PRICES@DF_PRICES_ALL(1.0),ESP,A,N,CPI,PC,SERV,N,G1,2021,0.5634907,A,,,,2
OECD.SDD.TPS:DSD_PRICES@DF_PRICES_ALL(1.0),ESP,A,N,CPI,PA,SERV,N,GY,2021,0.5634907,A,,,,2
OECD.SDD.TPS:DSD_PRICES@DF_PRICES_ALL(1.0),ESP,A,N,CPI,PC,SERV,N,G1,2022,3.34,A,,,,2
OECD.SDD.TPS:DSD_PRICES@DF_PRICES_ALL(1.0),ESP,A,N,CPI,IX,SERV,N,_Z,2022,110.6817,A,,2015,,2
OECD.SDD.TPS:DSD_PRICES@DF_PRICES_ALL(1.0),ESP,A,N,CPI,IX,SERV,N,_Z,2023,115.407,A,,2015,,2
OECD.SDD.TPS:DSD_PRICES@DF_PRICES_ALL(1.0),ESP,A,N,CPI,PC,SERV,N,G1,2023,4.269241,A,,,,2
OECD.SDD.TPS:DSD_PRICES@DF_PRICES_ALL(1.0),ESP,A,N,CPI,PA,SERV,N,GY,2023,4.269241,A,,,,2
OECD.SDD.TPS:DSD_PRICES@DF_PRICES_ALL(1.0),ESP,A,N,CPI,PA,SERV,N,GY,2024,3.532423,A,,,,2
OECD.SDD.TPS:DSD_PRICES@DF_PRICES_ALL(1.0),ESP,A,N,CPI,PC,SERV,N,G1,2024,3.532423,A,,,,2
OECD.SDD.TPS:DSD_PRICES@DF_PRICES_ALL(1.0),ESP,A,N,CPI,IX,SERV,N,_Z,2024,119.4836,A,,2015,,2
OECD.SDD.TPS:DSD_PRICES@DF_PRICES_ALL(1.0),ESP,A,N,CPI,PC,SERV,N,G1,2025,3.431844,A,,,,2
OECD.SDD.TPS:DSD_PRICES@DF_PRICES_ALL(1.0),ESP,A,N,CPI,PA,SERV,N,GY,2025,3.431844,A,,,,2
OECD.SDD.TPS:DSD_PRICES@DF_PRICES_ALL(1.0),LTU,A,N,CPI,IX,SERV,N,_Z,2022,146.0869,A,,2015,,2
OECD.SDD.TPS:DSD_PRICES@DF_PRICES_ALL(1.0),AUS,A,N,CPI,IX,SERV,N,_Z,2019,107.0949,A,,2015,,2
OECD.SDD.TPS:DSD_PRICES@DF_PRICES_ALL(1.0),AUS,A,N,CPI,IX,SERV,N,_Z,2022,114.6598,A,,2015,,2
OECD.SDD.TPS:DSD_PRICES@DF_PRICES_ALL(1.0),ESP,A,N,CPI,IX,SERV,N,_Z,2025,123.5841,A,,2015,,2
OECD.SDD.TPS:DSD_PRICES@DF_PRICES_ALL(1.0),SVN,A,N,CPI,IX,SERV,N,_Z,2019,108.7483,A,,2015,,2
OECD.SDD.TPS:DSD_PRICES@DF_PRICES_ALL(1.0),SVN,A,N,CPI,IX,SERV,N,_Z,2022,116.4967,A,,2015,,2
OECD.SDD.TPS:DSD_PRICES@DF_PRICES_ALL(1.0),LVA,A,N,CPI,IX,SERV,N,_Z,2017,105.4363,A,,2015,,2
OECD.SDD.TPS:DSD_PRICES@DF_PRICES_ALL(1.0),LVA,A,N,CPI,IX,SERV,N,_Z,2023,137.5571,A,,2015,,2
OECD.SDD.TPS:DSD_PRICES@DF_PRICES_ALL(1.0),ARG,A,N,CPI,PA,SERV,N,GY,2020,29.71014,A,,,,2
OECD.SDD.TPS:DSD_PRICES@DF_PRICES_ALL(1.0),LVA,A,N,CPI,PA,SERV,N,GY,2021,2.07066,A,,,,2
OECD.SDD.TPS:DSD_PRICES@DF_PRICES_ALL(1.0),LVA,A,N,CPI,PA,SERV,N,GY,2025,5.767087,A,,,,2
OECD.SDD.TPS:DSD_PRICES@DF_PRICES_ALL(1.0),ESP,A,N,CPI,PA,SERV,N,GY,2022,3.34,A,,,,2
OECD.SDD.TPS:DSD_PRICES@DF_PRICES_ALL(1.0),SVN,A,N,CPI,PA,SERV,N,GY,2018,2.192009,A,,,,2
OECD.SDD.TPS:DSD_PRICES@DF_PRICES_ALL(1.0),SVN,A,N,CPI,PA,SERV,N,GY,2019,3.100163,A,,,,2
OECD.SDD.TPS:DSD_PRICES@DF_PRICES_ALL(1.0),SVN,A,N,CPI,PA,SERV,N,GY,2024,4.154832,A,,,,2
OECD.SDD.TPS:DSD_PRICES@DF_PRICES_ALL(1.0),AUS,A,N,CPI,PA,SERV,N,GY,2023,5.680265,A,,,,2
OECD.SDD.TPS:DSD_PRICES@DF_PRICES_ALL(1.0),LTU,A,N,CPI,PA,SERV,N,GY,2020,4.735742,A,,,,2
OECD.SDD.TPS:DSD_PRICES@DF_PRICES_ALL(1.0),LTU,A,N,CPI,PA,SERV,N,GY,2023,10.07703,A,,,,2
OECD.SDD.TPS:DSD_PRICES@DF_PRICES_ALL(1.0),ARG,A,N,CPI,PC,SERV,N,G1,2019,46.3933,A,,,,2
OECD.SDD.TPS:DSD_PRICES@DF_PRICES_ALL(1.0),LVA,A,N,CPI,PC,SERV,N,G1,2017,3.181574,A,,,,2
OECD.SDD.TPS:DSD_PRICES@DF_PRICES_ALL(1.0),LVA,A,N,CPI,PC,SERV,N,G1,2019,2.973305,A,,,,2
OECD.SDD.TPS:DSD_PRICES@DF_PRICES_ALL(1.0),SVN,A,N,CPI,PC,SERV,N,G1,2016,1.519167,A,,,,2
OECD.SDD.TPS:DSD_PRICES@DF_PRICES_ALL(1.0),SVN,A,N,CPI,PC,SERV,N,G1,2021,0.3574418,A,,,,2
OECD.SDD.TPS:DSD_PRICES@DF_PRICES_ALL(1.0),SVN,A,N,CPI,PC,SERV,N,G1,2024,4.154832,A,,,,2
OECD.SDD.TPS:DSD_PRICES@DF_PRICES_ALL(1.0),SVN,A,N,CPI,PC,SERV,N,G1,2025,3.040401,A,,,,2
OECD.SDD.TPS:DSD_PRICES@DF_PRICES_ALL(1.0),LTU,A,N,CPI,PC,SERV,N,G1,2017,4.739333,A,,,,2
OECD.SDD.TPS:DSD_PRICES@DF_PRICES_ALL(1.0),LTU,A,N,CPI,PC,SERV,N,G1,2024,5.94597,A,,,,2
OECD.SDD.TPS:DSD_PRICES@DF_PRICES_ALL(1.0),ESP,A,N,CPI,PA,_T,N,GY,2015,-0.5003657,A,,,,2
OECD.SDD.TPS:DSD_PRICES@DF_PRICES_ALL(1.0),ESP,A,N,CPI,PA,_T,N,GY,2016,-0.202598,A,,,,2
OECD.SDD.TPS:DSD_PRICES@DF_PRICES_ALL(1.0),ESP,A,N,CPI,PA,_T,N,GY,2017,1.956076,A,,,,2
OECD.SDD.TPS:DSD_PRICES@DF_PRICES_ALL(1.0),ESP,A,N,CPI,PA,_T,N,GY,2018,1.674981,A,,,,2
OECD.SDD.TPS:DSD_PRICES@DF_PRICES_ALL(1.0),ESP,A,N,CPI,PA,_T,N,GY,2019,0.699519,A,,,,2
OECD.SDD.TPS:DSD_PRICES@DF_PRICES_ALL(1.0),ESP,A,N,CPI,PA,_T,N,GY,2020,-0.322753,A,,,,2
OECD.SDD.TPS:DSD_PRICES@DF_PRICES_ALL(1.0),ESP,A,N,CPI,PA,_T,N,GY,2021,3.093135,A,,,,2
OECD.SDD.TPS:DSD_PRICES@DF_PRICES_ALL(1.0),ESP,A,N,CPI,PA,_T,N,GY,2022,8.390576,A,,,,2
OECD.SDD.TPS:DSD_PRICES@DF_PRICES_ALL(1.0),ESP,A,N,CPI,PA,_T,N,GY,2023,3.532361,A,,,,2
OECD.SDD.TPS:DSD_PRICES@DF_PRICES_ALL(1.0),ESP,A,N,CPI,PA,_T,N,GY,2024,2.774178,A,,,,2
OECD.SDD.TPS:DSD_PRICES@DF_PRICES_ALL(1.0),ESP,A,N,CPI,PA,_T,N,GY,2025,2.673067,A,,,,2
OECD.SDD.TPS:DSD_PRICES@DF_PRICES_ALL(1.0),LVA,A,N,CPI,PA,_T,N,GY,2015,0.1742414,A,,,,2
OECD.SDD.TPS:DSD_PRICES@DF_PRICES_ALL(1.0),LVA,A,N,CPI,PA,_T,N,GY,2016,0.1406308,A,,,,2
OECD.SDD.TPS:DSD_PRICES@DF_PRICES_ALL(1.0),LVA,A,N,CPI,PA,_T,N,GY,2017,2.930369,A,,,,2
OECD.SDD.TPS:DSD_PRICES@DF_PRICES_ALL(1.0),LVA,A,N,CPI,PA,_T,N,GY,2018,2.53446,A,,,,2
OECD.SDD.TPS:DSD_PRICES@DF_PRICES_ALL(1.0),LVA,A,N,CPI,PA,_T,N,GY,2019,2.811403,A,,,,2
OECD.SDD.TPS:DSD_PRICES@DF_PRICES_ALL(1.0),LVA,A,N,CPI,PA,_T,N,GY,2020,0.2190611,A,,,,2
OECD.SDD.TPS:DSD_PRICES@DF_PRICES_ALL(1.0),LVA,A,N,CPI,PA,_T,N,GY,2021,3.275814,A,,,,2
OECD.SDD.TPS:DSD_PRICES@DF_PRICES_ALL(1.0),LVA,A,N,CPI,PA,_T,N,GY,2022,17.31029,A,,,,2
OECD.SDD.TPS:DSD_PRICES@DF_PRICES_ALL(1.0),LVA,A,N,CPI,PA,_T,N,GY,2023,8.938056,A,,,,2
OECD.SDD.TPS:DSD_PRICES@DF_PRICES_ALL(1.0),LVA,A,N,CPI,PA,_T,N,GY,2024,1.265798,A,,,,2
OECD.SDD.TPS:DSD_PRICES@DF_PRICES_ALL(1.0),LVA,A,N,CPI,PA,_T,N,GY,2025,3.74577,A,,,,2
OECD.SDD.TPS:DSD_PRICES@DF_PRICES_ALL(1.0),LTU,A,N,CPI,PA,_T,N,GY,2015,-0.8840974,A,,,,2
OECD.SDD.TPS:DSD_PRICES@DF_PRICES_ALL(1.0),LTU,A,N,CPI,PA,_T,N,GY,2016,0.9055251,A,,,,2
OECD.SDD.TPS:DSD_PRICES@DF_PRICES_ALL(1.0),LTU,A,N,CPI,PA,_T,N,GY,2017,3.722889,A,,,,2
OECD.SDD.TPS:DSD_PRICES@DF_PRICES_ALL(1.0),LTU,A,N,CPI,PA,_T,N,GY,2018,2.697928,A,,,,2
OECD.SDD.TPS:DSD_PRICES@DF_PRICES_ALL(1.0),LTU,A,N,CPI,PA,_T,N,GY,2019,2.334509,A,,,,2
OECD.SDD.TPS:DSD_PRICES@DF_PRICES_ALL(1.0),LTU,A,N,CPI,PA,_T,N,GY,2020,1.199894,A,,,,2
OECD.SDD.TPS:DSD_PRICES@DF_PRICES_ALL(1.0),LTU,A,N,CPI,PA,_T,N,GY,2021,4.683544,A,,,,2
OECD.SDD.TPS:DSD_PRICES@DF_PRICES_ALL(1.0),LTU,A,N,CPI,PA,_T,N,GY,2022,19.70505,A,,,,2
OECD.SDD.TPS:DSD_PRICES@DF_PRICES_ALL(1.0),LTU,A,N,CPI,PA,_T,N,GY,2023,9.11732,A,,,,2
OECD.SDD.TPS:DSD_PRICES@DF_PRICES_ALL(1.0),LTU,A,N,CPI,PA,_T,N,GY,2024,0.7157359,A,,,,2
OECD.SDD.TPS:DSD_PRICES@DF_PRICES_ALL(1.0),LTU,A,N,CPI,PA,_T,N,GY,2025,3.791705,A,,,,2
OECD.SDD.TPS:DSD_PRICES@DF_PRICES_ALL(1.0),SVN,A,N,CPI,PA,_T,N,GY,2015,-0.5255523,A,,,,2
OECD.SDD.TPS:DSD_PRICES@DF_PRICES_ALL(1.0),SVN,A,N,CPI,PA,_T,N,GY,2016,-0.05499954,A,,,,2
OECD.SDD.TPS:DSD_PRICES@DF_PRICES_ALL(1.0),SVN,A,N,CPI,PA,_T,N,GY,2017,1.429107,A,,,,2
OECD.SDD.TPS:DSD_PRICES@DF_PRICES_ALL(1.0),SVN,A,N,CPI,PA,_T,N,GY,2018,1.738609,A,,,,2
OECD.SDD.TPS:DSD_PRICES@DF_PRICES_ALL(1.0),SVN,A,N,CPI,PA,_T,N,GY,2019,1.630523,A,,,,2
OECD.SDD.TPS:DSD_PRICES@DF_PRICES_ALL(1.0),SVN,A,N,CPI,PA,_T,N,GY,2020,-0.05485681,A,,,,2
OECD.SDD.TPS:DSD_PRICES@DF_PRICES_ALL(1.0),SVN,A,N,CPI,PA,_T,N,GY,2021,1.917065,A,,,,2
OECD.SDD.TPS:DSD_PRICES@DF_PRICES_ALL(1.0),SVN,A,N,CPI,PA,_T,N,GY,2022,8.833699,A,,,,2
OECD.SDD.TPS:DSD_PRICES@DF_PRICES_ALL(1.0),SVN,A,N,CPI,PA,_T,N,GY,2023,7.446877,A,,,,2
OECD.SDD.TPS:DSD_PRICES@DF_PRICES_ALL(1.0),SVN,A,N,CPI,PA,_T,N,GY,2024,1.965627,A,,,,2
OECD.SDD.TPS:DSD_PRICES@DF_PRICES_ALL(1.0),SVN,A,N,CPI,PA,_T,N,GY,2025,2.372848,A,,,,2
OECD.SDD.TPS:DSD_PRICES@DF_PRICES_ALL(1.0),G7,A,N,CPI,PA,_T,N,GY,2015,0.2970201,A,,,,2
OECD.SDD.TPS:DSD_PRICES@DF_PRICES_ALL(1.0),G7,A,N,CPI,PA,_T,N,GY,2016,0.8657515,A,,,,2
OECD.SDD.TPS:DSD_PRICES@DF_PRICES_ALL(1.0),G7,A,N,CPI,PA,_T,N,GY,2017,1.767696,A,,,,2
OECD.SDD.TPS:DSD_PRICES@DF_PRICES_ALL(1.0),G7,A,N,CPI,PA,_T,N,GY,2018,2.087338,A,,,,2
OECD.SDD.TPS:DSD_PRICES@DF_PRICES_ALL(1.0),G7,A,N,CPI,PA,_T,N,GY,2019,1.519991,A,,,,2
OECD.SDD.TPS:DSD_PRICES@DF_PRICES_ALL(1.0),G7,A,N,CPI,PA,_T,N,GY,2020,0.8324586,A,,,,2
OECD.SDD.TPS:DSD_PRICES@DF_PRICES_ALL(1.0),G7,A,N,CPI,PA,_T,N,GY,2021,3.474216,A,,,,2
OECD.SDD.TPS:DSD_PRICES@DF_PRICES_ALL(1.0),G7,A,N,CPI,PA,_T,N,GY,2022,7.11762,A,,,,2
OECD.SDD.TPS:DSD_PRICES@DF_PRICES_ALL(1.0),G7,A,N,CPI,PA,_T,N,GY,2023,4.498626,A,,,,2
OECD.SDD.TPS:DSD_PRICES@DF_PRICES_ALL(1.0),G7,A,N,CPI,PA,_T,N,GY,2024,2.687062,A,,,,2
OECD.SDD.TPS:DSD_PRICES@DF_PRICES_ALL(1.0),G20,A,N,CPI,PA,_T,N,GY,2015,2.355515,A,,,,2
OECD.SDD.TPS:DSD_PRICES@DF_PRICES_ALL(1.0),G20,A,N,CPI,PA,_T,N,GY,2016,2.251616,A,,,,2
OECD.SDD.TPS:DSD_PRICES@DF_PRICES_ALL(1.0),G20,A,N,CPI,PA,_T,N,GY,2017,2.348886,A,,,,2
OECD.SDD.TPS:DSD_PRICES@DF_PRICES_ALL(1.0),G20,A,N,CPI,PA,_T,N,GY,2018,3.213074,A,,,,2
OECD.SDD.TPS:DSD_PRICES@DF_PRICES_ALL(1.0),G20,A,N,CPI,PA,_T,N,GY,2019,3.53571,A,,,,2
OECD.SDD.TPS:DSD_PRICES@DF_PRICES_ALL(1.0),G20,A,N,CPI,PA,_T,N,GY,2020,2.674468,A,,,,2
OECD.SDD.TPS:DSD_PRICES@DF_PRICES_ALL(1.0),G20,A,N,CPI,PA,_T,N,GY,2021,4.274971,A,,,,2
OECD.SDD.TPS:DSD_PRICES@DF_PRICES_ALL(1.0),G20,A,N,CPI,PA,_T,N,GY,2022,8.587525,A,,,,2
OECD.SDD.TPS:DSD_PRICES@DF_PRICES_ALL(1.0),G20,A,N,CPI,PA,_T,N,GY,2023,6.654664,A,,,,2
OECD.SDD.TPS:DSD_PRICES@DF_PRICES_ALL(1.0),G20,A,N,CPI,PA,_T,N,GY,2024,6.520419,A,,,,2
OECD.SDD.TPS:DSD_PRICES@DF_PRICES_ALL(1.0),EA20,A,N,CPI,PA,_T,N,GY,2015,0.2,A,,,,2
OECD.SDD.TPS:DSD_PRICES@DF_PRICES_ALL(1.0),EA20,A,N,CPI,PA,_T,N,GY,2016,0.2,A,,,,2
OECD.SDD.TPS:DSD_PRICES@DF_PRICES_ALL(1.0),EA20,A,N,CPI,PA,_T,N,GY,2017,1.5,A,,,,2
OECD.SDD.TPS:DSD_PRICES@DF_PRICES_ALL(1.0),EA20,A,N,CPI,PA,_T,N,GY,2018,1.8,A,,,,2
OECD.SDD.TPS:DSD_PRICES@DF_PRICES_ALL(1.0),EA20,A,N,CPI,PA,_T,N,GY,2019,1.2,A,,,,2
OECD.SDD.TPS:DSD_PRICES@DF_PRICES_ALL(1.0),EA20,A,N,CPI,PA,_T,N,GY,2020,0.3,A,,,,2
OECD.SDD.TPS:DSD_PRICES@DF_PRICES_ALL(1.0),EA20,A,N,CPI,PA,_T,N,GY,2021,2.6,A,,,,2
OECD.SDD.TPS:DSD_PRICES@DF_PRICES_ALL(1.0),EA20,A,N,CPI,PA,_T,N,GY,2022,8.4,A,,,,2
OECD.SDD.TPS:DSD_PRICES@DF_PRICES_ALL(1.0),EA20,A,N,CPI,PA,_T,N,GY,2023,5.4,A,,,,2
OECD.SDD.TPS:DSD_PRICES@DF_PRICES_ALL(1.0),EA20,A,N,CPI,PA,_T,N,GY,2024,2.4,A,,,,2
OECD.SDD.TPS:DSD_PRICES@DF_PRICES_ALL(1.0),EA20,A,N,CPI,PA,_T,N,GY,2025,2.1,A,,,,2
OECD.SDD.TPS:DSD_PRICES@DF_PRICES_ALL(1.0),EU27_2020,A,N,CPI,PA,_T,N,GY,2015,0.1,A,,,,2
OECD.SDD.TPS:DSD_PRICES@DF_PRICES_ALL(1.0),EU27_2020,A,N,CPI,PA,_T,N,GY,2016,0.2,A,,,,2
OECD.SDD.TPS:DSD_PRICES@DF_PRICES_ALL(1.0),EU27_2020,A,N,CPI,PA,_T,N,GY,2017,1.6,A,,,,2
OECD.SDD.TPS:DSD_PRICES@DF_PRICES_ALL(1.0),EU27_2020,A,N,CPI,PA,_T,N,GY,2018,1.8,A,,,,2
OECD.SDD.TPS:DSD_PRICES@DF_PRICES_ALL(1.0),EU27_2020,A,N,CPI,PA,_T,N,GY,2019,1.4,A,,,,2
OECD.SDD.TPS:DSD_PRICES@DF_PRICES_ALL(1.0),EU27_2020,A,N,CPI,PA,_T,N,GY,2020,0.7,A,,,,2
OECD.SDD.TPS:DSD_PRICES@DF_PRICES_ALL(1.0),EU27_2020,A,N,CPI,PA,_T,N,GY,2021,2.9,A,,,,2
OECD.SDD.TPS:DSD_PRICES@DF_PRICES_ALL(1.0),EU27_2020,A,N,CPI,PA,_T,N,GY,2022,9.2,A,,,,2
OECD.SDD.TPS:DSD_PRICES@DF_PRICES_ALL(1.0),EU27_2020,A,N,CPI,PA,_T,N,GY,2023,6.4,A,,,,2
OECD.SDD.TPS:DSD_PRICES@DF_PRICES_ALL(1.0),EU27_2020,A,N,CPI,PA,_T,N,GY,2024,2.6,A,,,,2
OECD.SDD.TPS:DSD_PRICES@DF_PRICES_ALL(1.0),EU27_2020,A,N,CPI,PA,_T,N,GY,2025,2.5,A,,,,2
OECD.SDD.TPS:DSD_PRICES@DF_PRICES_ALL(1.0),OECD,A,N,CPI,PA,_T,N,GY,2015,0.6835095,A,,,,2
OECD.SDD.TPS:DSD_PRICES@DF_PRICES_ALL(1.0),OECDE,A,N,CPI,PA,_T,N,GY,2015,0.7110267,A,,,,2
OECD.SDD.TPS:DSD_PRICES@DF_PRICES_ALL(1.0),ARG,A,N,CPI,PA,_T,N,GY,2018,34.27723,A,,,,2
OECD.SDD.TPS:DSD_PRICES@DF_PRICES_ALL(1.0),ARG,A,N,CPI,PA,_T,N,GY,2019,53.54831,A,,,,2
OECD.SDD.TPS:DSD_PRICES@DF_PRICES_ALL(1.0),ARG,A,N,CPI,PA,_T,N,GY,2020,42.01509,A,,,,2
OECD.SDD.TPS:DSD_PRICES@DF_PRICES_ALL(1.0),ARG,A,N,CPI,PA,_T,N,GY,2021,48.40938,A,,,,2
OECD.SDD.TPS:DSD_PRICES@DF_PRICES_ALL(1.0),ARG,A,N,CPI,PA,_T,N,GY,2022,72.43076,A,,,,2
OECD.SDD.TPS:DSD_PRICES@DF_PRICES_ALL(1.0),ARG,A,N,CPI,PA,_T,N,GY,2023,133.4889,A,,,,2
OECD.SDD.TPS:DSD_PRICES@DF_PRICES_ALL(1.0),ARG,A,N,CPI,PA,_T,N,GY,2024,219.8845,A,,,,2
OECD.SDD.TPS:DSD_PRICES@DF_PRICES_ALL(1.0),ARG,A,N,CPI,PA,_T,N,GY,2025,41.92044,A,,,,2
OECD.SDD.TPS:DSD_PRICES@DF_PRICES_ALL(1.0),BRA,A,N,CPI,PA,_T,N,GY,2015,9.029901,A,,,,2
OECD.SDD.TPS:DSD_PRICES@DF_PRICES_ALL(1.0),BRA,A,N,CPI,PA,_T,N,GY,2016,8.739143,A,,,,2
OECD.SDD.TPS:DSD_PRICES@DF_PRICES_ALL(1.0),BRA,A,N,CPI,PA,_T,N,GY,2017,3.446373,A,,,,2
OECD.SDD.TPS:DSD_PRICES@DF_PRICES_ALL(1.0),BRA,A,N,CPI,PA,_T,N,GY,2018,3.66485,A,,,,2
OECD.SDD.TPS:DSD_PRICES@DF_PRICES_ALL(1.0),BRA,A,N,CPI,PA,_T,N,GY,2019,3.732976,A,,,,2
OECD.SDD.TPS:DSD_PRICES@DF_PRICES_ALL(1.0),BRA,A,N,CPI,PA,_T,N,GY,2020,3.211768,A,,,,2
OECD.SDD.TPS:DSD_PRICES@DF_PRICES_ALL(1.0),BRA,A,N,CPI,PA,_T,N,GY,2021,8.30166,A,,,,2
OECD.SDD.TPS:DSD_PRICES@DF_PRICES_ALL(1.0),BRA,A,N,CPI,PA,_T,N,GY,2022,9.280107,A,,,,2
OECD.SDD.TPS:DSD_PRICES@DF_PRICES_ALL(1.0),BRA,A,N,CPI,PA,_T,N,GY,2023,4.593563,A,,,,2
OECD.SDD.TPS:DSD_PRICES@DF_PRICES_ALL(1.0),BRA,A,N,CPI,PA,_T,N,GY,2024,4.367464,A,,,,2
OECD.SDD.TPS:DSD_PRICES@DF_PRICES_ALL(1.0),BRA,A,N,CPI,PA,_T,N,GY,2025,5.016753,A,,,,2
OECD.SDD.TPS:DSD_PRICES@DF_PRICES_ALL(1.0),BGR,A,N,CPI,PA,_T,N,GY,2015,-0.1046333,A,,,,2
OECD.SDD.TPS:DSD_PRICES@DF_PRICES_ALL(1.0),BGR,A,N,CPI,PA,_T,N,GY,2016,-0.7986535,A,,,,2
OECD.SDD.TPS:DSD_PRICES@DF_PRICES_ALL(1.0),BGR,A,N,CPI,PA,_T,N,GY,2017,2.061594,A,,,,2
OECD.SDD.TPS:DSD_PRICES@DF_PRICES_ALL(1.0),BGR,A,N,CPI,PA,_T,N,GY,2018,2.814551,A,,,,2
OECD.SDD.TPS:DSD_PRICES@DF_PRICES_ALL(1.0),BGR,A,N,CPI,PA,_T,N,GY,2019,3.103729,A,,,,2
OECD.SDD.TPS:DSD_PRICES@DF_PRICES_ALL(1.0),BGR,A,N,CPI,PA,_T,N,GY,2020,1.672439,A,,,,2
OECD.SDD.TPS:DSD_PRICES@DF_PRICES_ALL(1.0),BGR,A,N,CPI,PA,_T,N,GY,2021,3.297195,A,,,,2
OECD.SDD.TPS:DSD_PRICES@DF_PRICES_ALL(1.0),BGR,A,N,CPI,PA,_T,N,GY,2022,15.33337,A,,,,2
OECD.SDD.TPS:DSD_PRICES@DF_PRICES_ALL(1.0),BGR,A,N,CPI,PA,_T,N,GY,2023,9.459093,A,,,,2
OECD.SDD.TPS:DSD_PRICES@DF_PRICES_ALL(1.0),BGR,A,N,CPI,PA,_T,N,GY,2024,2.424649,A,,,,2
OECD.SDD.TPS:DSD_PRICES@DF_PRICES_ALL(1.0),BGR,A,N,CPI,PA,_T,N,GY,2025,4.580845,A,,,,2
OECD.SDD.TPS:DSD_PRICES@DF_PRICES_ALL(1.0),CHN,A,N,CPI,PA,_T,N,GY,2015,1.4,A,,,,2
OECD.SDD.TPS:DSD_PRICES@DF_PRICES_ALL(1.0),CHN,A,N,CPI,PA,_T,N,GY,2016,2,A,,,,2
OECD.SDD.TPS:DSD_PRICES@DF_PRICES_ALL(1.0),CHN,A,N,CPI,PA,_T,N,GY,2017,1.6,A,,,,2
OECD.SDD.TPS:DSD_PRICES@DF_PRICES_ALL(1.0),CHN,A,N,CPI,PA,_T,N,GY,2018,2.1,A,,,,2
OECD.SDD.TPS:DSD_PRICES@DF_PRICES_ALL(1.0),CHN,A,N,CPI,PA,_T,N,GY,2019,2.9,A,,,,2
OECD.SDD.TPS:DSD_PRICES@DF_PRICES_ALL(1.0),CHN,A,N,CPI,PA,_T,N,GY,2020,2.5,A,,,,2
OECD.SDD.TPS:DSD_PRICES@DF_PRICES_ALL(1.0),CHN,A,N,CPI,PA,_T,N,GY,2021,0.9,A,,,,2
OECD.SDD.TPS:DSD_PRICES@DF_PRICES_ALL(1.0),CHN,A,N,CPI,PA,_T,N,GY,2022,2,A,,,,2
OECD.SDD.TPS:DSD_PRICES@DF_PRICES_ALL(1.0),CHN,A,N,CPI,PA,_T,N,GY,2023,0.2,A,,,,2
OECD.SDD.TPS:DSD_PRICES@DF_PRICES_ALL(1.0),CHN,A,N,CPI,PA,_T,N,GY,2024,0.2,A,,,,2
OECD.SDD.TPS:DSD_PRICES@DF_PRICES_ALL(1.0),CHN,A,N,CPI,PA,_T,N,GY,2025,0,A,,,,2
OECD.SDD.TPS:DSD_PRICES@DF_PRICES_ALL(1.0),AUS,A,N,CPI,PA,_T,N,GY,2015,1.508367,A,,,,2
OECD.SDD.TPS:DSD_PRICES@DF_PRICES_ALL(1.0),AUS,A,N,CPI,PA,_T,N,GY,2016,1.276991,A,,,,2
OECD.SDD.TPS:DSD_PRICES@DF_PRICES_ALL(1.0),AUS,A,N,CPI,PA,_T,N,GY,2017,1.948647,A,,,,2
OECD.SDD.TPS:DSD_PRICES@DF_PRICES_ALL(1.0),AUS,A,N,CPI,PA,_T,N,GY,2018,1.911401,A,,,,2
OECD.SDD.TPS:DSD_PRICES@DF_PRICES_ALL(1.0),AUS,A,N,CPI,PA,_T,N,GY,2019,1.610768,A,,,,2
OECD.SDD.TPS:DSD_PRICES@DF_PRICES_ALL(1.0),AUS,A,N,CPI,PA,_T,N,GY,2020,0.8469055,A,,,,2
OECD.SDD.TPS:DSD_PRICES@DF_PRICES_ALL(1.0),AUS,A,N,CPI,PA,_T,N,GY,2021,2.86391,A,,,,2
OECD.SDD.TPS:DSD_PRICES@DF_PRICES_ALL(1.0),AUS,A,N,CPI,PA,_T,N,GY,2022,6.594097,A,,,,2
OECD.SDD.TPS:DSD_PRICES@DF_PRICES_ALL(1.0),AUS,A,N,CPI,PA,_T,N,GY,2023,5.597015,A,,,,2
OECD.SDD.TPS:DSD_PRICES@DF_PRICES_ALL(1.0),AUS,A,N,CPI,PA,_T,N,GY,2024,3.16657,A,,,,2
OECD.SDD.TPS:DSD_PRICES@DF_PRICES_ALL(1.0),AUS,A,N,CPI,PA,_T,N,GY,2025,2.874038,A,,,,2
OECD.SDD.TPS:DSD_PRICES@DF_PRICES_ALL(1.0),AUS,A,N,CPI,PC,_T,N,G1,2015,1.508367,A,,,,2
OECD.SDD.TPS:DSD_PRICES@DF_PRICES_ALL(1.0),AUS,A,N,CPI,PC,_T,N,G1,2016,1.276991,A,,,,2
OECD.SDD.TPS:DSD_PRICES@DF_PRICES_ALL(1.0),AUS,A,N,CPI,PC,_T,N,G1,2017,1.948647,A,,,,2
OECD.SDD.TPS:DSD_PRICES@DF_PRICES_ALL(1.0),AUS,A,N,CPI,PC,_T,N,G1,2018,1.911401,A,,,,2
OECD.SDD.TPS:DSD_PRICES@DF_PRICES_ALL(1.0),AUS,A,N,CPI,PC,_T,N,G1,2019,1.610768,A,,,,2
OECD.SDD.TPS:DSD_PRICES@DF_PRICES_ALL(1.0),AUS,A,N,CPI,PC,_T,N,G1,2020,0.8469055,A,,,,2
OECD.SDD.TPS:DSD_PRICES@DF_PRICES_ALL(1.0),AUS,A,N,CPI,PC,_T,N,G1,2021,2.86391,A,,,,2
OECD.SDD.TPS:DSD_PRICES@DF_PRICES_ALL(1.0),AUS,A,N,CPI,PC,_T,N,G1,2022,6.594097,A,,,,2
OECD.SDD.TPS:DSD_PRICES@DF_PRICES_ALL(1.0),AUS,A,N,CPI,PC,_T,N,G1,2023,5.597015,A,,,,2
OECD.SDD.TPS:DSD_PRICES@DF_PRICES_ALL(1.0),AUS,A,N,CPI,PC,_T,N,G1,2024,3.16657,A,,,,2
OECD.SDD.TPS:DSD_PRICES@DF_PRICES_ALL(1.0),AUS,A,N,CPI,PC,_T,N,G1,2025,2.874038,A,,,,2
OECD.SDD.TPS:DSD_PRICES@DF_PRICES_ALL(1.0),ESP,A,N,CPI,PC,_T,N,G1,2015,-0.5003657,A,,,,2
OECD.SDD.TPS:DSD_PRICES@DF_PRICES_ALL(1.0),ESP,A,N,CPI,PC,_T,N,G1,2016,-0.202598,A,,,,2
OECD.SDD.TPS:DSD_PRICES@DF_PRICES_ALL(1.0),ESP,A,N,CPI,PC,_T,N,G1,2017,1.956076,A,,,,2
OECD.SDD.TPS:DSD_PRICES@DF_PRICES_ALL(1.0),ESP,A,N,CPI,PC,_T,N,G1,2018,1.674981,A,,,,2
OECD.SDD.TPS:DSD_PRICES@DF_PRICES_ALL(1.0),ESP,A,N,CPI,PC,_T,N,G1,2019,0.699519,A,,,,2
OECD.SDD.TPS:DSD_PRICES@DF_PRICES_ALL(1.0),ESP,A,N,CPI,PC,_T,N,G1,2020,-0.322753,A,,,,2
OECD.SDD.TPS:DSD_PRICES@DF_PRICES_ALL(1.0),ESP,A,N,CPI,PC,_T,N,G1,2021,3.093135,A,,,,2
OECD.SDD.TPS:DSD_PRICES@DF_PRICES_ALL(1.0),ESP,A,N,CPI,PC,_T,N,G1,2022,8.390576,A,,,,2
OECD.SDD.TPS:DSD_PRICES@DF_PRICES_ALL(1.0),ESP,A,N,CPI,PC,_T,N,G1,2023,3.532361,A,,,,2
OECD.SDD.TPS:DSD_PRICES@DF_PRICES_ALL(1.0),ESP,A,N,CPI,PC,_T,N,G1,2024,2.774178,A,,,,2
OECD.SDD.TPS:DSD_PRICES@DF_PRICES_ALL(1.0),ESP,A,N,CPI,PC,_T,N,G1,2025,2.673067,A,,,,2
OECD.SDD.TPS:DSD_PRICES@DF_PRICES_ALL(1.0),LVA,A,N,CPI,PC,_T,N,G1,2015,0.1742414,A,,,,2
OECD.SDD.TPS:DSD_PRICES@DF_PRICES_ALL(1.0),LVA,A,N,CPI,PC,_T,N,G1,2016,0.1406308,A,,,,2
OECD.SDD.TPS:DSD_PRICES@DF_PRICES_ALL(1.0),LVA,A,N,CPI,PC,_T,N,G1,2017,2.930369,A,,,,2
OECD.SDD.TPS:DSD_PRICES@DF_PRICES_ALL(1.0),LVA,A,N,CPI,PC,_T,N,G1,2018,2.53446,A,,,,2
OECD.SDD.TPS:DSD_PRICES@DF_PRICES_ALL(1.0),LVA,A,N,CPI,PC,_T,N,G1,2019,2.811403,A,,,,2
OECD.SDD.TPS:DSD_PRICES@DF_PRICES_ALL(1.0),LVA,A,N,CPI,PC,_T,N,G1,2020,0.2190611,A,,,,2
OECD.SDD.TPS:DSD_PRICES@DF_PRICES_ALL(1.0),LVA,A,N,CPI,PC,_T,N,G1,2021,3.275814,A,,,,2
OECD.SDD.TPS:DSD_PRICES@DF_PRICES_ALL(1.0),LVA,A,N,CPI,PC,_T,N,G1,2022,17.31029,A,,,,2
OECD.SDD.TPS:DSD_PRICES@DF_PRICES_ALL(1.0),LVA,A,N,CPI,PC,_T,N,G1,2023,8.938056,A,,,,2
OECD.SDD.TPS:DSD_PRICES@DF_PRICES_ALL(1.0),LVA,A,N,CPI,PC,_T,N,G1,2024,1.265798,A,,,,2
OECD.SDD.TPS:DSD_PRICES@DF_PRICES_ALL(1.0),LVA,A,N,CPI,PC,_T,N,G1,2025,3.74577,A,,,,2
OECD.SDD.TPS:DSD_PRICES@DF_PRICES_ALL(1.0),LTU,A,N,CPI,PC,_T,N,G1,2015,-0.8840974,A,,,,2
OECD.SDD.TPS:DSD_PRICES@DF_PRICES_ALL(1.0),LTU,A,N,CPI,PC,_T,N,G1,2016,0.9055251,A,,,,2
OECD.SDD.TPS:DSD_PRICES@DF_PRICES_ALL(1.0),LTU,A,N,CPI,PC,_T,N,G1,2017,3.722889,A,,,,2
OECD.SDD.TPS:DSD_PRICES@DF_PRICES_ALL(1.0),LTU,A,N,CPI,PC,_T,N,G1,2018,2.697928,A,,,,2
OECD.SDD.TPS:DSD_PRICES@DF_PRICES_ALL(1.0),LTU,A,N,CPI,PC,_T,N,G1,2019,2.334509,A,,,,2
OECD.SDD.TPS:DSD_PRICES@DF_PRICES_ALL(1.0),LTU,A,N,CPI,PC,_T,N,G1,2020,1.199894,A,,,,2
OECD.SDD.TPS:DSD_PRICES@DF_PRICES_ALL(1.0),LTU,A,N,CPI,PC,_T,N,G1,2021,4.683544,A,,,,2
OECD.SDD.TPS:DSD_PRICES@DF_PRICES_ALL(1.0),LTU,A,N,CPI,PC,_T,N,G1,2022,19.70505,A,,,,2
OECD.SDD.TPS:DSD_PRICES@DF_PRICES_ALL(1.0),LTU,A,N,CPI,PC,_T,N,G1,2023,9.11732,A,,,,2
OECD.SDD.TPS:DSD_PRICES@DF_PRICES_ALL(1.0),LTU,A,N,CPI,PC,_T,N,G1,2024,0.7157359,A,,,,2
OECD.SDD.TPS:DSD_PRICES@DF_PRICES_ALL(1.0),LTU,A,N,CPI,PC,_T,N,G1,2025,3.791705,A,,,,2
OECD.SDD.TPS:DSD_PRICES@DF_PRICES_ALL(1.0),SVN,A,N,CPI,PC,_T,N,G1,2015,-0.5255523,A,,,,2
OECD.SDD.TPS:DSD_PRICES@DF_PRICES_ALL(1.0),SVN,A,N,CPI,PC,_T,N,G1,2016,-0.05499954,A,,,,2
OECD.SDD.TPS:DSD_PRICES@DF_PRICES_ALL(1.0),SVN,A,N,CPI,PC,_T,N,G1,2017,1.429107,A,,,,2
OECD.SDD.TPS:DSD_PRICES@DF_PRICES_ALL(1.0),SVN,A,N,CPI,PC,_T,N,G1,2018,1.738609,A,,,,2
OECD.SDD.TPS:DSD_PRICES@DF_PRICES_ALL(1.0),SVN,A,N,CPI,PC,_T,N,G1,2019,1.630523,A,,,,2
OECD.SDD.TPS:DSD_PRICES@DF_PRICES_ALL(1.0),SVN,A,N,CPI,PC,_T,N,G1,2020,-0.05485681,A,,,,2
OECD.SDD.TPS:DSD_PRICES@DF_PRICES_ALL(1.0),SVN,A,N,CPI,PC,_T,N,G1,2021,1.917065,A,,,,2
OECD.SDD.TPS:DSD_PRICES@DF_PRICES_ALL(1.0),SVN,A,N,CPI,PC,_T,N,G1,2022,8.833699,A,,,,2
OECD.SDD.TPS:DSD_PRICES@DF_PRICES_ALL(1.0),SVN,A,N,CPI,PC,_T,N,G1,2023,7.446877,A,,,,2
OECD.SDD.TPS:DSD_PRICES@DF_PRICES_ALL(1.0),SVN,A,N,CPI,PC,_T,N,G1,2024,1.965627,A,,,,2
OECD.SDD.TPS:DSD_PRICES@DF_PRICES_ALL(1.0),SVN,A,N,CPI,PC,_T,N,G1,2025,2.372848,A,,,,2
OECD.SDD.TPS:DSD_PRICES@DF_PRICES_ALL(1.0),G7,A,N,CPI,PC,_T,N,G1,2015,0.2970201,A,,,,2
OECD.SDD.TPS:DSD_PRICES@DF_PRICES_ALL(1.0),G7,A,N,CPI,PC,_T,N,G1,2016,0.8657515,A,,,,2
OECD.SDD.TPS:DSD_PRICES@DF_PRICES_ALL(1.0),G7,A,N,CPI,PC,_T,N,G1,2017,1.767696,A,,,,2
OECD.SDD.TPS:DSD_PRICES@DF_PRICES_ALL(1.0),G7,A,N,CPI,PC,_T,N,G1,2018,2.087338,A,,,,2
OECD.SDD.TPS:DSD_PRICES@DF_PRICES_ALL(1.0),G7,A,N,CPI,PC,_T,N,G1,2019,1.519991,A,,,,2
OECD.SDD.TPS:DSD_PRICES@DF_PRICES_ALL(1.0),G7,A,N,CPI,PC,_T,N,G1,2020,0.8324586,A,,,,2
OECD.SDD.TPS:DSD_PRICES@DF_PRICES_ALL(1.0),G7,A,N,CPI,PC,_T,N,G1,2021,3.474216,A,,,,2
OECD.SDD.TPS:DSD_PRICES@DF_PRICES_ALL(1.0),G7,A,N,CPI,PC,_T,N,G1,2022,7.11762,A,,,,2
OECD.SDD.TPS:DSD_PRICES@DF_PRICES_ALL(1.0),G7,A,N,CPI,PC,_T,N,G1,2023,4.498626,A,,,,2
OECD.SDD.TPS:DSD_PRICES@DF_PRICES_ALL(1.0),G7,A,N,CPI,PC,_T,N,G1,2024,2.687062,A,,,,2
OECD.SDD.TPS:DSD_PRICES@DF_PRICES_ALL(1.0),G20,A,N,CPI,PC,_T,N,G1,2015,2.355515,A,,,,2
OECD.SDD.TPS:DSD_PRICES@DF_PRICES_ALL(1.0),G20,A,N,CPI,PC,_T,N,G1,2016,2.251616,A,,,,2
OECD.SDD.TPS:DSD_PRICES@DF_PRICES_ALL(1.0),G20,A,N,CPI,PC,_T,N,G1,2017,2.348886,A,,,,2
OECD.SDD.TPS:DSD_PRICES@DF_PRICES_ALL(1.0),G20,A,N,CPI,PC,_T,N,G1,2018,3.213074,A,,,,2
OECD.SDD.TPS:DSD_PRICES@DF_PRICES_ALL(1.0),G20,A,N,CPI,PC,_T,N,G1,2019,3.53571,A,,,,2
OECD.SDD.TPS:DSD_PRICES@DF_PRICES_ALL(1.0),G20,A,N,CPI,PC,_T,N,G1,2020,2.674468,A,,,,2
OECD.SDD.TPS:DSD_PRICES@DF_PRICES_ALL(1.0),G20,A,N,CPI,PC,_T,N,G1,2021,4.274971,A,,,,2
OECD.SDD.TPS:DSD_PRICES@DF_PRICES_ALL(1.0),G20,A,N,CPI,PC,_T,N,G1,2022,8.587525,A,,,,2
OECD.SDD.TPS:DSD_PRICES@DF_PRICES_ALL(1.0),G20,A,N,CPI,PC,_T,N,G1,2023,6.654664,A,,,,2
OECD.SDD.TPS:DSD_PRICES@DF_PRICES_ALL(1.0),G20,A,N,CPI,PC,_T,N,G1,2024,6.520419,A,,,,2
OECD.SDD.TPS:DSD_PRICES@DF_PRICES_ALL(1.0),EA20,A,N,CPI,PC,_T,N,G1,2015,0.2,A,,,,2
OECD.SDD.TPS:DSD_PRICES@DF_PRICES_ALL(1.0),EA20,A,N,CPI,PC,_T,N,G1,2016,0.2,A,,,,2
OECD.SDD.TPS:DSD_PRICES@DF_PRICES_ALL(1.0),EA20,A,N,CPI,PC,_T,N,G1,2017,1.5,A,,,,2
OECD.SDD.TPS:DSD_PRICES@DF_PRICES_ALL(1.0),EA20,A,N,CPI,PC,_T,N,G1,2018,1.8,A,,,,2
OECD.SDD.TPS:DSD_PRICES@DF_PRICES_ALL(1.0),EA20,A,N,CPI,PC,_T,N,G1,2019,1.2,A,,,,2
OECD.SDD.TPS:DSD_PRICES@DF_PRICES_ALL(1.0),EA20,A,N,CPI,PC,_T,N,G1,2020,0.3,A,,,,2
OECD.SDD.TPS:DSD_PRICES@DF_PRICES_ALL(1.0),EA20,A,N,CPI,PC,_T,N,G1,2021,2.6,A,,,,2
OECD.SDD.TPS:DSD_PRICES@DF_PRICES_ALL(1.0),EA20,A,N,CPI,PC,_T,N,G1,2022,8.4,A,,,,2
OECD.SDD.TPS:DSD_PRICES@DF_PRICES_ALL(1.0),EA20,A,N,CPI,PC,_T,N,G1,2023,5.4,A,,,,2
OECD.SDD.TPS:DSD_PRICES@DF_PRICES_ALL(1.0),EA20,A,N,CPI,PC,_T,N,G1,2024,2.4,A,,,,2
OECD.SDD.TPS:DSD_PRICES@DF_PRICES_ALL(1.0),EA20,A,N,CPI,PC,_T,N,G1,2025,2.1,A,,,,2
OECD.SDD.TPS:DSD_PRICES@DF_PRICES_ALL(1.0),EU27_2020,A,N,CPI,PC,_T,N,G1,2015,0.1,A,,,,2
OECD.SDD.TPS:DSD_PRICES@DF_PRICES_ALL(1.0),EU27_2020,A,N,CPI,PC,_T,N,G1,2016,0.2,A,,,,2
OECD.SDD.TPS:DSD_PRICES@DF_PRICES_ALL(1.0),EU27_2020,A,N,CPI,PC,_T,N,G1,2017,1.6,A,,,,2
OECD.SDD.TPS:DSD_PRICES@DF_PRICES_ALL(1.0),EU27_2020,A,N,CPI,PC,_T,N,G1,2018,1.8,A,,,,2
OECD.SDD.TPS:DSD_PRICES@DF_PRICES_ALL(1.0),EU27_2020,A,N,CPI,PC,_T,N,G1,2019,1.4,A,,,,2
OECD.SDD.TPS:DSD_PRICES@DF_PRICES_ALL(1.0),EU27_2020,A,N,CPI,PC,_T,N,G1,2020,0.7,A,,,,2
OECD.SDD.TPS:DSD_PRICES@DF_PRICES_ALL(1.0),EU27_2020,A,N,CPI,PC,_T,N,G1,2021,2.9,A,,,,2
OECD.SDD.TPS:DSD_PRICES@DF_PRICES_ALL(1.0),EU27_2020,A,N,CPI,PC,_T,N,G1,2022,9.2,A,,,,2
OECD.SDD.TPS:DSD_PRICES@DF_PRICES_ALL(1.0),EU27_2020,A,N,CPI,PC,_T,N,G1,2023,6.4,A,,,,2
OECD.SDD.TPS:DSD_PRICES@DF_PRICES_ALL(1.0),EU27_2020,A,N,CPI,PC,_T,N,G1,2024,2.6,A,,,,2
OECD.SDD.TPS:DSD_PRICES@DF_PRICES_ALL(1.0),EU27_2020,A,N,CPI,PC,_T,N,G1,2025,2.5,A,,,,2
OECD.SDD.TPS:DSD_PRICES@DF_PRICES_ALL(1.0),OECD,A,N,CPI,PC,_T,N,G1,2015,0.6835095,A,,,,2
OECD.SDD.TPS:DSD_PRICES@DF_PRICES_ALL(1.0),OECDE,A,N,CPI,PC,_T,N,G1,2015,0.7110267,A,,,,2
OECD.SDD.TPS:DSD_PRICES@DF_PRICES_ALL(1.0),ARG,A,N,CPI,PC,_T,N,G1,2018,34.27723,A,,,,2
OECD.SDD.TPS:DSD_PRICES@DF_PRICES_ALL(1.0),ARG,A,N,CPI,PC,_T,N,G1,2019,53.54831,A,,,,2
OECD.SDD.TPS:DSD_PRICES@DF_PRICES_ALL(1.0),ARG,A,N,CPI,PC,_T,N,G1,2020,42.01509,A,,,,2
OECD.SDD.TPS:DSD_PRICES@DF_PRICES_ALL(1.0),ARG,A,N,CPI,PC,_T,N,G1,2021,48.40938,A,,,,2
OECD.SDD.TPS:DSD_PRICES@DF_PRICES_ALL(1.0),ARG,A,N,CPI,PC,_T,N,G1,2022,72.43076,A,,,,2
OECD.SDD.TPS:DSD_PRICES@DF_PRICES_ALL(1.0),ARG,A,N,CPI,PC,_T,N,G1,2023,133.4889,A,,,,2
OECD.SDD.TPS:DSD_PRICES@DF_PRICES_ALL(1.0),ARG,A,N,CPI,PC,_T,N,G1,2024,219.8845,A,,,,2
OECD.SDD.TPS:DSD_PRICES@DF_PRICES_ALL(1.0),ARG,A,N,CPI,PC,_T,N,G1,2025,41.92044,A,,,,2
OECD.SDD.TPS:DSD_PRICES@DF_PRICES_ALL(1.0),BRA,A,N,CPI,PC,_T,N,G1,2015,9.029901,A,,,,2
OECD.SDD.TPS:DSD_PRICES@DF_PRICES_ALL(1.0),BRA,A,N,CPI,PC,_T,N,G1,2016,8.739143,A,,,,2
OECD.SDD.TPS:DSD_PRICES@DF_PRICES_ALL(1.0),BRA,A,N,CPI,PC,_T,N,G1,2017,3.446373,A,,,,2
OECD.SDD.TPS:DSD_PRICES@DF_PRICES_ALL(1.0),BRA,A,N,CPI,PC,_T,N,G1,2018,3.66485,A,,,,2
OECD.SDD.TPS:DSD_PRICES@DF_PRICES_ALL(1.0),BRA,A,N,CPI,PC,_T,N,G1,2019,3.732976,A,,,,2
OECD.SDD.TPS:DSD_PRICES@DF_PRICES_ALL(1.0),BRA,A,N,CPI,PC,_T,N,G1,2020,3.211768,A,,,,2
OECD.SDD.TPS:DSD_PRICES@DF_PRICES_ALL(1.0),BRA,A,N,CPI,PC,_T,N,G1,2021,8.30166,A,,,,2
OECD.SDD.TPS:DSD_PRICES@DF_PRICES_ALL(1.0),BRA,A,N,CPI,PC,_T,N,G1,2022,9.280107,A,,,,2
OECD.SDD.TPS:DSD_PRICES@DF_PRICES_ALL(1.0),BRA,A,N,CPI,PC,_T,N,G1,2023,4.593563,A,,,,2
OECD.SDD.TPS:DSD_PRICES@DF_PRICES_ALL(1.0),BRA,A,N,CPI,PC,_T,N,G1,2024,4.367464,A,,,,2
OECD.SDD.TPS:DSD_PRICES@DF_PRICES_ALL(1.0),BRA,A,N,CPI,PC,_T,N,G1,2025,5.016753,A,,,,2
OECD.SDD.TPS:DSD_PRICES@DF_PRICES_ALL(1.0),BGR,A,N,CPI,PC,_T,N,G1,2015,-0.1046333,A,,,,2
OECD.SDD.TPS:DSD_PRICES@DF_PRICES_ALL(1.0),BGR,A,N,CPI,PC,_T,N,G1,2016,-0.7986535,A,,,,2
OECD.SDD.TPS:DSD_PRICES@DF_PRICES_ALL(1.0),BGR,A,N,CPI,PC,_T,N,G1,2017,2.061594,A,,,,2
OECD.SDD.TPS:DSD_PRICES@DF_PRICES_ALL(1.0),BGR,A,N,CPI,PC,_T,N,G1,2018,2.814551,A,,,,2
OECD.SDD.TPS:DSD_PRICES@DF_PRICES_ALL(1.0),BGR,A,N,CPI,PC,_T,N,G1,2019,3.103729,A,,,,2
OECD.SDD.TPS:DSD_PRICES@DF_PRICES_ALL(1.0),BGR,A,N,CPI,PC,_T,N,G1,2020,1.672439,A,,,,2
OECD.SDD.TPS:DSD_PRICES@DF_PRICES_ALL(1.0),BGR,A,N,CPI,PC,_T,N,G1,2021,3.297195,A,,,,2
OECD.SDD.TPS:DSD_PRICES@DF_PRICES_ALL(1.0),BGR,A,N,CPI,PC,_T,N,G1,2022,15.33337,A,,,,2
OECD.SDD.TPS:DSD_PRICES@DF_PRICES_ALL(1.0),BGR,A,N,CPI,PC,_T,N,G1,2023,9.459093,A,,,,2
OECD.SDD.TPS:DSD_PRICES@DF_PRICES_ALL(1.0),BGR,A,N,CPI,PC,_T,N,G1,2024,2.424649,A,,,,2
OECD.SDD.TPS:DSD_PRICES@DF_PRICES_ALL(1.0),BGR,A,N,CPI,PC,_T,N,G1,2025,4.580845,A,,,,2
OECD.SDD.TPS:DSD_PRICES@DF_PRICES_ALL(1.0),CHN,A,N,CPI,PC,_T,N,G1,2015,1.437024,A,,,,2
OECD.SDD.TPS:DSD_PRICES@DF_PRICES_ALL(1.0),CHN,A,N,CPI,PC,_T,N,G1,2016,2,A,,,,2
OECD.SDD.TPS:DSD_PRICES@DF_PRICES_ALL(1.0),CHN,A,N,CPI,PC,_T,N,G1,2017,1.593137,A,,,,2
OECD.SDD.TPS:DSD_PRICES@DF_PRICES_ALL(1.0),CHN,A,N,CPI,PC,_T,N,G1,2018,2.074789,A,,,,2
OECD.SDD.TPS:DSD_PRICES@DF_PRICES_ALL(1.0),CHN,A,N,CPI,PC,_T,N,G1,2019,2.899236,A,,,,2
OECD.SDD.TPS:DSD_PRICES@DF_PRICES_ALL(1.0),CHN,A,N,CPI,PC,_T,N,G1,2020,2.419417,A,,,,2
OECD.SDD.TPS:DSD_PRICES@DF_PRICES_ALL(1.0),CHN,A,N,CPI,PC,_T,N,G1,2021,0.9810191,A,,,,2
OECD.SDD.TPS:DSD_PRICES@DF_PRICES_ALL(1.0),CHN,A,N,CPI,PC,_T,N,G1,2022,1.973576,A,,,,2
OECD.SDD.TPS:DSD_PRICES@DF_PRICES_ALL(1.0),CHN,A,N,CPI,PC,_T,N,G1,2023,0.2348368,A,,,,2
OECD.SDD.TPS:DSD_PRICES@DF_PRICES_ALL(1.0),CHN,A,N,CPI,PC,_T,N,G1,2024,0.2181289,A,,,,2
OECD.SDD.TPS:DSD_PRICES@DF_PRICES_ALL(1.0),CHN,A,N,CPI,PC,_T,N,G1,2025,0.05955674,A,,,,2
OECD.SDD.TPS:DSD_PRICES@DF_PRICES_ALL(1.0),ESP,A,N,CPI,IX,_T,N,_Z,2015,100,A,,2015,,2
OECD.SDD.TPS:DSD_PRICES@DF_PRICES_ALL(1.0),ESP,A,N,CPI,IX,_T,N,_Z,2016,99.7974,A,,2015,,2
OECD.SDD.TPS:DSD_PRICES@DF_PRICES_ALL(1.0),ESP,A,N,CPI,IX,_T,N,_Z,2017,101.7495,A,,2015,,2
OECD.SDD.TPS:DSD_PRICES@DF_PRICES_ALL(1.0),ESP,A,N,CPI,IX,_T,N,_Z,2018,103.4538,A,,2015,,2
OECD.SDD.TPS:DSD_PRICES@DF_PRICES_ALL(1.0),ESP,A,N,CPI,IX,_T,N,_Z,2019,104.1775,A,,2015,,2
OECD.SDD.TPS:DSD_PRICES@DF_PRICES_ALL(1.0),ESP,A,N,CPI,IX,_T,N,_Z,2020,103.8412,A,,2015,,2
OECD.SDD.TPS:DSD_PRICES@DF_PRICES_ALL(1.0),ESP,A,N,CPI,IX,_T,N,_Z,2021,107.0532,A,,2015,,2
OECD.SDD.TPS:DSD_PRICES@DF_PRICES_ALL(1.0),ESP,A,N,CPI,IX,_T,N,_Z,2022,116.0356,A,,2015,,2
OECD.SDD.TPS:DSD_PRICES@DF_PRICES_ALL(1.0),ESP,A,N,CPI,IX,_T,N,_Z,2023,120.1344,A,,2015,,2
OECD.SDD.TPS:DSD_PRICES@DF_PRICES_ALL(1.0),ESP,A,N,CPI,IX,_T,N,_Z,2024,123.4671,A,,2015,,2
OECD.SDD.TPS:DSD_PRICES@DF_PRICES_ALL(1.0),ESP,A,N,CPI,IX,_T,N,_Z,2025,126.7675,A,,2015,,2
OECD.SDD.TPS:DSD_PRICES@DF_PRICES_ALL(1.0),AUS,A,N,CPI,IX,_T,S,_Z,2015,99.97678,A,,2015,,2
OECD.SDD.TPS:DSD_PRICES@DF_PRICES_ALL(1.0),AUS,A,N,CPI,IX,_T,S,_Z,2016,101.2538,A,,2015,,2
OECD.SDD.TPS:DSD_PRICES@DF_PRICES_ALL(1.0),AUS,A,N,CPI,IX,_T,S,_Z,2017,103.2737,A,,2015,,2
OECD.SDD.TPS:DSD_PRICES@DF_PRICES_ALL(1.0),AUS,A,N,CPI,IX,_T,S,_Z,2018,105.2705,A,,2015,,2
OECD.SDD.TPS:DSD_PRICES@DF_PRICES_ALL(1.0),AUS,A,N,CPI,IX,_T,S,_Z,2019,106.919,A,,2015,,2
OECD.SDD.TPS:DSD_PRICES@DF_PRICES_ALL(1.0),AUS,A,N,CPI,IX,_T,S,_Z,2020,107.8709,A,,2015,,2
OECD.SDD.TPS:DSD_PRICES@DF_PRICES_ALL(1.0),AUS,A,N,CPI,IX,_T,S,_Z,2021,110.9125,A,,2015,,2
OECD.SDD.TPS:DSD_PRICES@DF_PRICES_ALL(1.0),AUS,A,N,CPI,IX,_T,S,_Z,2022,118.2726,A,,2015,,2
OECD.SDD.TPS:DSD_PRICES@DF_PRICES_ALL(1.0),AUS,A,N,CPI,IX,_T,S,_Z,2023,124.9129,A,,2015,,2
OECD.SDD.TPS:DSD_PRICES@DF_PRICES_ALL(1.0),AUS,A,N,CPI,IX,_T,S,_Z,2024,128.8832,A,,2015,,2
OECD.SDD.TPS:DSD_PRICES@DF_PRICES_ALL(1.0),LVA,A,N,CPI,IX,_T,N,_Z,2015,100,A,,2015,,2
OECD.SDD.TPS:DSD_PRICES@DF_PRICES_ALL(1.0),LVA,A,N,CPI,IX,_T,N,_Z,2016,100.1406,A,,2015,,2
OECD.SDD.TPS:DSD_PRICES@DF_PRICES_ALL(1.0),LVA,A,N,CPI,IX,_T,N,_Z,2017,103.0751,A,,2015,,2
OECD.SDD.TPS:DSD_PRICES@DF_PRICES_ALL(1.0),LVA,A,N,CPI,IX,_T,N,_Z,2018,105.6875,A,,2015,,2
OECD.SDD.TPS:DSD_PRICES@DF_PRICES_ALL(1.0),LVA,A,N,CPI,IX,_T,N,_Z,2019,108.6588,A,,2015,,2
OECD.SDD.TPS:DSD_PRICES@DF_PRICES_ALL(1.0),LVA,A,N,CPI,IX,_T,N,_Z,2020,108.8969,A,,2015,,2
OECD.SDD.TPS:DSD_PRICES@DF_PRICES_ALL(1.0),LVA,A,N,CPI,IX,_T,N,_Z,2021,112.4641,A,,2015,,2
OECD.SDD.TPS:DSD_PRICES@DF_PRICES_ALL(1.0),LVA,A,N,CPI,IX,_T,N,_Z,2022,131.932,A,,2015,,2
OECD.SDD.TPS:DSD_PRICES@DF_PRICES_ALL(1.0),LVA,A,N,CPI,IX,_T,N,_Z,2023,143.7241,A,,2015,,2
OECD.SDD.TPS:DSD_PRICES@DF_PRICES_ALL(1.0),LVA,A,N,CPI,IX,_T,N,_Z,2024,145.5434,A,,2015,,2
OECD.SDD.TPS:DSD_PRICES@DF_PRICES_ALL(1.0),LVA,A,N,CPI,IX,_T,N,_Z,2025,150.9951,A,,2015,,2
OECD.SDD.TPS:DSD_PRICES@DF_PRICES_ALL(1.0),LTU,A,N,CPI,IX,_T,N,_Z,2015,99.99999,A,,2015,,2
OECD.SDD.TPS:DSD_PRICES@DF_PRICES_ALL(1.0),LTU,A,N,CPI,IX,_T,N,_Z,2016,100.9055,A,,2015,,2
OECD.SDD.TPS:DSD_PRICES@DF_PRICES_ALL(1.0),LTU,A,N,CPI,IX,_T,N,_Z,2017,104.6621,A,,2015,,2
OECD.SDD.TPS:DSD_PRICES@DF_PRICES_ALL(1.0),LTU,A,N,CPI,IX,_T,N,_Z,2018,107.4858,A,,2015,,2
OECD.SDD.TPS:DSD_PRICES@DF_PRICES_ALL(1.0),LTU,A,N,CPI,IX,_T,N,_Z,2019,109.9951,A,,2015,,2
OECD.SDD.TPS:DSD_PRICES@DF_PRICES_ALL(1.0),LTU,A,N,CPI,IX,_T,N,_Z,2020,111.3149,A,,2015,,2
OECD.SDD.TPS:DSD_PRICES@DF_PRICES_ALL(1.0),LTU,A,N,CPI,IX,_T,N,_Z,2021,116.5284,A,,2015,,2
OECD.SDD.TPS:DSD_PRICES@DF_PRICES_ALL(1.0),LTU,A,N,CPI,IX,_T,N,_Z,2022,139.4904,A,,2015,,2
OECD.SDD.TPS:DSD_PRICES@DF_PRICES_ALL(1.0),LTU,A,N,CPI,IX,_T,N,_Z,2023,152.2082,A,,2015,,2
OECD.SDD.TPS:DSD_PRICES@DF_PRICES_ALL(1.0),LTU,A,N,CPI,IX,_T,N,_Z,2024,153.2976,A,,2015,,2
OECD.SDD.TPS:DSD_PRICES@DF_PRICES_ALL(1.0),LTU,A,N,CPI,IX,_T,N,_Z,2025,159.1102,A,,2015,,2
OECD.SDD.TPS:DSD_PRICES@DF_PRICES_ALL(1.0),SVN,A,N,CPI,IX,_T,N,_Z,2015,100.0008,A,,2015,,2
OECD.SDD.TPS:DSD_PRICES@DF_PRICES_ALL(1.0),SVN,A,N,CPI,IX,_T,N,_Z,2016,99.94583,A,,2015,,2
OECD.SDD.TPS:DSD_PRICES@DF_PRICES_ALL(1.0),SVN,A,N,CPI,IX,_T,N,_Z,2017,101.3742,A,,2015,,2
OECD.SDD.TPS:DSD_PRICES@DF_PRICES_ALL(1.0),SVN,A,N,CPI,IX,_T,N,_Z,2018,103.1367,A,,2015,,2
OECD.SDD.TPS:DSD_PRICES@DF_PRICES_ALL(1.0),SVN,A,N,CPI,IX,_T,N,_Z,2019,104.8183,A,,2015,,2
OECD.SDD.TPS:DSD_PRICES@DF_PRICES_ALL(1.0),SVN,A,N,CPI,IX,_T,N,_Z,2020,104.7608,A,,2015,,2
OECD.SDD.TPS:DSD_PRICES@DF_PRICES_ALL(1.0),SVN,A,N,CPI,IX,_T,N,_Z,2021,106.7692,A,,2015,,2
OECD.SDD.TPS:DSD_PRICES@DF_PRICES_ALL(1.0),SVN,A,N,CPI,IX,_T,N,_Z,2022,116.2008,A,,2015,,2
OECD.SDD.TPS:DSD_PRICES@DF_PRICES_ALL(1.0),SVN,A,N,CPI,IX,_T,N,_Z,2023,124.8542,A,,2015,,2
OECD.SDD.TPS:DSD_PRICES@DF_PRICES_ALL(1.0),SVN,A,N,CPI,IX,_T,N,_Z,2024,127.3083,A,,2015,,2
OECD.SDD.TPS:DSD_PRICES@DF_PRICES_ALL(1.0),SVN,A,N,CPI,IX,_T,N,_Z,2025,130.3292,A,,2015,,2
OECD.SDD.TPS:DSD_PRICES@DF_PRICES_ALL(1.0),G7,A,N,CPI,IX,_T,N,_Z,2015,100,A,,2015,,2
OECD.SDD.TPS:DSD_PRICES@DF_PRICES_ALL(1.0),G7,A,N,CPI,IX,_T,N,_Z,2016,100.8658,A,,2015,,2
OECD.SDD.TPS:DSD_PRICES@DF_PRICES_ALL(1.0),G7,A,N,CPI,IX,_T,N,_Z,2017,102.6488,A,,2015,,2
OECD.SDD.TPS:DSD_PRICES@DF_PRICES_ALL(1.0),G7,A,N,CPI,IX,_T,N,_Z,2018,104.7914,A,,2015,,2
OECD.SDD.TPS:DSD_PRICES@DF_PRICES_ALL(1.0),G7,A,N,CPI,IX,_T,N,_Z,2019,106.3842,A,,2015,,2
OECD.SDD.TPS:DSD_PRICES@DF_PRICES_ALL(1.0),G7,A,N,CPI,IX,_T,N,_Z,2020,107.2698,A,,2015,,2
OECD.SDD.TPS:DSD_PRICES@DF_PRICES_ALL(1.0),G7,A,N,CPI,IX,_T,N,_Z,2021,110.9966,A,,2015,,2
OECD.SDD.TPS:DSD_PRICES@DF_PRICES_ALL(1.0),G7,A,N,CPI,IX,_T,N,_Z,2022,118.8969,A,,2015,,2
OECD.SDD.TPS:DSD_PRICES@DF_PRICES_ALL(1.0),G7,A,N,CPI,IX,_T,N,_Z,2023,124.2456,A,,2015,,2
OECD.SDD.TPS:DSD_PRICES@DF_PRICES_ALL(1.0),G7,A,N,CPI,IX,_T,N,_Z,2024,127.5842,A,,2015,,2
OECD.SDD.TPS:DSD_PRICES@DF_PRICES_ALL(1.0),G20,A,N,CPI,IX,_T,N,_Z,2015,100,A,,2015,,2
OECD.SDD.TPS:DSD_PRICES@DF_PRICES_ALL(1.0),G20,A,N,CPI,IX,_T,N,_Z,2016,102.2516,A,,2015,,2
OECD.SDD.TPS:DSD_PRICES@DF_PRICES_ALL(1.0),G20,A,N,CPI,IX,_T,N,_Z,2017,104.6534,A,,2015,,2
OECD.SDD.TPS:DSD_PRICES@DF_PRICES_ALL(1.0),G20,A,N,CPI,IX,_T,N,_Z,2018,107.9034,A,,2015,,2
OECD.SDD.TPS:DSD_PRICES@DF_PRICES_ALL(1.0),G20,A,N,CPI,IX,_T,N,_Z,2019,111.7185,A,,2015,,2
OECD.SDD.TPS:DSD_PRICES@DF_PRICES_ALL(1.0),G20,A,N,CPI,IX,_T,N,_Z,2020,114.7064,A,,2015,,2
OECD.SDD.TPS:DSD_PRICES@DF_PRICES_ALL(1.0),G20,A,N,CPI,IX,_T,N,_Z,2021,119.6101,A,,2015,,2
OECD.SDD.TPS:DSD_PRICES@DF_PRICES_ALL(1.0),G20,A,N,CPI,IX,_T,N,_Z,2022,129.8816,A,,2015,,2
OECD.SDD.TPS:DSD_PRICES@DF_PRICES_ALL(1.0),G20,A,N,CPI,IX,_T,N,_Z,2023,138.5248,A,,2015,,2
OECD.SDD.TPS:DSD_PRICES@DF_PRICES_ALL(1.0),G20,A,N,CPI,IX,_T,N,_Z,2024,147.5572,A,,2015,,2
OECD.SDD.TPS:DSD_PRICES@DF_PRICES_ALL(1.0),EA20,A,N,CPI,IX,_T,N,_Z,2015,100,A,,2015,,2
OECD.SDD.TPS:DSD_PRICES@DF_PRICES_ALL(1.0),EA20,A,N,CPI,IX,_T,N,_Z,2016,100.23,A,,2015,,2
OECD.SDD.TPS:DSD_PRICES@DF_PRICES_ALL(1.0),EA20,A,N,CPI,IX,_T,N,_Z,2017,101.77,A,,2015,,2
OECD.SDD.TPS:DSD_PRICES@DF_PRICES_ALL(1.0),EA20,A,N,CPI,IX,_T,N,_Z,2018,103.55,A,,2015,,2
OECD.SDD.TPS:DSD_PRICES@DF_PRICES_ALL(1.0),EA20,A,N,CPI,IX,_T,N,_Z,2019,104.79,A,,2015,,2
OECD.SDD.TPS:DSD_PRICES@DF_PRICES_ALL(1.0),EA20,A,N,CPI,IX,_T,N,_Z,2020,105.05,A,,2015,,2
OECD.SDD.TPS:DSD_PRICES@DF_PRICES_ALL(1.0),EA20,A,N,CPI,IX,_T,N,_Z,2021,107.77,A,,2015,,2
OECD.SDD.TPS:DSD_PRICES@DF_PRICES_ALL(1.0),EA20,A,N,CPI,IX,_T,N,_Z,2022,116.83,A,,2015,,2
OECD.SDD.TPS:DSD_PRICES@DF_PRICES_ALL(1.0),EA20,A,N,CPI,IX,_T,N,_Z,2023,123.17,A,,2015,,2
OECD.SDD.TPS:DSD_PRICES@DF_PRICES_ALL(1.0),EA20,A,N,CPI,IX,_T,N,_Z,2024,126.08,A,,2015,,2
OECD.SDD.TPS:DSD_PRICES@DF_PRICES_ALL(1.0),EA20,A,N,CPI,IX,_T,N,_Z,2025,128.76,A,,2015,,2
OECD.SDD.TPS:DSD_PRICES@DF_PRICES_ALL(1.0),EU27_2020,A,N,CPI,IX,_T,N,_Z,2015,100,A,,2015,,2
OECD.SDD.TPS:DSD_PRICES@DF_PRICES_ALL(1.0),EU27_2020,A,N,CPI,IX,_T,N,_Z,2016,100.18,A,,2015,,2
OECD.SDD.TPS:DSD_PRICES@DF_PRICES_ALL(1.0),EU27_2020,A,N,CPI,IX,_T,N,_Z,2017,101.74,A,,2015,,2
OECD.SDD.TPS:DSD_PRICES@DF_PRICES_ALL(1.0),EU27_2020,A,N,CPI,IX,_T,N,_Z,2018,103.57,A,,2015,,2
OECD.SDD.TPS:DSD_PRICES@DF_PRICES_ALL(1.0),EU27_2020,A,N,CPI,IX,_T,N,_Z,2019,105.04,A,,2015,,2
OECD.SDD.TPS:DSD_PRICES@DF_PRICES_ALL(1.0),EU27_2020,A,N,CPI,IX,_T,N,_Z,2020,105.76,A,,2015,,2
OECD.SDD.TPS:DSD_PRICES@DF_PRICES_ALL(1.0),EU27_2020,A,N,CPI,IX,_T,N,_Z,2021,108.82,A,,2015,,2
OECD.SDD.TPS:DSD_PRICES@DF_PRICES_ALL(1.0),EU27_2020,A,N,CPI,IX,_T,N,_Z,2022,118.82,A,,2015,,2
OECD.SDD.TPS:DSD_PRICES@DF_PRICES_ALL(1.0),EU27_2020,A,N,CPI,IX,_T,N,_Z,2023,126.38,A,,2015,,2
OECD.SDD.TPS:DSD_PRICES@DF_PRICES_ALL(1.0),EU27_2020,A,N,CPI,IX,_T,N,_Z,2024,129.67,A,,2015,,2
OECD.SDD.TPS:DSD_PRICES@DF_PRICES_ALL(1.0),EU27_2020,A,N,CPI,IX,_T,N,_Z,2025,132.86,A,,2015,,2
OECD.SDD.TPS:DSD_PRICES@DF_PRICES_ALL(1.0),OECD,A,N,CPI,IX,_T,N,_Z,2015,100,A,,2015,,2
OECD.SDD.TPS:DSD_PRICES@DF_PRICES_ALL(1.0),OECD,A,N,CPI,IX,_T,N,_Z,2016,101.1949,A,,2015,,2
OECD.SDD.TPS:DSD_PRICES@DF_PRICES_ALL(1.0),OECD,A,N,CPI,IX,_T,N,_Z,2017,103.5037,A,,2015,,2
OECD.SDD.TPS:DSD_PRICES@DF_PRICES_ALL(1.0),OECD,A,N,CPI,IX,_T,N,_Z,2018,106.189,A,,2015,,2
OECD.SDD.TPS:DSD_PRICES@DF_PRICES_ALL(1.0),OECD,A,N,CPI,IX,_T,N,_Z,2019,108.3672,A,,2015,,2
OECD.SDD.TPS:DSD_PRICES@DF_PRICES_ALL(1.0),OECD,A,N,CPI,IX,_T,N,_Z,2020,109.8136,A,,2015,,2
OECD.SDD.TPS:DSD_PRICES@DF_PRICES_ALL(1.0),OECD,A,N,CPI,IX,_T,N,_Z,2022,124.936,A,,2015,,2
OECD.SDD.TPS:DSD_PRICES@DF_PRICES_ALL(1.0),OECDE,A,N,CPI,IX,_T,N,_Z,2015,100,A,,2015,,2
OECD.SDD.TPS:DSD_PRICES@DF_PRICES_ALL(1.0),OECDE,A,N,CPI,IX,_T,N,_Z,2016,100.9823,A,,2015,,2
OECD.SDD.TPS:DSD_PRICES@DF_PRICES_ALL(1.0),BRA,A,N,CPI,IX,_T,N,_Z,2015,100,A,,2015,,2
OECD.SDD.TPS:DSD_PRICES@DF_PRICES_ALL(1.0),BRA,A,N,CPI,IX,_T,N,_Z,2016,108.7391,A,,2015,,2
OECD.SDD.TPS:DSD_PRICES@DF_PRICES_ALL(1.0),BRA,A,N,CPI,IX,_T,N,_Z,2017,112.4867,A,,2015,,2
OECD.SDD.TPS:DSD_PRICES@DF_PRICES_ALL(1.0),BRA,A,N,CPI,IX,_T,N,_Z,2018,116.6092,A,,2015,,2
OECD.SDD.TPS:DSD_PRICES@DF_PRICES_ALL(1.0),BRA,A,N,CPI,IX,_T,N,_Z,2019,120.9622,A,,2015,,2
OECD.SDD.TPS:DSD_PRICES@DF_PRICES_ALL(1.0),BRA,A,N,CPI,IX,_T,N,_Z,2020,124.8472,A,,2015,,2
OECD.SDD.TPS:DSD_PRICES@DF_PRICES_ALL(1.0),BRA,A,N,CPI,IX,_T,N,_Z,2021,135.2116,A,,2015,,2
OECD.SDD.TPS:DSD_PRICES@DF_PRICES_ALL(1.0),BRA,A,N,CPI,IX,_T,N,_Z,2022,147.7594,A,,2015,,2
OECD.SDD.TPS:DSD_PRICES@DF_PRICES_ALL(1.0),BRA,A,N,CPI,IX,_T,N,_Z,2023,154.5468,A,,2015,,2
OECD.SDD.TPS:DSD_PRICES@DF_PRICES_ALL(1.0),BRA,A,N,CPI,IX,_T,N,_Z,2024,161.2965,A,,2015,,2
OECD.SDD.TPS:DSD_PRICES@DF_PRICES_ALL(1.0),BRA,A,N,CPI,IX,_T,N,_Z,2025,169.3884,A,,2015,,2
OECD.SDD.TPS:DSD_PRICES@DF_PRICES_ALL(1.0),BGR,A,N,CPI,IX,_T,N,_Z,2015,100,A,,2015,,2
OECD.SDD.TPS:DSD_PRICES@DF_PRICES_ALL(1.0),BGR,A,N,CPI,IX,_T,N,_Z,2016,99.20135,A,,2015,,2
OECD.SDD.TPS:DSD_PRICES@DF_PRICES_ALL(1.0),BGR,A,N,CPI,IX,_T,N,_Z,2017,101.2465,A,,2015,,2
OECD.SDD.TPS:DSD_PRICES@DF_PRICES_ALL(1.0),BGR,A,N,CPI,IX,_T,N,_Z,2018,104.0961,A,,2015,,2
OECD.SDD.TPS:DSD_PRICES@DF_PRICES_ALL(1.0),BGR,A,N,CPI,IX,_T,N,_Z,2019,107.327,A,,2015,,2
OECD.SDD.TPS:DSD_PRICES@DF_PRICES_ALL(1.0),BGR,A,N,CPI,IX,_T,N,_Z,2020,109.1219,A,,2015,,2
OECD.SDD.TPS:DSD_PRICES@DF_PRICES_ALL(1.0),BGR,A,N,CPI,IX,_T,N,_Z,2021,112.7199,A,,2015,,2
OECD.SDD.TPS:DSD_PRICES@DF_PRICES_ALL(1.0),BGR,A,N,CPI,IX,_T,N,_Z,2022,130.0037,A,,2015,,2
OECD.SDD.TPS:DSD_PRICES@DF_PRICES_ALL(1.0),BGR,A,N,CPI,IX,_T,N,_Z,2023,142.3008,A,,2015,,2
OECD.SDD.TPS:DSD_PRICES@DF_PRICES_ALL(1.0),BGR,A,N,CPI,IX,_T,N,_Z,2024,145.7511,A,,2015,,2
OECD.SDD.TPS:DSD_PRICES@DF_PRICES_ALL(1.0),BGR,A,N,CPI,IX,_T,N,_Z,2025,152.4278,A,,2015,,2
OECD.SDD.TPS:DSD_PRICES@DF_PRICES_ALL(1.0),CHN,A,N,CPI,IX,_T,N,_Z,2015,100,A,,2015,,2
OECD.SDD.TPS:DSD_PRICES@DF_PRICES_ALL(1.0),CHN,A,N,CPI,IX,_T,N,_Z,2016,102,A,,2015,,2
OECD.SDD.TPS:DSD_PRICES@DF_PRICES_ALL(1.0),CHN,A,N,CPI,IX,_T,N,_Z,2017,103.625,A,,2015,,2
OECD.SDD.TPS:DSD_PRICES@DF_PRICES_ALL(1.0),CHN,A,N,CPI,IX,_T,N,_Z,2018,105.775,A,,2015,,2
OECD.SDD.TPS:DSD_PRICES@DF_PRICES_ALL(1.0),CHN,A,N,CPI,IX,_T,N,_Z,2019,108.8417,A,,2015,,2
OECD.SDD.TPS:DSD_PRICES@DF_PRICES_ALL(1.0),CHN,A,N,CPI,IX,_T,N,_Z,2020,111.475,A,,2015,,2
OECD.SDD.TPS:DSD_PRICES@DF_PRICES_ALL(1.0),CHN,A,N,CPI,IX,_T,N,_Z,2021,112.5686,A,,2015,,2
OECD.SDD.TPS:DSD_PRICES@DF_PRICES_ALL(1.0),CHN,A,N,CPI,IX,_T,N,_Z,2022,114.7902,A,,2015,,2
OECD.SDD.TPS:DSD_PRICES@DF_PRICES_ALL(1.0),CHN,A,N,CPI,IX,_T,N,_Z,2023,115.0598,A,,2015,,2
OECD.SDD.TPS:DSD_PRICES@DF_PRICES_ALL(1.0),CHN,A,N,CPI,IX,_T,N,_Z,2024,115.3108,A,,2015,,2
OECD.SDD.TPS:DSD_PRICES@DF_PRICES_ALL(1.0),CHN,A,N,CPI,IX,_T,N,_Z,2025,115.3794,A,,2015,,2
OECD.SDD.TPS:DSD_PRICES@DF_PRICES_ALL(1.0),AUS,A,N,CPI,IX,_T,N,_Z,2015,100,A,,2015,,2
OECD.SDD.TPS:DSD_PRICES@DF_PRICES_ALL(1.0),AUS,A,N,CPI,IX,_T,N,_Z,2016,101.277,A,,2015,,2
OECD.SDD.TPS:DSD_PRICES@DF_PRICES_ALL(1.0),AUS,A,N,CPI,IX,_T,N,_Z,2017,103.2505,A,,2015,,2
OECD.SDD.TPS:DSD_PRICES@DF_PRICES_ALL(1.0),AUS,A,N,CPI,IX,_T,N,_Z,2018,105.2241,A,,2015,,2
OECD.SDD.TPS:DSD_PRICES@DF_PRICES_ALL(1.0),AUS,A,N,CPI,IX,_T,N,_Z,2019,106.919,A,,2015,,2
OECD.SDD.TPS:DSD_PRICES@DF_PRICES_ALL(1.0),AUS,A,N,CPI,IX,_T,N,_Z,2020,107.8245,A,,2015,,2
OECD.SDD.TPS:DSD_PRICES@DF_PRICES_ALL(1.0),AUS,A,N,CPI,IX,_T,N,_Z,2021,110.9125,A,,2015,,2
OECD.SDD.TPS:DSD_PRICES@DF_PRICES_ALL(1.0),AUS,A,N,CPI,IX,_T,N,_Z,2022,118.2261,A,,2015,,2
OECD.SDD.TPS:DSD_PRICES@DF_PRICES_ALL(1.0),AUS,A,N,CPI,IX,_T,N,_Z,2023,124.8433,A,,2015,,2
OECD.SDD.TPS:DSD_PRICES@DF_PRICES_ALL(1.0),AUS,A,N,CPI,IX,_T,N,_Z,2024,128.7965,A,,2015,,2
OECD.SDD.TPS:DSD_PRICES@DF_PRICES_ALL(1.0),AUS,A,N,CPI,IX,_T,N,_Z,2025,132.4982,A,,2015,,2
OECD.SDD.TPS:DSD_PRICES@DF_PRICES_ALL(1.0),JPN,A,N,CPI,PC,_T,N,G1,2015,0.8,A,,,,2
OECD.SDD.TPS:DSD_PRICES@DF_PRICES_ALL(1.0),JPN,A,N,CPI,PC,_T,N,G1,2016,-0.1,A,,,,2
OECD.SDD.TPS:DSD_PRICES@DF_PRICES_ALL(1.0),JPN,A,N,CPI,PC,_T,N,G1,2017,0.4841998,A,,,,2
OECD.SDD.TPS:DSD_PRICES@DF_PRICES_ALL(1.0),JPN,A,N,CPI,PC,_T,N,G1,2018,0.9890946,A,,,,2
OECD.SDD.TPS:DSD_PRICES@DF_PRICES_ALL(1.0),JPN,A,N,CPI,PC,_T,N,G1,2019,0.4687762,A,,,,2
OECD.SDD.TPS:DSD_PRICES@DF_PRICES_ALL(1.0),JPN,A,N,CPI,PC,_T,N,G1,2020,-0.02499583,A,,,,2
OECD.SDD.TPS:DSD_PRICES@DF_PRICES_ALL(1.0),PRT,A,N,CPI,PC,_T,N,G1,2015,0.4879386,A,,,,2
OECD.SDD.TPS:DSD_PRICES@DF_PRICES_ALL(1.0),PRT,A,N,CPI,PC,_T,N,G1,2016,0.6073971,A,,,,2
OECD.SDD.TPS:DSD_PRICES@DF_PRICES_ALL(1.0),PRT,A,N,CPI,PC,_T,N,G1,2017,1.368614,A,,,,2
OECD.SDD.TPS:DSD_PRICES@DF_PRICES_ALL(1.0),PRT,A,N,CPI,PC,_T,N,G1,2018,0.9937157,A,,,,2
OECD.SDD.TPS:DSD_PRICES@DF_PRICES_ALL(1.0),PRT,A,N,CPI,PC,_T,N,G1,2019,0.3381784,A,,,,2
OECD.SDD.TPS:DSD_PRICES@DF_PRICES_ALL(1.0),PRT,A,N,CPI,PC,_T,N,G1,2020,-0.01243833,A,,,,2
OECD.SDD.TPS:DSD_PRICES@DF_PRICES_ALL(1.0),PRT,A,N,CPI,PC,_T,N,G1,2021,1.265657,A,,,,2
OECD.SDD.TPS:DSD_PRICES@DF_PRICES_ALL(1.0),PRT,A,N,CPI,PC,_T,N,G1,2022,7.832691,A,,,,2
OECD.SDD.TPS:DSD_PRICES@DF_PRICES_ALL(1.0),PRT,A,N,CPI,PC,_T,N,G1,2023,4.311282,A,,,,2
OECD.SDD.TPS:DSD_PRICES@DF_PRICES_ALL(1.0),PRT,A,N,CPI,PC,_T,N,G1,2024,2.416132,A,,,,2
OECD.SDD.TPS:DSD_PRICES@DF_PRICES_ALL(1.0),PRT,A,N,CPI,PC,_T,N,G1,2025,2.336016,A,,,,2
OECD.SDD.TPS:DSD_PRICES@DF_PRICES_ALL(1.0),GBR,A,N,CPI,PC,_T,N,G1,2015,0.4016064,A,,,,2
OECD.SDD.TPS:DSD_PRICES@DF_PRICES_ALL(1.0),GBR,A,N,CPI,PC,_T,N,G1,2016,1,A,,,,2
OECD.SDD.TPS:DSD_PRICES@DF_PRICES_ALL(1.0),GBR,A,N,CPI,PC,_T,N,G1,2017,2.574257,A,,,,2
OECD.SDD.TPS:DSD_PRICES@DF_PRICES_ALL(1.0),GBR,A,N,CPI,PC,_T,N,G1,2018,2.316602,A,,,,2
OECD.SDD.TPS:DSD_PRICES@DF_PRICES_ALL(1.0),GBR,A,N,CPI,PC,_T,N,G1,2019,1.698113,A,,,,2
OECD.SDD.TPS:DSD_PRICES@DF_PRICES_ALL(1.0),GBR,A,N,CPI,PC,_T,N,G1,2020,1.020408,A,,,,2
OECD.SDD.TPS:DSD_PRICES@DF_PRICES_ALL(1.0),GBR,A,N,CPI,PC,_T,N,G1,2021,2.479339,A,,,,2
OECD.SDD.TPS:DSD_PRICES@DF_PRICES_ALL(1.0),GBR,A,N,CPI,PC,_T,N,G1,2022,7.97491,A,,,,2
OECD.SDD.TPS:DSD_PRICES@DF_PRICES_ALL(1.0),GBR,A,N,CPI,PC,_T,N,G1,2023,6.721992,A,,,,2
OECD.SDD.TPS:DSD_PRICES@DF_PRICES_ALL(1.0),GBR,A,N,CPI,PC,_T,N,G1,2024,3.343701,A,,,,2
OECD.SDD.TPS:DSD_PRICES@DF_PRICES_ALL(1.0),GBR,A,N,CPI,PC,_T,N,G1,2025,3.837472,A,,,,2
OECD.SDD.TPS:DSD_PRICES@DF_PRICES_ALL(1.0),KOR,A,N,CPI,PC,_T,N,G1,2015,0.7063318,A,,,,2
OECD.SDD.TPS:DSD_PRICES@DF_PRICES_ALL(1.0),KOR,A,N,CPI,PC,_T,N,G1,2016,0.9716858,A,,,,2
OECD.SDD.TPS:DSD_PRICES@DF_PRICES_ALL(1.0),KOR,A,N,CPI,PC,_T,N,G1,2017,1.944332,A,,,,2
OECD.SDD.TPS:DSD_PRICES@DF_PRICES_ALL(1.0),KOR,A,N,CPI,PC,_T,N,G1,2018,1.475839,A,,,,2
OECD.SDD.TPS:DSD_PRICES@DF_PRICES_ALL(1.0),KOR,A,N,CPI,PC,_T,N,G1,2019,0.3830003,A,,,,2
OECD.SDD.TPS:DSD_PRICES@DF_PRICES_ALL(1.0),KOR,A,N,CPI,PC,_T,N,G1,2020,0.537288,A,,,,2
OECD.SDD.TPS:DSD_PRICES@DF_PRICES_ALL(1.0),KOR,A,N,CPI,PC,_T,N,G1,2021,2.498333,A,,,,2
OECD.SDD.TPS:DSD_PRICES@DF_PRICES_ALL(1.0),KOR,A,N,CPI,PC,_T,N,G1,2022,5.089514,A,,,,2
OECD.SDD.TPS:DSD_PRICES@DF_PRICES_ALL(1.0),KOR,A,N,CPI,PC,_T,N,G1,2023,3.597456,A,,,,2
OECD.SDD.TPS:DSD_PRICES@DF_PRICES_ALL(1.0),KOR,A,N,CPI,PC,_T,N,G1,2024,2.321743,A,,,,2
OECD.SDD.TPS:DSD_PRICES@DF_PRICES_ALL(1.0),KOR,A,N,CPI,PC,_T,N,G1,2025,2.123094,A,,,,2
OECD.SDD.TPS:DSD_PRICES@DF_PRICES_ALL(1.0),SVK,A,N,CPI,PC,_T,N,G1,2015,-0.3252198,A,,,,2
OECD.SDD.TPS:DSD_PRICES@DF_PRICES_ALL(1.0),SVK,A,N,CPI,PC,_T,N,G1,2016,-0.5200102,A,,,,2
OECD.SDD.TPS:DSD_PRICES@DF_PRICES_ALL(1.0),SVK,A,N,CPI,PC,_T,N,G1,2017,1.311946,A,,,,2
OECD.SDD.TPS:DSD_PRICES@DF_PRICES_ALL(1.0),SVK,A,N,CPI,PC,_T,N,G1,2018,2.514037,A,,,,2
OECD.SDD.TPS:DSD_PRICES@DF_PRICES_ALL(1.0),SVK,A,N,CPI,PC,_T,N,G1,2019,2.664561,A,,,,2
OECD.SDD.TPS:DSD_PRICES@DF_PRICES_ALL(1.0),SVK,A,N,CPI,PC,_T,N,G1,2020,1.936941,A,,,,2
OECD.SDD.TPS:DSD_PRICES@DF_PRICES_ALL(1.0),SVK,A,N,CPI,PC,_T,N,G1,2021,3.149606,A,,,,2
OECD.SDD.TPS:DSD_PRICES@DF_PRICES_ALL(1.0),SVK,A,N,CPI,PC,_T,N,G1,2022,12.77415,A,,,,2
OECD.SDD.TPS:DSD_PRICES@DF_PRICES_ALL(1.0),SVK,A,N,CPI,PC,_T,N,G1,2023,10.53195,A,,,,2
OECD.SDD.TPS:DSD_PRICES@DF_PRICES_ALL(1.0),SVK,A,N,CPI,PC,_T,N,G1,2024,2.757609,A,,,,2
OECD.SDD.TPS:DSD_PRICES@DF_PRICES_ALL(1.0),SVK,A,N,CPI,PC,_T,N,G1,2025,4.000428,A,,,,2
OECD.SDD.TPS:DSD_PRICES@DF_PRICES_ALL(1.0),USA,A,N,CPI,PC,_T,N,G1,2015,0.1186271,A,,,,2
OECD.SDD.TPS:DSD_PRICES@DF_PRICES_ALL(1.0),USA,A,N,CPI,PC,_T,N,G1,2016,1.261583,A,,,,2
OECD.SDD.TPS:DSD_PRICES@DF_PRICES_ALL(1.0),USA,A,N,CPI,PC,_T,N,G1,2017,2.13011,A,,,,2
OECD.SDD.TPS:DSD_PRICES@DF_PRICES_ALL(1.0),USA,A,N,CPI,PC,_T,N,G1,2018,2.442583,A,,,,2
OECD.SDD.TPS:DSD_PRICES@DF_PRICES_ALL(1.0),USA,A,N,CPI,PC,_T,N,G1,2019,1.81221,A,,,,2
OECD.SDD.TPS:DSD_PRICES@DF_PRICES_ALL(1.0),USA,A,N,CPI,PC,_T,N,G1,2020,1.233584,A,,,,2
OECD.SDD.TPS:DSD_PRICES@DF_PRICES_ALL(1.0),USA,A,N,CPI,PC,_T,N,G1,2021,4.697859,A,,,,2
OECD.SDD.TPS:DSD_PRICES@DF_PRICES_ALL(1.0),USA,A,N,CPI,PC,_T,N,G1,2022,8.0028,A,,,,2
OECD.SDD.TPS:DSD_PRICES@DF_PRICES_ALL(1.0),USA,A,N,CPI,PC,_T,N,G1,2023,4.116338,A,,,,2
OECD.SDD.TPS:DSD_PRICES@DF_PRICES_ALL(1.0),USA,A,N,CPI,PC,_T,N,G1,2024,2.949525,A,,,,2
OECD.SDD.TPS:DSD_PRICES@DF_PRICES_ALL(1.0),ITA,A,N,CPI,PC,_T,N,G1,2018,1.137488,A,,,,2
OECD.SDD.TPS:DSD_PRICES@DF_PRICES_ALL(1.0),ITA,A,N,CPI,PC,_T,N,G1,2019,0.6112469,A,,,,2
OECD.SDD.TPS:DSD_PRICES@DF_PRICES_ALL(1.0),ITA,A,N,CPI,PC,_T,N,G1,2020,-0.1377076,A,,,,2
OECD.SDD.TPS:DSD_PRICES@DF_PRICES_ALL(1.0),ITA,A,N,CPI,PC,_T,N,G1,2021,1.873783,A,,,,2
OECD.SDD.TPS:DSD_PRICES@DF_PRICES_ALL(1.0),ITA,A,N,CPI,PC,_T,N,G1,2022,8.20129,A,,,,2
OECD.SDD.TPS:DSD_PRICES@DF_PRICES_ALL(1.0),ITA,A,N,CPI,PC,_T,N,G1,2023,5.622194,A,,,,2
OECD.SDD.TPS:DSD_PRICES@DF_PRICES_ALL(1.0),ITA,A,N,CPI,PC,_T,N,G1,2024,0.982373,A,,,,2
OECD.SDD.TPS:DSD_PRICES@DF_PRICES_ALL(1.0),ITA,A,N,CPI,PC,_T,N,G1,2025,1.531668,A,,,,2
OECD.SDD.TPS:DSD_PRICES@DF_PRICES_ALL(1.0),TUR,A,N,CPI,PC,_T,N,G1,2019,15.17682,A,,,,2
OECD.SDD.TPS:DSD_PRICES@DF_PRICES_ALL(1.0),TUR,A,N,CPI,PC,_T,N,G1,2020,12.27896,A,,,,2
OECD.SDD.TPS:DSD_PRICES@DF_PRICES_ALL(1.0),TUR,A,N,CPI,PC,_T,N,G1,2021,19.59649,A,,,,2
OECD.SDD.TPS:DSD_PRICES@DF_PRICES_ALL(1.0),TUR,A,N,CPI,PC,_T,N,G1,2022,72.30884,A,,,,2
OECD.SDD.TPS:DSD_PRICES@DF_PRICES_ALL(1.0),TUR,A,N,CPI,PC,_T,N,G1,2023,53.85941,A,,,,2
OECD.SDD.TPS:DSD_PRICES@DF_PRICES_ALL(1.0),TUR,A,N,CPI,PC,_T,N,G1,2024,58.50645,A,,,,2
OECD.SDD.TPS:DSD_PRICES@DF_PRICES_ALL(1.0),TUR,A,N,CPI,PC,_T,N,G1,2025,34.88116,A,,,,2
OECD.SDD.TPS:DSD_PRICES@DF_PRICES_ALL(1.0),TUR,A,N,CPI,PA,_T,N,GY,2019,15.17682,A,,,,2
OECD.SDD.TPS:DSD_PRICES@DF_PRICES_ALL(1.0),TUR,A,N,CPI,PA,_T,N,GY,2020,12.27896,A,,,,2
OECD.SDD.TPS:DSD_PRICES@DF_PRICES_ALL(1.0),TUR,A,N,CPI,PA,_T,N,GY,2021,19.59649,A,,,,2
OECD.SDD.TPS:DSD_PRICES@DF_PRICES_ALL(1.0),TUR,A,N,CPI,PA,_T,N,GY,2022,72.30884,A,,,,2
OECD.SDD.TPS:DSD_PRICES@DF_PRICES_ALL(1.0),TUR,A,N,CPI,PA,_T,N,GY,2023,53.85941,A,,,,2
OECD.SDD.TPS:DSD_PRICES@DF_PRICES_ALL(1.0),TUR,A,N,CPI,PA,_T,N,GY,2024,58.50645,A,,,,2
OECD.SDD.TPS:DSD_PRICES@DF_PRICES_ALL(1.0),TUR,A,N,CPI,PA,_T,N,GY,2025,34.88116,A,,,,2
OECD.SDD.TPS:DSD_PRICES@DF_PRICES_ALL(1.0),ITA,A,N,CPI,PA,_T,N,GY,2018,1.137488,A,,,,2
OECD.SDD.TPS:DSD_PRICES@DF_PRICES_ALL(1.0),ITA,A,N,CPI,PA,_T,N,GY,2019,0.6112469,A,,,,2
OECD.SDD.TPS:DSD_PRICES@DF_PRICES_ALL(1.0),ITA,A,N,CPI,PA,_T,N,GY,2020,-0.1377076,A,,,,2
OECD.SDD.TPS:DSD_PRICES@DF_PRICES_ALL(1.0),ITA,A,N,CPI,PA,_T,N,GY,2021,1.873783,A,,,,2
OECD.SDD.TPS:DSD_PRICES@DF_PRICES_ALL(1.0),ITA,A,N,CPI,PA,_T,N,GY,2022,8.20129,A,,,,2
OECD.SDD.TPS:DSD_PRICES@DF_PRICES_ALL(1.0),ITA,A,N,CPI,PA,_T,N,GY,2023,5.622194,A,,,,2
OECD.SDD.TPS:DSD_PRICES@DF_PRICES_ALL(1.0),ITA,A,N,CPI,PA,_T,N,GY,2024,0.982373,A,,,,2
OECD.SDD.TPS:DSD_PRICES@DF_PRICES_ALL(1.0),ITA,A,N,CPI,PA,_T,N,GY,2025,1.531668,A,,,,2
OECD.SDD.TPS:DSD_PRICES@DF_PRICES_ALL(1.0),USA,A,N,CPI,PA,_T,N,GY,2015,0.1186271,A,,,,2
OECD.SDD.TPS:DSD_PRICES@DF_PRICES_ALL(1.0),USA,A,N,CPI,PA,_T,N,GY,2016,1.261583,A,,,,2
OECD.SDD.TPS:DSD_PRICES@DF_PRICES_ALL(1.0),USA,A,N,CPI,PA,_T,N,GY,2017,2.13011,A,,,,2
OECD.SDD.TPS:DSD_PRICES@DF_PRICES_ALL(1.0),USA,A,N,CPI,PA,_T,N,GY,2018,2.442583,A,,,,2
OECD.SDD.TPS:DSD_PRICES@DF_PRICES_ALL(1.0),USA,A,N,CPI,PA,_T,N,GY,2019,1.81221,A,,,,2
OECD.SDD.TPS:DSD_PRICES@DF_PRICES_ALL(1.0),USA,A,N,CPI,PA,_T,N,GY,2020,1.233584,A,,,,2
OECD.SDD.TPS:DSD_PRICES@DF_PRICES_ALL(1.0),USA,A,N,CPI,PA,_T,N,GY,2021,4.697859,A,,,,2
OECD.SDD.TPS:DSD_PRICES@DF_PRICES_ALL(1.0),USA,A,N,CPI,PA,_T,N,GY,2022,8.0028,A,,,,2
OECD.SDD.TPS:DSD_PRICES@DF_PRICES_ALL(1.0),USA,A,N,CPI,PA,_T,N,GY,2023,4.116338,A,,,,2
OECD.SDD.TPS:DSD_PRICES@DF_PRICES_ALL(1.0),USA,A,N,CPI,PA,_T,N,GY,2024,2.949525,A,,,,2
OECD.SDD.TPS:DSD_PRICES@DF_PRICES_ALL(1.0),SVK,A,N,CPI,PA,_T,N,GY,2015,-0.3252198,A,,,,2
OECD.SDD.TPS:DSD_PRICES@DF_PRICES_ALL(1.0),SVK,A,N,CPI,PA,_T,N,GY,2016,-0.5200102,A,,,,2
OECD.SDD.TPS:DSD_PRICES@DF_PRICES_ALL(1.0),SVK,A,N,CPI,PA,_T,N,GY,2017,1.311946,A,,,,2
OECD.SDD.TPS:DSD_PRICES@DF_PRICES_ALL(1.0),SVK,A,N,CPI,PA,_T,N,GY,2018,2.514037,A,,,,2
OECD.SDD.TPS:DSD_PRICES@DF_PRICES_ALL(1.0),SVK,A,N,CPI,PA,_T,N,GY,2019,2.664561,A,,,,2
OECD.SDD.TPS:DSD_PRICES@DF_PRICES_ALL(1.0),SVK,A,N,CPI,PA,_T,N,GY,2020,1.936941,A,,,,2
OECD.SDD.TPS:DSD_PRICES@DF_PRICES_ALL(1.0),SVK,A,N,CPI,PA,_T,N,GY,2021,3.149606,A,,,,2
OECD.SDD.TPS:DSD_PRICES@DF_PRICES_ALL(1.0),SVK,A,N,CPI,PA,_T,N,GY,2022,12.77415,A,,,,2
OECD.SDD.TPS:DSD_PRICES@DF_PRICES_ALL(1.0),SVK,A,N,CPI,PA,_T,N,GY,2023,10.53195,A,,,,2
OECD.SDD.TPS:DSD_PRICES@DF_PRICES_ALL(1.0),SVK,A,N,CPI,PA,_T,N,GY,2024,2.757609,A,,,,2
OECD.SDD.TPS:DSD_PRICES@DF_PRICES_ALL(1.0),SVK,A,N,CPI,PA,_T,N,GY,2025,4.000428,A,,,,2
OECD.SDD.TPS:DSD_PRICES@DF_PRICES_ALL(1.0),KOR,A,N,CPI,PA,_T,N,GY,2015,0.7063318,A,,,,2
OECD.SDD.TPS:DSD_PRICES@DF_PRICES_ALL(1.0),KOR,A,N,CPI,PA,_T,N,GY,2016,0.9716858,A,,,,2
OECD.SDD.TPS:DSD_PRICES@DF_PRICES_ALL(1.0),KOR,A,N,CPI,PA,_T,N,GY,2017,1.944332,A,,,,2
OECD.SDD.TPS:DSD_PRICES@DF_PRICES_ALL(1.0),KOR,A,N,CPI,PA,_T,N,GY,2018,1.475839,A,,,,2
OECD.SDD.TPS:DSD_PRICES@DF_PRICES_ALL(1.0),KOR,A,N,CPI,PA,_T,N,GY,2019,0.3830003,A,,,,2
OECD.SDD.TPS:DSD_PRICES@DF_PRICES_ALL(1.0),KOR,A,N,CPI,PA,_T,N,GY,2020,0.537288,A,,,,2
OECD.SDD.TPS:DSD_PRICES@DF_PRICES_ALL(1.0),KOR,A,N,CPI,PA,_T,N,GY,2021,2.498333,A,,,,2
OECD.SDD.TPS:DSD_PRICES@DF_PRICES_ALL(1.0),KOR,A,N,CPI,PA,_T,N,GY,2022,5.089514,A,,,,2
OECD.SDD.TPS:DSD_PRICES@DF_PRICES_ALL(1.0),KOR,A,N,CPI,PA,_T,N,GY,2023,3.597456,A,,,,2
OECD.SDD.TPS:DSD_PRICES@DF_PRICES_ALL(1.0),KOR,A,N,CPI,PA,_T,N,GY,2024,2.321743,A,,,,2
OECD.SDD.TPS:DSD_PRICES@DF_PRICES_ALL(1.0),KOR,A,N,CPI,PA,_T,N,GY,2025,2.123094,A,,,,2
OECD.SDD.TPS:DSD_PRICES@DF_PRICES_ALL(1.0),GBR,A,N,CPI,PA,_T,N,GY,2015,0.4,A,,,,2
OECD.SDD.TPS:DSD_PRICES@DF_PRICES_ALL(1.0),GBR,A,N,CPI,PA,_T,N,GY,2016,1,A,,,,2
OECD.SDD.TPS:DSD_PRICES@DF_PRICES_ALL(1.0),GBR,A,N,CPI,PA,_T,N,GY,2017,2.6,A,,,,2
OECD.SDD.TPS:DSD_PRICES@DF_PRICES_ALL(1.0),GBR,A,N,CPI,PA,_T,N,GY,2018,2.3,A,,,,2
OECD.SDD.TPS:DSD_PRICES@DF_PRICES_ALL(1.0),GBR,A,N,CPI,PA,_T,N,GY,2019,1.7,A,,,,2
OECD.SDD.TPS:DSD_PRICES@DF_PRICES_ALL(1.0),GBR,A,N,CPI,PA,_T,N,GY,2020,1,A,,,,2
OECD.SDD.TPS:DSD_PRICES@DF_PRICES_ALL(1.0),GBR,A,N,CPI,PA,_T,N,GY,2021,2.5,A,,,,2
OECD.SDD.TPS:DSD_PRICES@DF_PRICES_ALL(1.0),GBR,A,N,CPI,PA,_T,N,GY,2022,7.9,A,,,,2
OECD.SDD.TPS:DSD_PRICES@DF_PRICES_ALL(1.0),GBR,A,N,CPI,PA,_T,N,GY,2023,6.8,A,,,,2
OECD.SDD.TPS:DSD_PRICES@DF_PRICES_ALL(1.0),GBR,A,N,CPI,PA,_T,N,GY,2024,3.3,A,,,,2
OECD.SDD.TPS:DSD_PRICES@DF_PRICES_ALL(1.0),GBR,A,N,CPI,PA,_T,N,GY,2025,3.9,A,,,,2
OECD.SDD.TPS:DSD_PRICES@DF_PRICES_ALL(1.0),PRT,A,N,CPI,PA,_T,N,GY,2015,0.4879386,A,,,,2
OECD.SDD.TPS:DSD_PRICES@DF_PRICES_ALL(1.0),PRT,A,N,CPI,PA,_T,N,GY,2016,0.6073971,A,,,,2
OECD.SDD.TPS:DSD_PRICES@DF_PRICES_ALL(1.0),PRT,A,N,CPI,PA,_T,N,GY,2017,1.368614,A,,,,2
OECD.SDD.TPS:DSD_PRICES@DF_PRICES_ALL(1.0),PRT,A,N,CPI,PA,_T,N,GY,2018,0.9937157,A,,,,2
OECD.SDD.TPS:DSD_PRICES@DF_PRICES_ALL(1.0),PRT,A,N,CPI,PA,_T,N,GY,2019,0.3381784,A,,,,2
OECD.SDD.TPS:DSD_PRICES@DF_PRICES_ALL(1.0),PRT,A,N,CPI,PA,_T,N,GY,2020,-0.01243833,A,,,,2
OECD.SDD.TPS:DSD_PRICES@DF_PRICES_ALL(1.0),PRT,A,N,CPI,PA,_T,N,GY,2021,1.265657,A,,,,2
OECD.SDD.TPS:DSD_PRICES@DF_PRICES_ALL(1.0),PRT,A,N,CPI,PA,_T,N,GY,2022,7.832691,A,,,,2
OECD.SDD.TPS:DSD_PRICES@DF_PRICES_ALL(1.0),PRT,A,N,CPI,PA,_T,N,GY,2023,4.311282,A,,,,2
OECD.SDD.TPS:DSD_PRICES@DF_PRICES_ALL(1.0),PRT,A,N,CPI,PA,_T,N,GY,2024,2.416132,A,,,,2
OECD.SDD.TPS:DSD_PRICES@DF_PRICES_ALL(1.0),PRT,A,N,CPI,PA,_T,N,GY,2025,2.336016,A,,,,2
OECD.SDD.TPS:DSD_PRICES@DF_PRICES_ALL(1.0),JPN,A,N,CPI,PA,_T,N,GY,2015,0.8,A,,,,2
OECD.SDD.TPS:DSD_PRICES@DF_PRICES_ALL(1.0),JPN,A,N,CPI,PA,_T,N,GY,2016,-0.1,A,,,,2
OECD.SDD.TPS:DSD_PRICES@DF_PRICES_ALL(1.0),JPN,A,N,CPI,PA,_T,N,GY,2017,0.4841998,A,,,,2
OECD.SDD.TPS:DSD_PRICES@DF_PRICES_ALL(1.0),JPN,A,N,CPI,PA,_T,N,GY,2018,0.9890946,A,,,,2
OECD.SDD.TPS:DSD_PRICES@DF_PRICES_ALL(1.0),JPN,A,N,CPI,PA,_T,N,GY,2019,0.4687762,A,,,,2
OECD.SDD.TPS:DSD_PRICES@DF_PRICES_ALL(1.0),JPN,A,N,CPI,PA,_T,N,GY,2020,-0.02499583,A,,,,2
OECD.SDD.TPS:DSD_PRICES@DF_PRICES_ALL(1.0),PRT,A,N,CPI,IX,_T,N,_Z,2015,100,A,,2015,,2
OECD.SDD.TPS:DSD_PRICES@DF_PRICES_ALL(1.0),PRT,A,N,CPI,IX,_T,N,_Z,2016,100.6074,A,,2015,,2
OECD.SDD.TPS:DSD_PRICES@DF_PRICES_ALL(1.0),PRT,A,N,CPI,IX,_T,N,_Z,2017,101.9843,A,,2015,,2
OECD.SDD.TPS:DSD_PRICES@DF_PRICES_ALL(1.0),PRT,A,N,CPI,IX,_T,N,_Z,2018,102.9978,A,,2015,,2
OECD.SDD.TPS:DSD_PRICES@DF_PRICES_ALL(1.0),PRT,A,N,CPI,IX,_T,N,_Z,2019,103.3461,A,,2015,,2
OECD.SDD.TPS:DSD_PRICES@DF_PRICES_ALL(1.0),PRT,A,N,CPI,IX,_T,N,_Z,2020,103.3332,A,,2015,,2
OECD.SDD.TPS:DSD_PRICES@DF_PRICES_ALL(1.0),PRT,A,N,CPI,IX,_T,N,_Z,2021,104.6411,A,,2015,,2
OECD.SDD.TPS:DSD_PRICES@DF_PRICES_ALL(1.0),PRT,A,N,CPI,IX,_T,N,_Z,2022,112.8373,A,,2015,,2
OECD.SDD.TPS:DSD_PRICES@DF_PRICES_ALL(1.0),PRT,A,N,CPI,IX,_T,N,_Z,2023,117.702,A,,2015,,2
OECD.SDD.TPS:DSD_PRICES@DF_PRICES_ALL(1.0),PRT,A,N,CPI,IX,_T,N,_Z,2024,120.5458,A,,2015,,2
OECD.SDD.TPS:DSD_PRICES@DF_PRICES_ALL(1.0),PRT,A,N,CPI,IX,_T,N,_Z,2025,123.3618,A,,2015,,2
OECD.SDD.TPS:DSD_PRICES@DF_PRICES_ALL(1.0),GBR,A,N,CPI,IX,_T,N,_Z,2015,100,A,,2015,,2
OECD.SDD.TPS:DSD_PRICES@DF_PRICES_ALL(1.0),GBR,A,N,CPI,IX,_T,N,_Z,2016,101,A,,2015,,2
OECD.SDD.TPS:DSD_PRICES@DF_PRICES_ALL(1.0),GBR,A,N,CPI,IX,_T,N,_Z,2017,103.6,A,,2015,,2
OECD.SDD.TPS:DSD_PRICES@DF_PRICES_ALL(1.0),GBR,A,N,CPI,IX,_T,N,_Z,2018,106,A,,2015,,2
OECD.SDD.TPS:DSD_PRICES@DF_PRICES_ALL(1.0),GBR,A,N,CPI,IX,_T,N,_Z,2019,107.8,A,,2015,,2
OECD.SDD.TPS:DSD_PRICES@DF_PRICES_ALL(1.0),GBR,A,N,CPI,IX,_T,N,_Z,2020,108.9,A,,2015,,2
OECD.SDD.TPS:DSD_PRICES@DF_PRICES_ALL(1.0),GBR,A,N,CPI,IX,_T,N,_Z,2021,111.6,A,,2015,,2
OECD.SDD.TPS:DSD_PRICES@DF_PRICES_ALL(1.0),GBR,A,N,CPI,IX,_T,N,_Z,2022,120.5,A,,2015,,2
OECD.SDD.TPS:DSD_PRICES@DF_PRICES_ALL(1.0),GBR,A,N,CPI,IX,_T,N,_Z,2023,128.6,A,,2015,,2
OECD.SDD.TPS:DSD_PRICES@DF_PRICES_ALL(1.0),GBR,A,N,CPI,IX,_T,N,_Z,2024,132.9,A,,2015,,2
OECD.SDD.TPS:DSD_PRICES@DF_PRICES_ALL(1.0),GBR,A,N,CPI,IX,_T,N,_Z,2025,138,A,,2015,,2
OECD.SDD.TPS:DSD_PRICES@DF_PRICES_ALL(1.0),KOR,A,N,CPI,IX,_T,N,_Z,2015,100,A,,2015,,2
OECD.SDD.TPS:DSD_PRICES@DF_PRICES_ALL(1.0),KOR,A,N,CPI,IX,_T,N,_Z,2016,100.9717,A,,2015,,2
OECD.SDD.TPS:DSD_PRICES@DF_PRICES_ALL(1.0),KOR,A,N,CPI,IX,_T,N,_Z,2017,102.9349,A,,2015,,2
OECD.SDD.TPS:DSD_PRICES@DF_PRICES_ALL(1.0),KOR,A,N,CPI,IX,_T,N,_Z,2018,104.4541,A,,2015,,2
OECD.SDD.TPS:DSD_PRICES@DF_PRICES_ALL(1.0),KOR,A,N,CPI,IX,_T,N,_Z,2019,104.8541,A,,2015,,2
OECD.SDD.TPS:DSD_PRICES@DF_PRICES_ALL(1.0),KOR,A,N,CPI,IX,_T,N,_Z,2020,105.4175,A,,2015,,2
OECD.SDD.TPS:DSD_PRICES@DF_PRICES_ALL(1.0),KOR,A,N,CPI,IX,_T,N,_Z,2021,108.0512,A,,2015,,2
OECD.SDD.TPS:DSD_PRICES@DF_PRICES_ALL(1.0),KOR,A,N,CPI,IX,_T,N,_Z,2022,113.5505,A,,2015,,2
OECD.SDD.TPS:DSD_PRICES@DF_PRICES_ALL(1.0),KOR,A,N,CPI,IX,_T,N,_Z,2023,117.6354,A,,2015,,2
OECD.SDD.TPS:DSD_PRICES@DF_PRICES_ALL(1.0),KOR,A,N,CPI,IX,_T,N,_Z,2024,120.3666,A,,2015,,2
OECD.SDD.TPS:DSD_PRICES@DF_PRICES_ALL(1.0),KOR,A,N,CPI,IX,_T,N,_Z,2025,122.9221,A,,2015,,2
OECD.SDD.TPS:DSD_PRICES@DF_PRICES_ALL(1.0),USA,A,N,CPI,IX,_T,N,_Z,2015,100,A,,2015,,2
OECD.SDD.TPS:DSD_PRICES@DF_PRICES_ALL(1.0),USA,A,N,CPI,IX,_T,N,_Z,2016,101.2616,A,,2015,,2
OECD.SDD.TPS:DSD_PRICES@DF_PRICES_ALL(1.0),USA,A,N,CPI,IX,_T,N,_Z,2017,103.4186,A,,2015,,2
OECD.SDD.TPS:DSD_PRICES@DF_PRICES_ALL(1.0),USA,A,N,CPI,IX,_T,N,_Z,2018,105.9446,A,,2015,,2
OECD.SDD.TPS:DSD_PRICES@DF_PRICES_ALL(1.0),USA,A,N,CPI,IX,_T,N,_Z,2019,107.8646,A,,2015,,2
OECD.SDD.TPS:DSD_PRICES@DF_PRICES_ALL(1.0),USA,A,N,CPI,IX,_T,N,_Z,2020,109.1952,A,,2015,,2
OECD.SDD.TPS:DSD_PRICES@DF_PRICES_ALL(1.0),USA,A,N,CPI,IX,_T,N,_Z,2021,114.325,A,,2015,,2
OECD.SDD.TPS:DSD_PRICES@DF_PRICES_ALL(1.0),USA,A,N,CPI,IX,_T,N,_Z,2022,123.4742,A,,2015,,2
OECD.SDD.TPS:DSD_PRICES@DF_PRICES_ALL(1.0),USA,A,N,CPI,IX,_T,N,_Z,2023,128.5569,A,,2015,,2
OECD.SDD.TPS:DSD_PRICES@DF_PRICES_ALL(1.0),USA,A,N,CPI,IX,_T,N,_Z,2024,132.3487,A,,2015,,2
OECD.SDD.TPS:DSD_PRICES@DF_PRICES_ALL(1.0),USA,A,N,CPI,IX,_T,S,_Z,2015,100,A,,2015,,2
OECD.SDD.TPS:DSD_PRICES@DF_PRICES_ALL(1.0),USA,A,N,CPI,IX,_T,S,_Z,2016,101.2616,A,,2015,,2
OECD.SDD.TPS:DSD_PRICES@DF_PRICES_ALL(1.0),USA,A,N,CPI,IX,_T,S,_Z,2017,103.4186,A,,2015,,2
OECD.SDD.TPS:DSD_PRICES@DF_PRICES_ALL(1.0),USA,A,N,CPI,IX,_T,S,_Z,2018,105.9446,A,,2015,,2
OECD.SDD.TPS:DSD_PRICES@DF_PRICES_ALL(1.0),USA,A,N,CPI,IX,_T,S,_Z,2019,107.8646,A,,2015,,2
OECD.SDD.TPS:DSD_PRICES@DF_PRICES_ALL(1.0),USA,A,N,CPI,IX,_T,S,_Z,2020,109.1952,A,,2015,,2
OECD.SDD.TPS:DSD_PRICES@DF_PRICES_ALL(1.0),USA,A,N,CPI,IX,_T,S,_Z,2021,114.325,A,,2015,,2
OECD.SDD.TPS:DSD_PRICES@DF_PRICES_ALL(1.0),USA,A,N,CPI,IX,_T,S,_Z,2022,123.4742,A,,2015,,2
OECD.SDD.TPS:DSD_PRICES@DF_PRICES_ALL(1.0),USA,A,N,CPI,IX,_T,S,_Z,2023,128.5569,A,,2015,,2
OECD.SDD.TPS:DSD_PRICES@DF_PRICES_ALL(1.0),USA,A,N,CPI,IX,_T,S,_Z,2024,132.3487,A,,2015,,2
OECD.SDD.TPS:DSD_PRICES@DF_PRICES_ALL(1.0),SVK,A,N,CPI,IX,_T,N,_Z,2015,100,A,,2015,,2
OECD.SDD.TPS:DSD_PRICES@DF_PRICES_ALL(1.0),SVK,A,N,CPI,IX,_T,N,_Z,2016,99.47999,A,,2015,,2
OECD.SDD.TPS:DSD_PRICES@DF_PRICES_ALL(1.0),SVK,A,N,CPI,IX,_T,N,_Z,2017,100.7851,A,,2015,,2
OECD.SDD.TPS:DSD_PRICES@DF_PRICES_ALL(1.0),SVK,A,N,CPI,IX,_T,N,_Z,2018,103.3189,A,,2015,,2
OECD.SDD.TPS:DSD_PRICES@DF_PRICES_ALL(1.0),SVK,A,N,CPI,IX,_T,N,_Z,2019,106.0719,A,,2015,,2
OECD.SDD.TPS:DSD_PRICES@DF_PRICES_ALL(1.0),SVK,A,N,CPI,IX,_T,N,_Z,2020,108.1264,A,,2015,,2
OECD.SDD.TPS:DSD_PRICES@DF_PRICES_ALL(1.0),SVK,A,N,CPI,IX,_T,N,_Z,2021,111.532,A,,2015,,2
OECD.SDD.TPS:DSD_PRICES@DF_PRICES_ALL(1.0),SVK,A,N,CPI,IX,_T,N,_Z,2022,125.7793,A,,2015,,2
OECD.SDD.TPS:DSD_PRICES@DF_PRICES_ALL(1.0),SVK,A,N,CPI,IX,_T,N,_Z,2023,139.0263,A,,2015,,2
OECD.SDD.TPS:DSD_PRICES@DF_PRICES_ALL(1.0),SVK,A,N,CPI,IX,_T,N,_Z,2024,142.8601,A,,2015,,2
OECD.SDD.TPS:DSD_PRICES@DF_PRICES_ALL(1.0),SVK,A,N,CPI,IX,_T,N,_Z,2025,148.5751,A,,2015,,2
OECD.SDD.TPS:DSD_PRICES@DF_PRICES_ALL(1.0),ITA,A,N,CPI,IX,_T,N,_Z,2018,102.25,A,,2015,,2
OECD.SDD.TPS:DSD_PRICES@DF_PRICES_ALL(1.0),ITA,A,N,CPI,IX,_T,N,_Z,2019,102.875,A,,2015,,2
OECD.SDD.TPS:DSD_PRICES@DF_PRICES_ALL(1.0),ITA,A,N,CPI,IX,_T,N,_Z,2020,102.7333,A,,2015,,2
OECD.SDD.TPS:DSD_PRICES@DF_PRICES_ALL(1.0),ITA,A,N,CPI,IX,_T,N,_Z,2021,104.6583,A,,2015,,2
OECD.SDD.TPS:DSD_PRICES@DF_PRICES_ALL(1.0),ITA,A,N,CPI,IX,_T,N,_Z,2022,113.2417,A,,2015,,2
OECD.SDD.TPS:DSD_PRICES@DF_PRICES_ALL(1.0),ITA,A,N,CPI,IX,_T,N,_Z,2023,119.6083,A,,2015,,2
OECD.SDD.TPS:DSD_PRICES@DF_PRICES_ALL(1.0),ITA,A,N,CPI,IX,_T,N,_Z,2024,120.7833,A,,2015,,2
OECD.SDD.TPS:DSD_PRICES@DF_PRICES_ALL(1.0),ITA,A,N,CPI,IX,_T,N,_Z,2025,122.6333,A,,2015,,2
OECD.SDD.TPS:DSD_PRICES@DF_PRICES_ALL(1.0),TUR,A,N,CPI,IX,_T,N,_Z,2019,160.4988,A,,2015,,2
OECD.SDD.TPS:DSD_PRICES@DF_PRICES_ALL(1.0),TUR,A,N,CPI,IX,_T,N,_Z,2020,180.2064,A,,2015,,2
OECD.SDD.TPS:DSD_PRICES@DF_PRICES_ALL(1.0),TUR,A,N,CPI,IX,_T,N,_Z,2021,215.5205,A,,2015,,2
OECD.SDD.TPS:DSD_PRICES@DF_PRICES_ALL(1.0),TUR,A,N,CPI,IX,_T,N,_Z,2022,371.3609,A,,2015,,2
OECD.SDD.TPS:DSD_PRICES@DF_PRICES_ALL(1.0),TUR,A,N,CPI,IX,_T,N,_Z,2023,571.3737,A,,2015,,2
OECD.SDD.TPS:DSD_PRICES@DF_PRICES_ALL(1.0),TUR,A,N,CPI,IX,_T,N,_Z,2024,905.6642,A,,2015,,2
OECD.SDD.TPS:DSD_PRICES@DF_PRICES_ALL(1.0),TUR,A,N,CPI,IX,_T,N,_Z,2025,1221.57,A,,2015,,2
OECD.SDD.TPS:DSD_PRICES@DF_PRICES_ALL(1.0),JPN,A,N,CPI,IX,_T,S,_Z,2015,100,A,,2015,,2
OECD.SDD.TPS:DSD_PRICES@DF_PRICES_ALL(1.0),JPN,A,N,CPI,IX,_T,S,_Z,2016,99.88122,A,,2015,,2
OECD.SDD.TPS:DSD_PRICES@DF_PRICES_ALL(1.0),JPN,A,N,CPI,IX,_T,S,_Z,2017,100.3733,A,,2015,,2
OECD.SDD.TPS:DSD_PRICES@DF_PRICES_ALL(1.0),JPN,A,N,CPI,IX,_T,S,_Z,2018,101.3575,A,,2015,,2
OECD.SDD.TPS:DSD_PRICES@DF_PRICES_ALL(1.0),JPN,A,N,CPI,IX,_T,S,_Z,2019,101.8242,A,,2015,,2
OECD.SDD.TPS:DSD_PRICES@DF_PRICES_ALL(1.0),JPN,A,N,CPI,IX,_T,S,_Z,2020,101.8242,A,,2015,,2
OECD.SDD.TPS:DSD_PRICES@DF_PRICES_ALL(1.0),JPN,A,N,CPI,IX,_T,N,_Z,2015,100,A,,2015,,2
OECD.SDD.TPS:DSD_PRICES@DF_PRICES_ALL(1.0),JPN,A,N,CPI,IX,_T,N,_Z,2016,99.87274,A,,2015,,2
OECD.SDD.TPS:DSD_PRICES@DF_PRICES_ALL(1.0),JPN,A,N,CPI,IX,_T,N,_Z,2017,100.3563,A,,2015,,2
OECD.SDD.TPS:DSD_PRICES@DF_PRICES_ALL(1.0),JPN,A,N,CPI,IX,_T,N,_Z,2018,101.3489,A,,2015,,2
OECD.SDD.TPS:DSD_PRICES@DF_PRICES_ALL(1.0),JPN,A,N,CPI,IX,_T,N,_Z,2019,101.824,A,,2015,,2
OECD.SDD.TPS:DSD_PRICES@DF_PRICES_ALL(1.0),JPN,A,N,CPI,IX,_T,N,_Z,2020,101.7986,A,,2015,,2
OECD.SDD.TPS:DSD_PRICES@DF_PRICES_ALL(1.0),JPN,A,N,CPI,IX,SERV,N,_Z,2019,100.8667,A,,2015,,2
OECD.SDD.TPS:DSD_PRICES@DF_PRICES_ALL(1.0),JPN,A,N,CPI,IX,SERV,N,_Z,2020,100.375,A,,2015,,2
OECD.SDD.TPS:DSD_PRICES@DF_PRICES_ALL(1.0),KOR,A,N,CPI,IX,SERV,N,_Z,2024,119.6031,A,,2015,,2
OECD.SDD.TPS:DSD_PRICES@DF_PRICES_ALL(1.0),GBR,A,N,CPI,IX,SERV,N,_Z,2023,126.4,A,,2015,,2
OECD.SDD.TPS:DSD_PRICES@DF_PRICES_ALL(1.0),USA,A,N,CPI,IX,SERV,N,_Z,2021,117.0543,A,,2015,,2
OECD.SDD.TPS:DSD_PRICES@DF_PRICES_ALL(1.0),USA,A,N,CPI,IX,SERV,N,_Z,2022,124.3082,A,,2015,,2
OECD.SDD.TPS:DSD_PRICES@DF_PRICES_ALL(1.0),SVK,A,N,CPI,IX,SERV,N,_Z,2023,143.2728,A,,2015,,2
OECD.SDD.TPS:DSD_PRICES@DF_PRICES_ALL(1.0),PRT,A,N,CPI,IX,SERV,N,_Z,2017,103.6587,A,,2015,,2
OECD.SDD.TPS:DSD_PRICES@DF_PRICES_ALL(1.0),PRT,A,N,CPI,IX,SERV,N,_Z,2019,106.6749,A,,2015,,2
OECD.SDD.TPS:DSD_PRICES@DF_PRICES_ALL(1.0),KOR,A,N,CPI,PC,SERV,N,G1,2018,1.60262,A,,,,2
OECD.SDD.TPS:DSD_PRICES@DF_PRICES_ALL(1.0),KOR,A,N,CPI,PC,SERV,N,G1,2025,2.226172,A,,,,2
OECD.SDD.TPS:DSD_PRICES@DF_PRICES_ALL(1.0),GBR,A,N,CPI,PC,SERV,N,G1,2021,2.242152,A,,,,2
OECD.SDD.TPS:DSD_PRICES@DF_PRICES_ALL(1.0),SVK,A,N,CPI,PC,SERV,N,G1,2016,0.9520919,A,,,,2
OECD.SDD.TPS:DSD_PRICES@DF_PRICES_ALL(1.0),SVK,A,N,CPI,PC,SERV,N,G1,2021,5.192504,A,,,,2
OECD.SDD.TPS:DSD_PRICES@DF_PRICES_ALL(1.0),USA,A,N,CPI,PC,SERV,N,G1,2015,2.300327,A,,,,2
OECD.SDD.TPS:DSD_PRICES@DF_PRICES_ALL(1.0),USA,A,N,CPI,PC,SERV,N,G1,2019,2.684467,A,,,,2
OECD.SDD.TPS:DSD_PRICES@DF_PRICES_ALL(1.0),USA,A,N,CPI,PC,SERV,N,G1,2020,2.114362,A,,,,2
OECD.SDD.TPS:DSD_PRICES@DF_PRICES_ALL(1.0),USA,A,N,CPI,PC,SERV,N,G1,2024,4.881329,A,,,,2
OECD.SDD.TPS:DSD_PRICES@DF_PRICES_ALL(1.0),ITA,A,N,CPI,PC,SERV,N,G1,2018,0.9263054,A,,,,2
OECD.SDD.TPS:DSD_PRICES@DF_PRICES_ALL(1.0),ITA,A,N,CPI,PA,SERV,N,GY,2018,0.9263054,A,,,,2
OECD.SDD.TPS:DSD_PRICES@DF_PRICES_ALL(1.0),ITA,A,N,CPI,PA,SERV,N,GY,2020,0.426525,A,,,,2
OECD.SDD.TPS:DSD_PRICES@DF_PRICES_ALL(1.0),USA,A,N,CPI,PA,SERV,N,GY,2017,2.71165,A,,,,2
OECD.SDD.TPS:DSD_PRICES@DF_PRICES_ALL(1.0),USA,A,N,CPI,PA,SERV,N,GY,2018,2.768484,A,,,,2
OECD.SDD.TPS:DSD_PRICES@DF_PRICES_ALL(1.0),SVK,A,N,CPI,PA,SERV,N,GY,2016,0.9520919,A,,,,2
OECD.SDD.TPS:DSD_PRICES@DF_PRICES_ALL(1.0),SVK,A,N,CPI,PA,SERV,N,GY,2021,5.192504,A,,,,2
OECD.SDD.TPS:DSD_PRICES@DF_PRICES_ALL(1.0),SVK,A,N,CPI,PA,SERV,N,GY,2025,4.963644,A,,,,2
OECD.SDD.TPS:DSD_PRICES@DF_PRICES_ALL(1.0),GBR,A,N,CPI,PA,SERV,N,GY,2024,5.8,A,,,,2
OECD.SDD.TPS:DSD_PRICES@DF_PRICES_ALL(1.0),GBR,A,N,CPI,PA,SERV,N,GY,2025,5.1,A,,,,2
OECD.SDD.TPS:DSD_PRICES@DF_PRICES_ALL(1.0),KOR,A,N,CPI,PA,SERV,N,GY,2017,1.962706,A,,,,2
OECD.SDD.TPS:DSD_PRICES@DF_PRICES_ALL(1.0),KOR,A,N,CPI,PA,SERV,N,GY,2018,1.60262,A,,,,2
OECD.SDD.TPS:DSD_PRICES@DF_PRICES_ALL(1.0),JPN,A,N,CPI,PA,SERV,N,GY,2019,0.2899992,A,,,,2
OECD.SDD.TPS:DSD_PRICES@DF_PRICES_ALL(1.0),PRT,A,N,CPI,PA,SERV,N,GY,2022,4.259577,A,,,,2
OECD.SDD.TPS:DSD_PRICES@DF_PRICES_ALL(1.0),PRT,A,N,CPI,PA,SERV,N,GY,2025,3.992347,A,,,,2
OECD.SDD.TPS:DSD_PRICES@DF_PRICES_ALL(1.0),GBR,A,HICP,CPI,PA,SERV,N,GY,2015,2.3,A,,,,2
OECD.SDD.TPS:DSD_PRICES@DF_PRICES_ALL(1.0),GBR,A,HICP,CPI,PA,SERV,N,GY,2016,2.3,A,,,,2
OECD.SDD.TPS:DSD_PRICES@DF_PRICES_ALL(1.0),GBR,A,HICP,CPI,PA,SERV,N,GY,2017,2.5,A,,,,2
OECD.SDD.TPS:DSD_PRICES@DF_PRICES_ALL(1.0),GBR,A,HICP,CPI,PA,SERV,N,GY,2018,2.4,A,,,,2
OECD.SDD.TPS:DSD_PRICES@DF_PRICES_ALL(1.0),GBR,A,HICP,CPI,PA,SERV,N,GY,2019,2.5,A,,,,2
OECD.SDD.TPS:DSD_PRICES@DF_PRICES_ALL(1.0),GBR,A,HICP,CPI,IX,SERV,N,_Z,2015,100,A,,2015,,2
OECD.SDD.TPS:DSD_PRICES@DF_PRICES_ALL(1.0),GBR,A,HICP,CPI,IX,SERV,N,_Z,2016,102.3,A,,2015,,2
OECD.SDD.TPS:DSD_PRICES@DF_PRICES_ALL(1.0),GBR,A,HICP,CPI,IX,SERV,N,_Z,2017,104.9,A,,2015,,2
OECD.SDD.TPS:DSD_PRICES@DF_PRICES_ALL(1.0),GBR,A,HICP,CPI,IX,SERV,N,_Z,2018,107.5,A,,2015,,2
OECD.SDD.TPS:DSD_PRICES@DF_PRICES_ALL(1.0),GBR,A,HICP,CPI,IX,SERV,N,_Z,2019,110.1,A,,2015,,2
OECD.SDD.TPS:DSD_PRICES@DF_PRICES_ALL(1.0),GBR,A,HICP,CPI,IX,SERV,N,_Z,2020,112.5,A,,2015,,2
OECD.SDD.TPS:DSD_PRICES@DF_PRICES_ALL(1.0),GBR,A,HICP,CPI,IX,SERV,N,_Z,2021,115.0917,A,,2015,,2
OECD.SDD.TPS:DSD_PRICES@DF_PRICES_ALL(1.0),GBR,A,HICP,CPI,IX,SERV,N,_Z,2022,121.125,A,,2015,,2
OECD.SDD.TPS:DSD_PRICES@DF_PRICES_ALL(1.0),GBR,A,HICP,CPI,IX,SERV,N,_Z,2023,129.3,A,,2015,,2
OECD.SDD.TPS:DSD_PRICES@DF_PRICES_ALL(1.0),GBR,A,HICP,CPI,IX,SERV,N,_Z,2024,136.3917,A,,2015,,2
OECD.SDD.TPS:DSD_PRICES@DF_PRICES_ALL(1.0),GBR,A,HICP,CPI,IX,SERV,N,_Z,2025,142.8917,A,,2015,,2
OECD.SDD.TPS:DSD_PRICES@DF_PRICES_ALL(1.0),GBR,A,HICP,CPI,PC,SERV,N,G1,2015,2.3,A,,,,2
OECD.SDD.TPS:DSD_PRICES@DF_PRICES_ALL(1.0),GBR,A,HICP,CPI,PC,SERV,N,G1,2016,2.3,A,,,,2
OECD.SDD.TPS:DSD_PRICES@DF_PRICES_ALL(1.0),GBR,A,HICP,CPI,PC,SERV,N,G1,2017,2.5,A,,,,2
OECD.SDD.TPS:DSD_PRICES@DF_PRICES_ALL(1.0),GBR,A,HICP,CPI,PC,SERV,N,G1,2018,2.4,A,,,,2
OECD.SDD.TPS:DSD_PRICES@DF_PRICES_ALL(1.0),GBR,A,HICP,CPI,PC,SERV,N,G1,2019,2.5,A,,,,2
OECD.SDD.TPS:DSD_PRICES@DF_PRICES_ALL(1.0),PRT,A,HICP,CPI,IX,SERV,N,_Z,2015,100,A,,2015,,2
OECD.SDD.TPS:DSD_PRICES@DF_PRICES_ALL(1.0),PRT,A,HICP,CPI,IX,SERV,N,_Z,2016,101.53,A,,2015,,2
OECD.SDD.TPS:DSD_PRICES@DF_PRICES_ALL(1.0),PRT,A,HICP,CPI,IX,SERV,N,_Z,2017,104.07,A,,2015,,2
OECD.SDD.TPS:DSD_PRICES@DF_PRICES_ALL(1.0),PRT,A,HICP,CPI,IX,SERV,N,_Z,2018,106.22,A,,2015,,2
OECD.SDD.TPS:DSD_PRICES@DF_PRICES_ALL(1.0),PRT,A,HICP,CPI,IX,SERV,N,_Z,2019,107.35,A,,2015,,2
OECD.SDD.TPS:DSD_PRICES@DF_PRICES_ALL(1.0),PRT,A,HICP,CPI,IX,SERV,N,_Z,2020,107.83,A,,2015,,2
OECD.SDD.TPS:DSD_PRICES@DF_PRICES_ALL(1.0),PRT,A,HICP,CPI,IX,SERV,N,_Z,2021,107.81,A,,2015,,2
OECD.SDD.TPS:DSD_PRICES@DF_PRICES_ALL(1.0),PRT,A,HICP,CPI,IX,SERV,N,_Z,2022,113.24,A,,2015,,2
OECD.SDD.TPS:DSD_PRICES@DF_PRICES_ALL(1.0),PRT,A,HICP,CPI,IX,SERV,N,_Z,2023,120.54,A,,2015,,2
OECD.SDD.TPS:DSD_PRICES@DF_PRICES_ALL(1.0),PRT,A,HICP,CPI,IX,SERV,N,_Z,2024,126.01,A,,2015,,2
OECD.SDD.TPS:DSD_PRICES@DF_PRICES_ALL(1.0),PRT,A,HICP,CPI,IX,SERV,N,_Z,2025,130.49,A,,2015,,2
OECD.SDD.TPS:DSD_PRICES@DF_PRICES_ALL(1.0),PRT,A,HICP,CPI,PC,SERV,N,G1,2015,1.4,A,,,,2
OECD.SDD.TPS:DSD_PRICES@DF_PRICES_ALL(1.0),PRT,A,HICP,CPI,PC,SERV,N,G1,2016,1.5,A,,,,2
OECD.SDD.TPS:DSD_PRICES@DF_PRICES_ALL(1.0),PRT,A,HICP,CPI,PC,SERV,N,G1,2017,2.5,A,,,,2
OECD.SDD.TPS:DSD_PRICES@DF_PRICES_ALL(1.0),PRT,A,HICP,CPI,PC,SERV,N,G1,2018,2.1,A,,,,2
OECD.SDD.TPS:DSD_PRICES@DF_PRICES_ALL(1.0),PRT,A,HICP,CPI,PC,SERV,N,G1,2019,1.1,A,,,,2
OECD.SDD.TPS:DSD_PRICES@DF_PRICES_ALL(1.0),PRT,A,HICP,CPI,PC,SERV,N,G1,2020,0.4,A,,,,2
OECD.SDD.TPS:DSD_PRICES@DF_PRICES_ALL(1.0),PRT,A,HICP,CPI,PC,SERV,N,G1,2021,0,A,,,,2
OECD.SDD.TPS:DSD_PRICES@DF_PRICES_ALL(1.0),PRT,A,HICP,CPI,PC,SERV,N,G1,2022,5,A,,,,2
OECD.SDD.TPS:DSD_PRICES@DF_PRICES_ALL(1.0),PRT,A,HICP,CPI,PC,SERV,N,G1,2023,6.5,A,,,,2
OECD.SDD.TPS:DSD_PRICES@DF_PRICES_ALL(1.0),PRT,A,HICP,CPI,PC,SERV,N,G1,2024,4.5,A,,,,2
OECD.SDD.TPS:DSD_PRICES@DF_PRICES_ALL(1.0),PRT,A,HICP,CPI,PC,SERV,N,G1,2025,3.6,A,,,,2
OECD.SDD.TPS:DSD_PRICES@DF_PRICES_ALL(1.0),PRT,A,HICP,CPI,PA,SERV,N,GY,2015,1.4,A,,,,2
OECD.SDD.TPS:DSD_PRICES@DF_PRICES_ALL(1.0),PRT,A,HICP,CPI,PA,SERV,N,GY,2016,1.5,A,,,,2
OECD.SDD.TPS:DSD_PRICES@DF_PRICES_ALL(1.0),PRT,A,HICP,CPI,PA,SERV,N,GY,2017,2.5,A,,,,2
OECD.SDD.TPS:DSD_PRICES@DF_PRICES_ALL(1.0),PRT,A,HICP,CPI,PA,SERV,N,GY,2018,2.1,A,,,,2
OECD.SDD.TPS:DSD_PRICES@DF_PRICES_ALL(1.0),PRT,A,HICP,CPI,PA,SERV,N,GY,2019,1.1,A,,,,2
OECD.SDD.TPS:DSD_PRICES@DF_PRICES_ALL(1.0),PRT,A,HICP,CPI,PA,SERV,N,GY,2020,0.4,A,,,,2
OECD.SDD.TPS:DSD_PRICES@DF_PRICES_ALL(1.0),PRT,A,HICP,CPI,PA,SERV,N,GY,2021,0,A,,,,2
OECD.SDD.TPS:DSD_PRICES@DF_PRICES_ALL(1.0),PRT,A,HICP,CPI,PA,SERV,N,GY,2022,5,A,,,,2
OECD.SDD.TPS:DSD_PRICES@DF_PRICES_ALL(1.0),PRT,A,HICP,CPI,PA,SERV,N,GY,2023,6.5,A,,,,2
OECD.SDD.TPS:DSD_PRICES@DF_PRICES_ALL(1.0),PRT,A,HICP,CPI,PA,SERV,N,GY,2024,4.5,A,,,,2
OECD.SDD.TPS:DSD_PRICES@DF_PRICES_ALL(1.0),PRT,A,HICP,CPI,PA,SERV,N,GY,2025,3.6,A,,,,2
OECD.SDD.TPS:DSD_PRICES@DF_PRICES_ALL(1.0),SVK,A,HICP,CPI,PA,SERV,N,GY,2015,0.6,A,,,,2
OECD.SDD.TPS:DSD_PRICES@DF_PRICES_ALL(1.0),SVK,A,HICP,CPI,PA,SERV,N,GY,2016,1.5,A,,,,2
OECD.SDD.TPS:DSD_PRICES@DF_PRICES_ALL(1.0),SVK,A,HICP,CPI,PA,SERV,N,GY,2017,2,A,,,,2
OECD.SDD.TPS:DSD_PRICES@DF_PRICES_ALL(1.0),SVK,A,HICP,CPI,PA,SERV,N,GY,2018,2.8,A,,,,2
OECD.SDD.TPS:DSD_PRICES@DF_PRICES_ALL(1.0),SVK,A,HICP,CPI,PA,SERV,N,GY,2019,2.8,A,,,,2
OECD.SDD.TPS:DSD_PRICES@DF_PRICES_ALL(1.0),SVK,A,HICP,CPI,PA,SERV,N,GY,2020,3.1,A,,,,2
OECD.SDD.TPS:DSD_PRICES@DF_PRICES_ALL(1.0),SVK,A,HICP,CPI,PA,SERV,N,GY,2021,4.3,A,,,,2
OECD.SDD.TPS:DSD_PRICES@DF_PRICES_ALL(1.0),SVK,A,HICP,CPI,PA,SERV,N,GY,2022,9.3,A,,,,2
OECD.SDD.TPS:DSD_PRICES@DF_PRICES_ALL(1.0),SVK,A,HICP,CPI,PA,SERV,N,GY,2023,10.1,A,,,,2
OECD.SDD.TPS:DSD_PRICES@DF_PRICES_ALL(1.0),SVK,A,HICP,CPI,PA,SERV,N,GY,2024,5.9,A,,,,2
OECD.SDD.TPS:DSD_PRICES@DF_PRICES_ALL(1.0),SVK,A,HICP,CPI,PA,SERV,N,GY,2025,8,A,,,,2
OECD.SDD.TPS:DSD_PRICES@DF_PRICES_ALL(1.0),SVK,A,HICP,CPI,PC,SERV,N,G1,2015,0.6,A,,,,2
OECD.SDD.TPS:DSD_PRICES@DF_PRICES_ALL(1.0),SVK,A,HICP,CPI,PC,SERV,N,G1,2016,1.5,A,,,,2
OECD.SDD.TPS:DSD_PRICES@DF_PRICES_ALL(1.0),SVK,A,HICP,CPI,PC,SERV,N,G1,2017,2,A,,,,2
OECD.SDD.TPS:DSD_PRICES@DF_PRICES_ALL(1.0),SVK,A,HICP,CPI,PC,SERV,N,G1,2018,2.8,A,,,,2
OECD.SDD.TPS:DSD_PRICES@DF_PRICES_ALL(1.0),SVK,A,HICP,CPI,PC,SERV,N,G1,2019,2.8,A,,,,2
OECD.SDD.TPS:DSD_PRICES@DF_PRICES_ALL(1.0),SVK,A,HICP,CPI,PC,SERV,N,G1,2020,3.1,A,,,,2
OECD.SDD.TPS:DSD_PRICES@DF_PRICES_ALL(1.0),SVK,A,HICP,CPI,PC,SERV,N,G1,2021,4.3,A,,,,2
OECD.SDD.TPS:DSD_PRICES@DF_PRICES_ALL(1.0),SVK,A,HICP,CPI,PC,SERV,N,G1,2022,9.3,A,,,,2
OECD.SDD.TPS:DSD_PRICES@DF_PRICES_ALL(1.0),SVK,A,HICP,CPI,PC,SERV,N,G1,2023,10.1,A,,,,2
OECD.SDD.TPS:DSD_PRICES@DF_PRICES_ALL(1.0),SVK,A,HICP,CPI,PC,SERV,N,G1,2024,5.9,A,,,,2
OECD.SDD.TPS:DSD_PRICES@DF_PRICES_ALL(1.0),SVK,A,HICP,CPI,PC,SERV,N,G1,2025,8,A,,,,2
OECD.SDD.TPS:DSD_PRICES@DF_PRICES_ALL(1.0),SVK,A,HICP,CPI,IX,SERV,N,_Z,2015,100,A,,2015,,2
OECD.SDD.TPS:DSD_PRICES@DF_PRICES_ALL(1.0),SVK,A,HICP,CPI,IX,SERV,N,_Z,2016,101.47,A,,2015,,2
OECD.SDD.TPS:DSD_PRICES@DF_PRICES_ALL(1.0),SVK,A,HICP,CPI,IX,SERV,N,_Z,2017,103.51,A,,2015,,2
OECD.SDD.TPS:DSD_PRICES@DF_PRICES_ALL(1.0),SVK,A,HICP,CPI,IX,SERV,N,_Z,2018,106.43,A,,2015,,2
OECD.SDD.TPS:DSD_PRICES@DF_PRICES_ALL(1.0),SVK,A,HICP,CPI,IX,SERV,N,_Z,2019,109.42,A,,2015,,2
OECD.SDD.TPS:DSD_PRICES@DF_PRICES_ALL(1.0),SVK,A,HICP,CPI,IX,SERV,N,_Z,2020,112.85,A,,2015,,2
OECD.SDD.TPS:DSD_PRICES@DF_PRICES_ALL(1.0),SVK,A,HICP,CPI,IX,SERV,N,_Z,2021,117.76,A,,2015,,2
OECD.SDD.TPS:DSD_PRICES@DF_PRICES_ALL(1.0),SVK,A,HICP,CPI,IX,SERV,N,_Z,2022,128.72,A,,2015,,2
OECD.SDD.TPS:DSD_PRICES@DF_PRICES_ALL(1.0),SVK,A,HICP,CPI,IX,SERV,N,_Z,2023,141.77,A,,2015,,2
OECD.SDD.TPS:DSD_PRICES@DF_PRICES_ALL(1.0),SVK,A,HICP,CPI,IX,SERV,N,_Z,2024,150.1,A,,2015,,2
OECD.SDD.TPS:DSD_PRICES@DF_PRICES_ALL(1.0),SVK,A,HICP,CPI,IX,SERV,N,_Z,2025,162.18,A,,2015,,2
OECD.SDD.TPS:DSD_PRICES@DF_PRICES_ALL(1.0),ITA,A,HICP,CPI,PC,SERV,N,G1,2018,1,A,,,,2
OECD.SDD.TPS:DSD_PRICES@DF_PRICES_ALL(1.0),ITA,A,HICP,CPI,IX,SERV,N,_Z,2018,102.7,A,,2015,,2
OECD.SDD.TPS:DSD_PRICES@DF_PRICES_ALL(1.0),ITA,A,HICP,CPI,PA,SERV,N,GY,2018,1,A,,,,2
OECD.SDD.TPS:DSD_PRICES@DF_PRICES_ALL(1.0),ITA,A,HICP,CPI,PA,SERV,N,GY,2019,1,A,,,,2
OECD.SDD.TPS:DSD_PRICES@DF_PRICES_ALL(1.0),ITA,A,HICP,CPI,IX,SERV,N,_Z,2019,103.7,A,,2015,,2
OECD.SDD.TPS:DSD_PRICES@DF_PRICES_ALL(1.0),ITA,A,HICP,CPI,PC,SERV,N,G1,2019,1,A,,,,2
OECD.SDD.TPS:DSD_PRICES@DF_PRICES_ALL(1.0),ITA,A,HICP,CPI,PC,SERV,N,G1,2020,0.4,A,,,,2
OECD.SDD.TPS:DSD_PRICES@DF_PRICES_ALL(1.0),ITA,A,HICP,CPI,IX,SERV,N,_Z,2020,104.1,A,,2015,,2
OECD.SDD.TPS:DSD_PRICES@DF_PRICES_ALL(1.0),ITA,A,HICP,CPI,PA,SERV,N,GY,2020,0.4,A,,,,2
OECD.SDD.TPS:DSD_PRICES@DF_PRICES_ALL(1.0),ITA,A,HICP,CPI,PA,SERV,N,GY,2021,0.9,A,,,,2
OECD.SDD.TPS:DSD_PRICES@DF_PRICES_ALL(1.0),ITA,A,HICP,CPI,IX,SERV,N,_Z,2021,105.1,A,,2015,,2
OECD.SDD.TPS:DSD_PRICES@DF_PRICES_ALL(1.0),ITA,A,HICP,CPI,PC,SERV,N,G1,2021,0.9,A,,,,2
OECD.SDD.TPS:DSD_PRICES@DF_PRICES_ALL(1.0),ITA,A,HICP,CPI,PC,SERV,N,G1,2022,3.4,A,,,,2
OECD.SDD.TPS:DSD_PRICES@DF_PRICES_ALL(1.0),ITA,A,HICP,CPI,IX,SERV,N,_Z,2022,108.7,A,,2015,,2
OECD.SDD.TPS:DSD_PRICES@DF_PRICES_ALL(1.0),ITA,A,HICP,CPI,PA,SERV,N,GY,2022,3.4,A,,,,2
OECD.SDD.TPS:DSD_PRICES@DF_PRICES_ALL(1.0),ITA,A,HICP,CPI,PA,SERV,N,GY,2023,4.5,A,,,,2
OECD.SDD.TPS:DSD_PRICES@DF_PRICES_ALL(1.0),ITA,A,HICP,CPI,IX,SERV,N,_Z,2023,113.6,A,,2015,,2
OECD.SDD.TPS:DSD_PRICES@DF_PRICES_ALL(1.0),ITA,A,HICP,CPI,PC,SERV,N,G1,2023,4.5,A,,,,2
OECD.SDD.TPS:DSD_PRICES@DF_PRICES_ALL(1.0),ITA,A,HICP,CPI,PC,SERV,N,G1,2024,3.2,A,,,,2
OECD.SDD.TPS:DSD_PRICES@DF_PRICES_ALL(1.0),ITA,A,HICP,CPI,IX,SERV,N,_Z,2024,117.1,A,,2015,,2
OECD.SDD.TPS:DSD_PRICES@DF_PRICES_ALL(1.0),ITA,A,HICP,CPI,PA,SERV,N,GY,2024,3.2,A,,,,2
OECD.SDD.TPS:DSD_PRICES@DF_PRICES_ALL(1.0),ITA,A,HICP,CPI,PA,SERV,N,GY,2025,2.9,A,,,,2
OECD.SDD.TPS:DSD_PRICES@DF_PRICES_ALL(1.0),ITA,A,HICP,CPI,IX,SERV,N,_Z,2025,120.5,A,,2015,,2
OECD.SDD.TPS:DSD_PRICES@DF_PRICES_ALL(1.0),ITA,A,HICP,CPI,PC,SERV,N,G1,2025,2.9,A,,,,2
OECD.SDD.TPS:DSD_PRICES@DF_PRICES_ALL(1.0),TUR,A,HICP,CPI,IX,SERV,N,_Z,2019,150.06,A,,2015,,2
OECD.SDD.TPS:DSD_PRICES@DF_PRICES_ALL(1.0),TUR,A,HICP,CPI,PA,SERV,N,GY,2019,14,A,,,,2
OECD.SDD.TPS:DSD_PRICES@DF_PRICES_ALL(1.0),TUR,A,HICP,CPI,PC,SERV,N,G1,2019,14,A,,,,2
OECD.SDD.TPS:DSD_PRICES@DF_PRICES_ALL(1.0),TUR,A,HICP,CPI,PC,SERV,N,G1,2020,11.7,A,,,,2
OECD.SDD.TPS:DSD_PRICES@DF_PRICES_ALL(1.0),TUR,A,HICP,CPI,PA,SERV,N,GY,2020,11.7,A,,,,2
OECD.SDD.TPS:DSD_PRICES@DF_PRICES_ALL(1.0),TUR,A,HICP,CPI,IX,SERV,N,_Z,2020,167.6,A,,2015,,2
OECD.SDD.TPS:DSD_PRICES@DF_PRICES_ALL(1.0),TUR,A,HICP,CPI,IX,SERV,N,_Z,2021,191.95,A,,2015,,2
OECD.SDD.TPS:DSD_PRICES@DF_PRICES_ALL(1.0),TUR,A,HICP,CPI,PA,SERV,N,GY,2021,14.5,A,,,,2
OECD.SDD.TPS:DSD_PRICES@DF_PRICES_ALL(1.0),TUR,A,HICP,CPI,PC,SERV,N,G1,2021,14.5,A,,,,2
OECD.SDD.TPS:DSD_PRICES@DF_PRICES_ALL(1.0),TUR,A,HICP,CPI,PC,SERV,N,G1,2022,48.4,A,,,,2
OECD.SDD.TPS:DSD_PRICES@DF_PRICES_ALL(1.0),TUR,A,HICP,CPI,PA,SERV,N,GY,2022,48.4,A,,,,2
OECD.SDD.TPS:DSD_PRICES@DF_PRICES_ALL(1.0),TUR,A,HICP,CPI,IX,SERV,N,_Z,2022,284.94,A,,2015,,2
OECD.SDD.TPS:DSD_PRICES@DF_PRICES_ALL(1.0),TUR,A,HICP,CPI,IX,SERV,N,_Z,2023,494.64,A,,2015,,2
OECD.SDD.TPS:DSD_PRICES@DF_PRICES_ALL(1.0),TUR,A,HICP,CPI,PA,SERV,N,GY,2023,73.6,A,,,,2
OECD.SDD.TPS:DSD_PRICES@DF_PRICES_ALL(1.0),TUR,A,HICP,CPI,PC,SERV,N,G1,2023,73.6,A,,,,2
OECD.SDD.TPS:DSD_PRICES@DF_PRICES_ALL(1.0),TUR,A,HICP,CPI,PC,SERV,N,G1,2024,81.8,A,,,,2
OECD.SDD.TPS:DSD_PRICES@DF_PRICES_ALL(1.0),TUR,A,HICP,CPI,PA,SERV,N,GY,2024,81.8,A,,,,2
OECD.SDD.TPS:DSD_PRICES@DF_PRICES_ALL(1.0),TUR,A,HICP,CPI,IX,SERV,N,_Z,2024,899.15,A,,2015,,2
OECD.SDD.TPS:DSD_PRICES@DF_PRICES_ALL(1.0),TUR,A,HICP,CPI,IX,SERV,N,_Z,2025,1347.1,A,,2015,,2
OECD.SDD.TPS:DSD_PRICES@DF_PRICES_ALL(1.0),TUR,A,HICP,CPI,PA,SERV,N,GY,2025,49.8,A,,,,2
OECD.SDD.TPS:DSD_PRICES@DF_PRICES_ALL(1.0),TUR,A,HICP,CPI,PC,SERV,N,G1,2025,49.8,A,,,,2
OECD.SDD.TPS:DSD_PRICES@DF_PRICES_ALL(1.0),ITA,A,N,CPI,IX,SERV,N,_Z,2018,102.6,A,,2015,,2
OECD.SDD.TPS:DSD_PRICES@DF_PRICES_ALL(1.0),ITA,A,N,CPI,IX,GD,N,_Z,2018,102.0417,A,,2015,,2
OECD.SDD.TPS:DSD_PRICES@DF_PRICES_ALL(1.0),ITA,A,N,CPI,IX,GD,N,_Z,2019,102.4,A,,2015,,2
OECD.SDD.TPS:DSD_PRICES@DF_PRICES_ALL(1.0),ITA,A,N,CPI,IX,SERV,N,_Z,2019,103.55,A,,2015,,2
OECD.SDD.TPS:DSD_PRICES@DF_PRICES_ALL(1.0),ITA,A,N,CPI,IX,SERV,N,_Z,2020,103.9917,A,,2015,,2
OECD.SDD.TPS:DSD_PRICES@DF_PRICES_ALL(1.0),ITA,A,N,CPI,IX,GD,N,_Z,2020,101.75,A,,2015,,2
OECD.SDD.TPS:DSD_PRICES@DF_PRICES_ALL(1.0),ITA,A,N,CPI,IX,GD,N,_Z,2021,104.275,A,,2015,,2
OECD.SDD.TPS:DSD_PRICES@DF_PRICES_ALL(1.0),ITA,A,N,CPI,IX,SERV,N,_Z,2021,105.05,A,,2015,,2
OECD.SDD.TPS:DSD_PRICES@DF_PRICES_ALL(1.0),ITA,A,N,CPI,IX,SERV,N,_Z,2022,108.2917,A,,2015,,2
OECD.SDD.TPS:DSD_PRICES@DF_PRICES_ALL(1.0),ITA,A,N,CPI,IX,GD,N,_Z,2022,116.7167,A,,2015,,2
OECD.SDD.TPS:DSD_PRICES@DF_PRICES_ALL(1.0),ITA,A,N,CPI,IX,GD,N,_Z,2023,124.2083,A,,2015,,2
OECD.SDD.TPS:DSD_PRICES@DF_PRICES_ALL(1.0),ITA,A,N,CPI,IX,SERV,N,_Z,2023,112.8,A,,2015,,2
OECD.SDD.TPS:DSD_PRICES@DF_PRICES_ALL(1.0),ITA,A,N,CPI,IX,SERV,N,_Z,2024,116.0333,A,,2015,,2
OECD.SDD.TPS:DSD_PRICES@DF_PRICES_ALL(1.0),ITA,A,N,CPI,IX,GD,N,_Z,2024,123.625,A,,2015,,2
OECD.SDD.TPS:DSD_PRICES@DF_PRICES_ALL(1.0),ITA,A,N,CPI,IX,GD,N,_Z,2025,124.4917,A,,2015,,2
OECD.SDD.TPS:DSD_PRICES@DF_PRICES_ALL(1.0),ITA,A,N,CPI,IX,SERV,N,_Z,2025,119.05,A,,2015,,2
OECD.SDD.TPS:DSD_PRICES@DF_PRICES_ALL(1.0),USA,A,N,CPI,IX,GD,N,_Z,2015,100,A,,2015,,2
OECD.SDD.TPS:DSD_PRICES@DF_PRICES_ALL(1.0),USA,A,N,CPI,IX,SERV,N,_Z,2015,100,A,,2015,,2
OECD.SDD.TPS:DSD_PRICES@DF_PRICES_ALL(1.0),USA,A,N,CPI,IX,SERV,N,_Z,2016,102.8321,A,,2015,,2
OECD.SDD.TPS:DSD_PRICES@DF_PRICES_ALL(1.0),USA,A,N,CPI,IX,GD,N,_Z,2016,98.64105,A,,2015,,2
OECD.SDD.TPS:DSD_PRICES@DF_PRICES_ALL(1.0),USA,A,N,CPI,IX,GD,N,_Z,2017,99.74477,A,,2015,,2
OECD.SDD.TPS:DSD_PRICES@DF_PRICES_ALL(1.0),USA,A,N,CPI,IX,SERV,N,_Z,2017,105.6205,A,,2015,,2
OECD.SDD.TPS:DSD_PRICES@DF_PRICES_ALL(1.0),USA,A,N,CPI,IX,SERV,N,_Z,2018,108.5446,A,,2015,,2
OECD.SDD.TPS:DSD_PRICES@DF_PRICES_ALL(1.0),USA,A,N,CPI,IX,GD,N,_Z,2018,101.6036,A,,2015,,2
OECD.SDD.TPS:DSD_PRICES@DF_PRICES_ALL(1.0),USA,A,N,CPI,IX,GD,N,_Z,2019,101.9607,A,,2015,,2
OECD.SDD.TPS:DSD_PRICES@DF_PRICES_ALL(1.0),USA,A,N,CPI,IX,SERV,N,_Z,2019,111.4584,A,,2015,,2
OECD.SDD.TPS:DSD_PRICES@DF_PRICES_ALL(1.0),USA,A,N,CPI,IX,SERV,N,_Z,2020,113.8151,A,,2015,,2
OECD.SDD.TPS:DSD_PRICES@DF_PRICES_ALL(1.0),USA,A,N,CPI,IX,GD,N,_Z,2020,101.7037,A,,2015,,2
OECD.SDD.TPS:DSD_PRICES@DF_PRICES_ALL(1.0),USA,A,N,CPI,IX,GD,N,_Z,2021,109.6439,A,,2015,,2
OECD.SDD.TPS:DSD_PRICES@DF_PRICES_ALL(1.0),USA,A,N,CPI,IX,GD,N,_Z,2022,121.5915,A,,2015,,2
OECD.SDD.TPS:DSD_PRICES@DF_PRICES_ALL(1.0),USA,A,N,CPI,IX,GD,N,_Z,2023,122.9985,A,,2015,,2
OECD.SDD.TPS:DSD_PRICES@DF_PRICES_ALL(1.0),USA,A,N,CPI,IX,SERV,N,_Z,2023,131.8188,A,,2015,,2
OECD.SDD.TPS:DSD_PRICES@DF_PRICES_ALL(1.0),USA,A,N,CPI,IX,SERV,N,_Z,2024,138.2534,A,,2015,,2
OECD.SDD.TPS:DSD_PRICES@DF_PRICES_ALL(1.0),USA,A,N,CPI,IX,GD,N,_Z,2024,122.7083,A,,2015,,2
OECD.SDD.TPS:DSD_PRICES@DF_PRICES_ALL(1.0),SVK,A,N,CPI,IX,GD,N,_Z,2015,100,A,,2015,,2
OECD.SDD.TPS:DSD_PRICES@DF_PRICES_ALL(1.0),SVK,A,N,CPI,IX,SERV,N,_Z,2015,100,A,,2015,,2
OECD.SDD.TPS:DSD_PRICES@DF_PRICES_ALL(1.0),SVK,A,N,CPI,IX,SERV,N,_Z,2016,100.9521,A,,2015,,2
OECD.SDD.TPS:DSD_PRICES@DF_PRICES_ALL(1.0),SVK,A,N,CPI,IX,GD,N,_Z,2016,98.214,A,,2015,,2
OECD.SDD.TPS:DSD_PRICES@DF_PRICES_ALL(1.0),SVK,A,N,CPI,IX,GD,N,_Z,2017,97.27848,A,,2015,,2
OECD.SDD.TPS:DSD_PRICES@DF_PRICES_ALL(1.0),SVK,A,N,CPI,IX,SERV,N,_Z,2017,102.1811,A,,2015,,2
OECD.SDD.TPS:DSD_PRICES@DF_PRICES_ALL(1.0),SVK,A,N,CPI,IX,SERV,N,_Z,2018,105.0981,A,,2015,,2
OECD.SDD.TPS:DSD_PRICES@DF_PRICES_ALL(1.0),SVK,A,N,CPI,IX,GD,N,_Z,2018,97.96949,A,,2015,,2
OECD.SDD.TPS:DSD_PRICES@DF_PRICES_ALL(1.0),SVK,A,N,CPI,IX,GD,N,_Z,2019,100.5634,A,,2015,,2
OECD.SDD.TPS:DSD_PRICES@DF_PRICES_ALL(1.0),SVK,A,N,CPI,IX,SERV,N,_Z,2019,107.3891,A,,2015,,2
OECD.SDD.TPS:DSD_PRICES@DF_PRICES_ALL(1.0),SVK,A,N,CPI,IX,SERV,N,_Z,2020,111.3303,A,,2015,,2
OECD.SDD.TPS:DSD_PRICES@DF_PRICES_ALL(1.0),SVK,A,N,CPI,IX,GD,N,_Z,2020,102.2591,A,,2015,,2
OECD.SDD.TPS:DSD_PRICES@DF_PRICES_ALL(1.0),SVK,A,N,CPI,IX,GD,N,_Z,2021,104.6882,A,,2015,,2
OECD.SDD.TPS:DSD_PRICES@DF_PRICES_ALL(1.0),SVK,A,N,CPI,IX,SERV,N,_Z,2021,117.1111,A,,2015,,2
OECD.SDD.TPS:DSD_PRICES@DF_PRICES_ALL(1.0),SVK,A,N,CPI,IX,SERV,N,_Z,2022,130.8956,A,,2015,,2
OECD.SDD.TPS:DSD_PRICES@DF_PRICES_ALL(1.0),SVK,A,N,CPI,IX,GD,N,_Z,2022,118.5776,A,,2015,,2
OECD.SDD.TPS:DSD_PRICES@DF_PRICES_ALL(1.0),SVK,A,N,CPI,IX,GD,N,_Z,2023,133.7533,A,,2015,,2
OECD.SDD.TPS:DSD_PRICES@DF_PRICES_ALL(1.0),SVK,A,N,CPI,IX,SERV,N,_Z,2024,150.2409,A,,2015,,2
OECD.SDD.TPS:DSD_PRICES@DF_PRICES_ALL(1.0),SVK,A,N,CPI,IX,GD,N,_Z,2024,137.3625,A,,2015,,2
OECD.SDD.TPS:DSD_PRICES@DF_PRICES_ALL(1.0),SVK,A,N,CPI,IX,GD,N,_Z,2025,139.3132,A,,2015,,2
OECD.SDD.TPS:DSD_PRICES@DF_PRICES_ALL(1.0),SVK,A,N,CPI,IX,SERV,N,_Z,2025,157.6983,A,,2015,,2
OECD.SDD.TPS:DSD_PRICES@DF_PRICES_ALL(1.0),KOR,A,N,CPI,IX,SERV,N,_Z,2015,100,A,,2015,,2
OECD.SDD.TPS:DSD_PRICES@DF_PRICES_ALL(1.0),KOR,A,N,CPI,IX,GD,N,_Z,2015,100,A,,2015,,2
OECD.SDD.TPS:DSD_PRICES@DF_PRICES_ALL(1.0),KOR,A,N,CPI,IX,GD,N,_Z,2016,99.3991,A,,2015,,2
OECD.SDD.TPS:DSD_PRICES@DF_PRICES_ALL(1.0),KOR,A,N,CPI,IX,SERV,N,_Z,2016,102.2464,A,,2015,,2
OECD.SDD.TPS:DSD_PRICES@DF_PRICES_ALL(1.0),KOR,A,N,CPI,IX,SERV,N,_Z,2017,104.2532,A,,2015,,2
OECD.SDD.TPS:DSD_PRICES@DF_PRICES_ALL(1.0),KOR,A,N,CPI,IX,GD,N,_Z,2017,101.3056,A,,2015,,2
OECD.SDD.TPS:DSD_PRICES@DF_PRICES_ALL(1.0),KOR,A,N,CPI,IX,GD,N,_Z,2018,102.6466,A,,2015,,2
OECD.SDD.TPS:DSD_PRICES@DF_PRICES_ALL(1.0),KOR,A,N,CPI,IX,SERV,N,_Z,2018,105.924,A,,2015,,2
OECD.SDD.TPS:DSD_PRICES@DF_PRICES_ALL(1.0),KOR,A,N,CPI,IX,SERV,N,_Z,2019,106.9081,A,,2015,,2
OECD.SDD.TPS:DSD_PRICES@DF_PRICES_ALL(1.0),KOR,A,N,CPI,IX,GD,N,_Z,2019,102.3482,A,,2015,,2
OECD.SDD.TPS:DSD_PRICES@DF_PRICES_ALL(1.0),KOR,A,N,CPI,IX,GD,N,_Z,2020,103.2466,A,,2015,,2
OECD.SDD.TPS:DSD_PRICES@DF_PRICES_ALL(1.0),KOR,A,N,CPI,IX,SERV,N,_Z,2020,107.1816,A,,2015,,2
OECD.SDD.TPS:DSD_PRICES@DF_PRICES_ALL(1.0),KOR,A,N,CPI,IX,SERV,N,_Z,2021,109.2743,A,,2015,,2
OECD.SDD.TPS:DSD_PRICES@DF_PRICES_ALL(1.0),KOR,A,N,CPI,IX,GD,N,_Z,2021,106.4722,A,,2015,,2
OECD.SDD.TPS:DSD_PRICES@DF_PRICES_ALL(1.0),KOR,A,N,CPI,IX,GD,N,_Z,2022,113.5919,A,,2015,,2
OECD.SDD.TPS:DSD_PRICES@DF_PRICES_ALL(1.0),KOR,A,N,CPI,IX,SERV,N,_Z,2022,113.2856,A,,2015,,2
OECD.SDD.TPS:DSD_PRICES@DF_PRICES_ALL(1.0),KOR,A,N,CPI,IX,SERV,N,_Z,2023,116.9843,A,,2015,,2
OECD.SDD.TPS:DSD_PRICES@DF_PRICES_ALL(1.0),KOR,A,N,CPI,IX,GD,N,_Z,2023,118.1477,A,,2015,,2
OECD.SDD.TPS:DSD_PRICES@DF_PRICES_ALL(1.0),KOR,A,N,CPI,IX,GD,N,_Z,2024,121.0153,A,,2015,,2
OECD.SDD.TPS:DSD_PRICES@DF_PRICES_ALL(1.0),KOR,A,N,CPI,IX,SERV,N,_Z,2025,122.2656,A,,2015,,2
OECD.SDD.TPS:DSD_PRICES@DF_PRICES_ALL(1.0),KOR,A,N,CPI,IX,GD,N,_Z,2025,123.4296,A,,2015,,2
OECD.SDD.TPS:DSD_PRICES@DF_PRICES_ALL(1.0),PRT,A,N,CPI,IX,SERV,N,_Z,2015,100,A,,2015,,2
OECD.SDD.TPS:DSD_PRICES@DF_PRICES_ALL(1.0),PRT,A,N,CPI,IX,GD,N,_Z,2015,100,A,,2015,,2
OECD.SDD.TPS:DSD_PRICES@DF_PRICES_ALL(1.0),PRT,A,N,CPI,IX,GD,N,_Z,2016,99.9646,A,,2015,,2
OECD.SDD.TPS:DSD_PRICES@DF_PRICES_ALL(1.0),PRT,A,N,CPI,IX,SERV,N,_Z,2016,101.5202,A,,2015,,2
OECD.SDD.TPS:DSD_PRICES@DF_PRICES_ALL(1.0),PRT,A,N,CPI,IX,GD,N,_Z,2017,100.831,A,,2015,,2
OECD.SDD.TPS:DSD_PRICES@DF_PRICES_ALL(1.0),PRT,A,N,CPI,IX,GD,N,_Z,2018,101.3801,A,,2015,,2
OECD.SDD.TPS:DSD_PRICES@DF_PRICES_ALL(1.0),PRT,A,N,CPI,IX,SERV,N,_Z,2018,105.3983,A,,2015,,2
OECD.SDD.TPS:DSD_PRICES@DF_PRICES_ALL(1.0),PRT,A,N,CPI,IX,GD,N,_Z,2019,101.1176,A,,2015,,2
OECD.SDD.TPS:DSD_PRICES@DF_PRICES_ALL(1.0),PRT,A,N,CPI,IX,GD,N,_Z,2020,100.5807,A,,2015,,2
OECD.SDD.TPS:DSD_PRICES@DF_PRICES_ALL(1.0),PRT,A,N,CPI,IX,SERV,N,_Z,2020,107.4439,A,,2015,,2
OECD.SDD.TPS:DSD_PRICES@DF_PRICES_ALL(1.0),PRT,A,N,CPI,IX,SERV,N,_Z,2021,108.1149,A,,2015,,2
OECD.SDD.TPS:DSD_PRICES@DF_PRICES_ALL(1.0),PRT,A,N,CPI,IX,GD,N,_Z,2021,102.2976,A,,2015,,2
OECD.SDD.TPS:DSD_PRICES@DF_PRICES_ALL(1.0),PRT,A,N,CPI,IX,GD,N,_Z,2022,112.7579,A,,2015,,2
OECD.SDD.TPS:DSD_PRICES@DF_PRICES_ALL(1.0),PRT,A,N,CPI,IX,SERV,N,_Z,2022,112.7201,A,,2015,,2
OECD.SDD.TPS:DSD_PRICES@DF_PRICES_ALL(1.0),PRT,A,N,CPI,IX,SERV,N,_Z,2023,117.8569,A,,2015,,2
OECD.SDD.TPS:DSD_PRICES@DF_PRICES_ALL(1.0),PRT,A,N,CPI,IX,GD,N,_Z,2023,117.364,A,,2015,,2
OECD.SDD.TPS:DSD_PRICES@DF_PRICES_ALL(1.0),PRT,A,N,CPI,IX,GD,N,_Z,2024,118.7218,A,,2015,,2
OECD.SDD.TPS:DSD_PRICES@DF_PRICES_ALL(1.0),PRT,A,N,CPI,IX,SERV,N,_Z,2024,122.8212,A,,2015,,2
OECD.SDD.TPS:DSD_PRICES@DF_PRICES_ALL(1.0),PRT,A,N,CPI,IX,SERV,N,_Z,2025,127.7246,A,,2015,,2
OECD.SDD.TPS:DSD_PRICES@DF_PRICES_ALL(1.0),PRT,A,N,CPI,IX,GD,N,_Z,2025,120.0762,A,,2015,,2
OECD.SDD.TPS:DSD_PRICES@DF_PRICES_ALL(1.0),GBR,A,N,CPI,IX,SERV,N,_Z,2015,100,A,,2015,,2
OECD.SDD.TPS:DSD_PRICES@DF_PRICES_ALL(1.0),GBR,A,N,CPI,IX,GD,N,_Z,2015,100,A,,2015,,2
OECD.SDD.TPS:DSD_PRICES@DF_PRICES_ALL(1.0),GBR,A,N,CPI,IX,GD,N,_Z,2016,98.9,A,,2015,,2
OECD.SDD.TPS:DSD_PRICES@DF_PRICES_ALL(1.0),GBR,A,N,CPI,IX,SERV,N,_Z,2016,102.5,A,,2015,,2
OECD.SDD.TPS:DSD_PRICES@DF_PRICES_ALL(1.0),GBR,A,N,CPI,IX,SERV,N,_Z,2017,105,A,,2015,,2
OECD.SDD.TPS:DSD_PRICES@DF_PRICES_ALL(1.0),GBR,A,N,CPI,IX,GD,N,_Z,2017,101.6,A,,2015,,2
OECD.SDD.TPS:DSD_PRICES@DF_PRICES_ALL(1.0),GBR,A,N,CPI,IX,GD,N,_Z,2018,104.2,A,,2015,,2
OECD.SDD.TPS:DSD_PRICES@DF_PRICES_ALL(1.0),GBR,A,N,CPI,IX,SERV,N,_Z,2018,107.2,A,,2015,,2
OECD.SDD.TPS:DSD_PRICES@DF_PRICES_ALL(1.0),GBR,A,N,CPI,IX,SERV,N,_Z,2019,109.6,A,,2015,,2
OECD.SDD.TPS:DSD_PRICES@DF_PRICES_ALL(1.0),GBR,A,N,CPI,IX,GD,N,_Z,2019,105.4,A,,2015,,2
OECD.SDD.TPS:DSD_PRICES@DF_PRICES_ALL(1.0),GBR,A,N,CPI,IX,GD,N,_Z,2020,105.3,A,,2015,,2
OECD.SDD.TPS:DSD_PRICES@DF_PRICES_ALL(1.0),GBR,A,N,CPI,IX,SERV,N,_Z,2020,111.5,A,,2015,,2
OECD.SDD.TPS:DSD_PRICES@DF_PRICES_ALL(1.0),GBR,A,N,CPI,IX,SERV,N,_Z,2021,114,A,,2015,,2
OECD.SDD.TPS:DSD_PRICES@DF_PRICES_ALL(1.0),GBR,A,N,CPI,IX,GD,N,_Z,2021,108.3,A,,2015,,2
OECD.SDD.TPS:DSD_PRICES@DF_PRICES_ALL(1.0),GBR,A,N,CPI,IX,GD,N,_Z,2022,121.4,A,,2015,,2
OECD.SDD.TPS:DSD_PRICES@DF_PRICES_ALL(1.0),GBR,A,N,CPI,IX,SERV,N,_Z,2022,119.2,A,,2015,,2
OECD.SDD.TPS:DSD_PRICES@DF_PRICES_ALL(1.0),GBR,A,N,CPI,IX,GD,N,_Z,2023,130.6,A,,2015,,2
OECD.SDD.TPS:DSD_PRICES@DF_PRICES_ALL(1.0),GBR,A,N,CPI,IX,GD,N,_Z,2024,130.4,A,,2015,,2
OECD.SDD.TPS:DSD_PRICES@DF_PRICES_ALL(1.0),GBR,A,N,CPI,IX,SERV,N,_Z,2024,133.7,A,,2015,,2
OECD.SDD.TPS:DSD_PRICES@DF_PRICES_ALL(1.0),GBR,A,N,CPI,IX,SERV,N,_Z,2025,140.6,A,,2015,,2
OECD.SDD.TPS:DSD_PRICES@DF_PRICES_ALL(1.0),GBR,A,N,CPI,IX,GD,N,_Z,2025,133,A,,2015,,2
OECD.SDD.TPS:DSD_PRICES@DF_PRICES_ALL(1.0),GBR,A,N,CPI,PA,SERV,N,GY,2015,2.2,A,,,,2
OECD.SDD.TPS:DSD_PRICES@DF_PRICES_ALL(1.0),GBR,A,N,CPI,PA,GD,N,GY,2015,-2,A,,,,2
OECD.SDD.TPS:DSD_PRICES@DF_PRICES_ALL(1.0),GBR,A,N,CPI,PA,GD,N,GY,2016,-1.1,A,,,,2
OECD.SDD.TPS:DSD_PRICES@DF_PRICES_ALL(1.0),GBR,A,N,CPI,PA,SERV,N,GY,2016,2.5,A,,,,2
OECD.SDD.TPS:DSD_PRICES@DF_PRICES_ALL(1.0),GBR,A,N,CPI,PA,SERV,N,GY,2017,2.5,A,,,,2
OECD.SDD.TPS:DSD_PRICES@DF_PRICES_ALL(1.0),GBR,A,N,CPI,PA,GD,N,GY,2017,2.7,A,,,,2
OECD.SDD.TPS:DSD_PRICES@DF_PRICES_ALL(1.0),GBR,A,N,CPI,PA,GD,N,GY,2018,2.5,A,,,,2
OECD.SDD.TPS:DSD_PRICES@DF_PRICES_ALL(1.0),GBR,A,N,CPI,PA,SERV,N,GY,2018,2.1,A,,,,2
OECD.SDD.TPS:DSD_PRICES@DF_PRICES_ALL(1.0),GBR,A,N,CPI,PA,SERV,N,GY,2019,2.2,A,,,,2
OECD.SDD.TPS:DSD_PRICES@DF_PRICES_ALL(1.0),GBR,A,N,CPI,PA,GD,N,GY,2019,1.1,A,,,,2
OECD.SDD.TPS:DSD_PRICES@DF_PRICES_ALL(1.0),GBR,A,N,CPI,PA,GD,N,GY,2020,0,A,,,,2
OECD.SDD.TPS:DSD_PRICES@DF_PRICES_ALL(1.0),GBR,A,N,CPI,PA,SERV,N,GY,2020,1.7,A,,,,2
OECD.SDD.TPS:DSD_PRICES@DF_PRICES_ALL(1.0),GBR,A,N,CPI,PA,SERV,N,GY,2021,2.2,A,,,,2
OECD.SDD.TPS:DSD_PRICES@DF_PRICES_ALL(1.0),GBR,A,N,CPI,PA,GD,N,GY,2021,2.8,A,,,,2
OECD.SDD.TPS:DSD_PRICES@DF_PRICES_ALL(1.0),GBR,A,N,CPI,PA,GD,N,GY,2022,12.1,A,,,,2
OECD.SDD.TPS:DSD_PRICES@DF_PRICES_ALL(1.0),GBR,A,N,CPI,PA,SERV,N,GY,2022,4.6,A,,,,2
OECD.SDD.TPS:DSD_PRICES@DF_PRICES_ALL(1.0),GBR,A,N,CPI,PA,SERV,N,GY,2023,6,A,,,,2
OECD.SDD.TPS:DSD_PRICES@DF_PRICES_ALL(1.0),GBR,A,N,CPI,PA,GD,N,GY,2023,7.6,A,,,,2
OECD.SDD.TPS:DSD_PRICES@DF_PRICES_ALL(1.0),GBR,A,N,CPI,PA,GD,N,GY,2024,-0.2,A,,,,2
OECD.SDD.TPS:DSD_PRICES@DF_PRICES_ALL(1.0),GBR,A,N,CPI,PA,GD,N,GY,2025,2,A,,,,2
OECD.SDD.TPS:DSD_PRICES@DF_PRICES_ALL(1.0),PRT,A,N,CPI,PA,SERV,N,GY,2015,1.292806,A,,,,2
OECD.SDD.TPS:DSD_PRICES@DF_PRICES_ALL(1.0),PRT,A,N,CPI,PA,GD,N,GY,2015,-0.06401402,A,,,,2
OECD.SDD.TPS:DSD_PRICES@DF_PRICES_ALL(1.0),PRT,A,N,CPI,PA,GD,N,GY,2016,-0.03539883,A,,,,2
OECD.SDD.TPS:DSD_PRICES@DF_PRICES_ALL(1.0),PRT,A,N,CPI,PA,SERV,N,GY,2016,1.520222,A,,,,2
OECD.SDD.TPS:DSD_PRICES@DF_PRICES_ALL(1.0),PRT,A,N,CPI,PA,SERV,N,GY,2017,2.106498,A,,,,2
OECD.SDD.TPS:DSD_PRICES@DF_PRICES_ALL(1.0),PRT,A,N,CPI,PA,GD,N,GY,2017,0.8667352,A,,,,2
OECD.SDD.TPS:DSD_PRICES@DF_PRICES_ALL(1.0),PRT,A,N,CPI,PA,GD,N,GY,2018,0.544494,A,,,,2
OECD.SDD.TPS:DSD_PRICES@DF_PRICES_ALL(1.0),PRT,A,N,CPI,PA,SERV,N,GY,2018,1.678185,A,,,,2
OECD.SDD.TPS:DSD_PRICES@DF_PRICES_ALL(1.0),PRT,A,N,CPI,PA,SERV,N,GY,2019,1.211167,A,,,,2
OECD.SDD.TPS:DSD_PRICES@DF_PRICES_ALL(1.0),PRT,A,N,CPI,PA,GD,N,GY,2019,-0.2588843,A,,,,2
OECD.SDD.TPS:DSD_PRICES@DF_PRICES_ALL(1.0),PRT,A,N,CPI,PA,GD,N,GY,2020,-0.5309484,A,,,,2
OECD.SDD.TPS:DSD_PRICES@DF_PRICES_ALL(1.0),PRT,A,N,CPI,PA,SERV,N,GY,2020,0.7209055,A,,,,2
OECD.SDD.TPS:DSD_PRICES@DF_PRICES_ALL(1.0),PRT,A,N,CPI,PA,SERV,N,GY,2021,0.6244862,A,,,,2
OECD.SDD.TPS:DSD_PRICES@DF_PRICES_ALL(1.0),PRT,A,N,CPI,PA,GD,N,GY,2021,1.706931,A,,,,2
OECD.SDD.TPS:DSD_PRICES@DF_PRICES_ALL(1.0),PRT,A,N,CPI,PA,GD,N,GY,2022,10.22542,A,,,,2
OECD.SDD.TPS:DSD_PRICES@DF_PRICES_ALL(1.0),PRT,A,N,CPI,PA,SERV,N,GY,2023,4.557153,A,,,,2
OECD.SDD.TPS:DSD_PRICES@DF_PRICES_ALL(1.0),PRT,A,N,CPI,PA,GD,N,GY,2023,4.084912,A,,,,2
OECD.SDD.TPS:DSD_PRICES@DF_PRICES_ALL(1.0),PRT,A,N,CPI,PA,GD,N,GY,2024,1.156912,A,,,,2
OECD.SDD.TPS:DSD_PRICES@DF_PRICES_ALL(1.0),PRT,A,N,CPI,PA,SERV,N,GY,2024,4.212075,A,,,,2
OECD.SDD.TPS:DSD_PRICES@DF_PRICES_ALL(1.0),PRT,A,N,CPI,PA,GD,N,GY,2025,1.140841,A,,,,2
OECD.SDD.TPS:DSD_PRICES@DF_PRICES_ALL(1.0),SVK,A,N,CPI,PA,GD,N,GY,2015,-0.04250571,A,,,,2
OECD.SDD.TPS:DSD_PRICES@DF_PRICES_ALL(1.0),SVK,A,N,CPI,PA,SERV,N,GY,2015,0.3120125,A,,,,2
OECD.SDD.TPS:DSD_PRICES@DF_PRICES_ALL(1.0),SVK,A,N,CPI,PA,GD,N,GY,2016,-1.785999,A,,,,2
OECD.SDD.TPS:DSD_PRICES@DF_PRICES_ALL(1.0),SVK,A,N,CPI,PA,GD,N,GY,2017,-0.9525356,A,,,,2
OECD.SDD.TPS:DSD_PRICES@DF_PRICES_ALL(1.0),SVK,A,N,CPI,PA,SERV,N,GY,2017,1.217404,A,,,,2
OECD.SDD.TPS:DSD_PRICES@DF_PRICES_ALL(1.0),SVK,A,N,CPI,PA,SERV,N,GY,2018,2.854703,A,,,,2
OECD.SDD.TPS:DSD_PRICES@DF_PRICES_ALL(1.0),SVK,A,N,CPI,PA,GD,N,GY,2018,0.7103437,A,,,,2
OECD.SDD.TPS:DSD_PRICES@DF_PRICES_ALL(1.0),SVK,A,N,CPI,PA,GD,N,GY,2019,2.647713,A,,,,2
OECD.SDD.TPS:DSD_PRICES@DF_PRICES_ALL(1.0),SVK,A,N,CPI,PA,SERV,N,GY,2019,2.179955,A,,,,2
OECD.SDD.TPS:DSD_PRICES@DF_PRICES_ALL(1.0),SVK,A,N,CPI,PA,SERV,N,GY,2020,3.669952,A,,,,2
OECD.SDD.TPS:DSD_PRICES@DF_PRICES_ALL(1.0),SVK,A,N,CPI,PA,GD,N,GY,2020,1.686136,A,,,,2
OECD.SDD.TPS:DSD_PRICES@DF_PRICES_ALL(1.0),SVK,A,N,CPI,PA,GD,N,GY,2021,2.375507,A,,,,2
OECD.SDD.TPS:DSD_PRICES@DF_PRICES_ALL(1.0),SVK,A,N,CPI,PA,SERV,N,GY,2022,11.77042,A,,,,2
OECD.SDD.TPS:DSD_PRICES@DF_PRICES_ALL(1.0),SVK,A,N,CPI,PA,GD,N,GY,2022,13.26733,A,,,,2
OECD.SDD.TPS:DSD_PRICES@DF_PRICES_ALL(1.0),SVK,A,N,CPI,PA,GD,N,GY,2023,12.7981,A,,,,2
OECD.SDD.TPS:DSD_PRICES@DF_PRICES_ALL(1.0),SVK,A,N,CPI,PA,SERV,N,GY,2023,9.455778,A,,,,2
OECD.SDD.TPS:DSD_PRICES@DF_PRICES_ALL(1.0),SVK,A,N,CPI,PA,SERV,N,GY,2024,4.86352,A,,,,2
OECD.SDD.TPS:DSD_PRICES@DF_PRICES_ALL(1.0),SVK,A,N,CPI,PA,GD,N,GY,2024,2.698406,A,,,,2
OECD.SDD.TPS:DSD_PRICES@DF_PRICES_ALL(1.0),SVK,A,N,CPI,PA,GD,N,GY,2025,1.420169,A,,,,2
OECD.SDD.TPS:DSD_PRICES@DF_PRICES_ALL(1.0),KOR,A,N,CPI,PA,GD,N,GY,2015,-0.6915821,A,,,,2
OECD.SDD.TPS:DSD_PRICES@DF_PRICES_ALL(1.0),KOR,A,N,CPI,PA,SERV,N,GY,2015,1.84284,A,,,,2
OECD.SDD.TPS:DSD_PRICES@DF_PRICES_ALL(1.0),KOR,A,N,CPI,PA,SERV,N,GY,2016,2.246437,A,,,,2
OECD.SDD.TPS:DSD_PRICES@DF_PRICES_ALL(1.0),KOR,A,N,CPI,PA,GD,N,GY,2016,-0.6008952,A,,,,2
OECD.SDD.TPS:DSD_PRICES@DF_PRICES_ALL(1.0),KOR,A,N,CPI,PA,GD,N,GY,2017,1.91806,A,,,,2
OECD.SDD.TPS:DSD_PRICES@DF_PRICES_ALL(1.0),KOR,A,N,CPI,PA,GD,N,GY,2018,1.323633,A,,,,2
OECD.SDD.TPS:DSD_PRICES@DF_PRICES_ALL(1.0),KOR,A,N,CPI,PA,GD,N,GY,2019,-0.2906894,A,,,,2
OECD.SDD.TPS:DSD_PRICES@DF_PRICES_ALL(1.0),KOR,A,N,CPI,PA,SERV,N,GY,2019,0.9290677,A,,,,2
OECD.SDD.TPS:DSD_PRICES@DF_PRICES_ALL(1.0),KOR,A,N,CPI,PA,SERV,N,GY,2020,0.2558194,A,,,,2
OECD.SDD.TPS:DSD_PRICES@DF_PRICES_ALL(1.0),KOR,A,N,CPI,PA,GD,N,GY,2020,0.8778051,A,,,,2
OECD.SDD.TPS:DSD_PRICES@DF_PRICES_ALL(1.0),KOR,A,N,CPI,PA,GD,N,GY,2021,3.124167,A,,,,2
OECD.SDD.TPS:DSD_PRICES@DF_PRICES_ALL(1.0),KOR,A,N,CPI,PA,SERV,N,GY,2021,1.9525,A,,,,2
OECD.SDD.TPS:DSD_PRICES@DF_PRICES_ALL(1.0),KOR,A,N,CPI,PA,SERV,N,GY,2022,3.670827,A,,,,2
OECD.SDD.TPS:DSD_PRICES@DF_PRICES_ALL(1.0),KOR,A,N,CPI,PA,GD,N,GY,2022,6.686923,A,,,,2
OECD.SDD.TPS:DSD_PRICES@DF_PRICES_ALL(1.0),KOR,A,N,CPI,PA,GD,N,GY,2023,4.010634,A,,,,2
OECD.SDD.TPS:DSD_PRICES@DF_PRICES_ALL(1.0),KOR,A,N,CPI,PA,SERV,N,GY,2023,3.264897,A,,,,2
OECD.SDD.TPS:DSD_PRICES@DF_PRICES_ALL(1.0),KOR,A,N,CPI,PA,SERV,N,GY,2024,2.238595,A,,,,2
OECD.SDD.TPS:DSD_PRICES@DF_PRICES_ALL(1.0),KOR,A,N,CPI,PA,GD,N,GY,2024,2.427195,A,,,,2
OECD.SDD.TPS:DSD_PRICES@DF_PRICES_ALL(1.0),KOR,A,N,CPI,PA,GD,N,GY,2025,1.994995,A,,,,2
OECD.SDD.TPS:DSD_PRICES@DF_PRICES_ALL(1.0),KOR,A,N,CPI,PA,SERV,N,GY,2025,2.226172,A,,,,2
OECD.SDD.TPS:DSD_PRICES@DF_PRICES_ALL(1.0),USA,A,N,CPI,PA,SERV,N,GY,2015,2.300327,A,,,,2
OECD.SDD.TPS:DSD_PRICES@DF_PRICES_ALL(1.0),USA,A,N,CPI,PA,GD,N,GY,2015,-3.320565,A,,,,2
OECD.SDD.TPS:DSD_PRICES@DF_PRICES_ALL(1.0),USA,A,N,CPI,PA,GD,N,GY,2016,-1.358948,A,,,,2
OECD.SDD.TPS:DSD_PRICES@DF_PRICES_ALL(1.0),USA,A,N,CPI,PA,SERV,N,GY,2016,2.832059,A,,,,2
OECD.SDD.TPS:DSD_PRICES@DF_PRICES_ALL(1.0),USA,A,N,CPI,PA,GD,N,GY,2017,1.11893,A,,,,2
OECD.SDD.TPS:DSD_PRICES@DF_PRICES_ALL(1.0),USA,A,N,CPI,PA,GD,N,GY,2018,1.863594,A,,,,2
OECD.SDD.TPS:DSD_PRICES@DF_PRICES_ALL(1.0),USA,A,N,CPI,PA,SERV,N,GY,2019,2.684467,A,,,,2
OECD.SDD.TPS:DSD_PRICES@DF_PRICES_ALL(1.0),USA,A,N,CPI,PA,GD,N,GY,2019,0.3514046,A,,,,2
OECD.SDD.TPS:DSD_PRICES@DF_PRICES_ALL(1.0),USA,A,N,CPI,PA,GD,N,GY,2020,-0.2519851,A,,,,2
OECD.SDD.TPS:DSD_PRICES@DF_PRICES_ALL(1.0),USA,A,N,CPI,PA,SERV,N,GY,2020,2.114362,A,,,,2
OECD.SDD.TPS:DSD_PRICES@DF_PRICES_ALL(1.0),USA,A,N,CPI,PA,SERV,N,GY,2021,2.84604,A,,,,2
OECD.SDD.TPS:DSD_PRICES@DF_PRICES_ALL(1.0),USA,A,N,CPI,PA,GD,N,GY,2021,7.807164,A,,,,2
OECD.SDD.TPS:DSD_PRICES@DF_PRICES_ALL(1.0),USA,A,N,CPI,PA,GD,N,GY,2022,10.89669,A,,,,2
OECD.SDD.TPS:DSD_PRICES@DF_PRICES_ALL(1.0),USA,A,N,CPI,PA,SERV,N,GY,2022,6.197021,A,,,,2
OECD.SDD.TPS:DSD_PRICES@DF_PRICES_ALL(1.0),USA,A,N,CPI,PA,SERV,N,GY,2023,6.041982,A,,,,2
OECD.SDD.TPS:DSD_PRICES@DF_PRICES_ALL(1.0),USA,A,N,CPI,PA,GD,N,GY,2023,1.157192,A,,,,2
OECD.SDD.TPS:DSD_PRICES@DF_PRICES_ALL(1.0),USA,A,N,CPI,PA,GD,N,GY,2024,-0.2359475,A,,,,2
OECD.SDD.TPS:DSD_PRICES@DF_PRICES_ALL(1.0),USA,A,N,CPI,PA,SERV,N,GY,2024,4.881329,A,,,,2
OECD.SDD.TPS:DSD_PRICES@DF_PRICES_ALL(1.0),ITA,A,N,CPI,PA,GD,N,GY,2018,1.323955,A,,,,2
OECD.SDD.TPS:DSD_PRICES@DF_PRICES_ALL(1.0),ITA,A,N,CPI,PA,GD,N,GY,2019,0.3511637,A,,,,2
OECD.SDD.TPS:DSD_PRICES@DF_PRICES_ALL(1.0),ITA,A,N,CPI,PA,SERV,N,GY,2019,0.9259259,A,,,,2
OECD.SDD.TPS:DSD_PRICES@DF_PRICES_ALL(1.0),ITA,A,N,CPI,PA,GD,N,GY,2020,-0.6347656,A,,,,2
OECD.SDD.TPS:DSD_PRICES@DF_PRICES_ALL(1.0),ITA,A,N,CPI,PA,GD,N,GY,2021,2.481572,A,,,,2
OECD.SDD.TPS:DSD_PRICES@DF_PRICES_ALL(1.0),ITA,A,N,CPI,PA,SERV,N,GY,2021,1.01771,A,,,,2
OECD.SDD.TPS:DSD_PRICES@DF_PRICES_ALL(1.0),ITA,A,N,CPI,PA,SERV,N,GY,2022,3.085832,A,,,,2
OECD.SDD.TPS:DSD_PRICES@DF_PRICES_ALL(1.0),ITA,A,N,CPI,PA,GD,N,GY,2022,11.93159,A,,,,2
OECD.SDD.TPS:DSD_PRICES@DF_PRICES_ALL(1.0),ITA,A,N,CPI,PA,GD,N,GY,2023,6.418678,A,,,,2
OECD.SDD.TPS:DSD_PRICES@DF_PRICES_ALL(1.0),ITA,A,N,CPI,PA,SERV,N,GY,2023,4.16314,A,,,,2
OECD.SDD.TPS:DSD_PRICES@DF_PRICES_ALL(1.0),ITA,A,N,CPI,PA,SERV,N,GY,2024,2.86643,A,,,,2
OECD.SDD.TPS:DSD_PRICES@DF_PRICES_ALL(1.0),ITA,A,N,CPI,PA,GD,N,GY,2024,-0.4696411,A,,,,2
OECD.SDD.TPS:DSD_PRICES@DF_PRICES_ALL(1.0),ITA,A,N,CPI,PA,GD,N,GY,2025,0.7010448,A,,,,2
OECD.SDD.TPS:DSD_PRICES@DF_PRICES_ALL(1.0),ITA,A,N,CPI,PA,SERV,N,GY,2025,2.599828,A,,,,2
OECD.SDD.TPS:DSD_PRICES@DF_PRICES_ALL(1.0),ITA,A,N,CPI,PC,GD,N,G1,2018,1.323955,A,,,,2
OECD.SDD.TPS:DSD_PRICES@DF_PRICES_ALL(1.0),ITA,A,N,CPI,PC,GD,N,G1,2019,0.3511637,A,,,,2
OECD.SDD.TPS:DSD_PRICES@DF_PRICES_ALL(1.0),ITA,A,N,CPI,PC,SERV,N,G1,2019,0.9259259,A,,,,2
OECD.SDD.TPS:DSD_PRICES@DF_PRICES_ALL(1.0),ITA,A,N,CPI,PC,SERV,N,G1,2020,0.426525,A,,,,2
OECD.SDD.TPS:DSD_PRICES@DF_PRICES_ALL(1.0),ITA,A,N,CPI,PC,GD,N,G1,2020,-0.6347656,A,,,,2
OECD.SDD.TPS:DSD_PRICES@DF_PRICES_ALL(1.0),ITA,A,N,CPI,PC,GD,N,G1,2021,2.481572,A,,,,2
OECD.SDD.TPS:DSD_PRICES@DF_PRICES_ALL(1.0),ITA,A,N,CPI,PC,SERV,N,G1,2021,1.01771,A,,,,2
OECD.SDD.TPS:DSD_PRICES@DF_PRICES_ALL(1.0),ITA,A,N,CPI,PC,SERV,N,G1,2022,3.085832,A,,,,2
OECD.SDD.TPS:DSD_PRICES@DF_PRICES_ALL(1.0),ITA,A,N,CPI,PC,GD,N,G1,2022,11.93159,A,,,,2
OECD.SDD.TPS:DSD_PRICES@DF_PRICES_ALL(1.0),ITA,A,N,CPI,PC,GD,N,G1,2023,6.418678,A,,,,2
OECD.SDD.TPS:DSD_PRICES@DF_PRICES_ALL(1.0),ITA,A,N,CPI,PC,SERV,N,G1,2023,4.16314,A,,,,2
OECD.SDD.TPS:DSD_PRICES@DF_PRICES_ALL(1.0),ITA,A,N,CPI,PC,SERV,N,G1,2024,2.86643,A,,,,2
OECD.SDD.TPS:DSD_PRICES@DF_PRICES_ALL(1.0),ITA,A,N,CPI,PC,GD,N,G1,2024,-0.4696411,A,,,,2
OECD.SDD.TPS:DSD_PRICES@DF_PRICES_ALL(1.0),ITA,A,N,CPI,PC,GD,N,G1,2025,0.7010448,A,,,,2
OECD.SDD.TPS:DSD_PRICES@DF_PRICES_ALL(1.0),ITA,A,N,CPI,PC,SERV,N,G1,2025,2.599828,A,,,,2
OECD.SDD.TPS:DSD_PRICES@DF_PRICES_ALL(1.0),USA,A,N,CPI,PC,GD,N,G1,2015,-3.320565,A,,,,2
OECD.SDD.TPS:DSD_PRICES@DF_PRICES_ALL(1.0),USA,A,N,CPI,PC,GD,N,G1,2016,-1.358948,A,,,,2
OECD.SDD.TPS:DSD_PRICES@DF_PRICES_ALL(1.0),USA,A,N,CPI,PC,SERV,N,G1,2016,2.832059,A,,,,2
OECD.SDD.TPS:DSD_PRICES@DF_PRICES_ALL(1.0),USA,A,N,CPI,PC,SERV,N,G1,2017,2.71165,A,,,,2
OECD.SDD.TPS:DSD_PRICES@DF_PRICES_ALL(1.0),USA,A,N,CPI,PC,GD,N,G1,2017,1.11893,A,,,,2
OECD.SDD.TPS:DSD_PRICES@DF_PRICES_ALL(1.0),USA,A,N,CPI,PC,GD,N,G1,2018,1.863594,A,,,,2
OECD.SDD.TPS:DSD_PRICES@DF_PRICES_ALL(1.0),USA,A,N,CPI,PC,SERV,N,G1,2018,2.768484,A,,,,2
OECD.SDD.TPS:DSD_PRICES@DF_PRICES_ALL(1.0),USA,A,N,CPI,PC,GD,N,G1,2019,0.3514046,A,,,,2
OECD.SDD.TPS:DSD_PRICES@DF_PRICES_ALL(1.0),USA,A,N,CPI,PC,GD,N,G1,2020,-0.2519851,A,,,,2
OECD.SDD.TPS:DSD_PRICES@DF_PRICES_ALL(1.0),USA,A,N,CPI,PC,SERV,N,G1,2021,2.84604,A,,,,2
OECD.SDD.TPS:DSD_PRICES@DF_PRICES_ALL(1.0),USA,A,N,CPI,PC,GD,N,G1,2021,7.807164,A,,,,2
OECD.SDD.TPS:DSD_PRICES@DF_PRICES_ALL(1.0),USA,A,N,CPI,PC,GD,N,G1,2022,10.89669,A,,,,2
OECD.SDD.TPS:DSD_PRICES@DF_PRICES_ALL(1.0),USA,A,N,CPI,PC,SERV,N,G1,2022,6.197021,A,,,,2
OECD.SDD.TPS:DSD_PRICES@DF_PRICES_ALL(1.0),USA,A,N,CPI,PC,SERV,N,G1,2023,6.041982,A,,,,2
OECD.SDD.TPS:DSD_PRICES@DF_PRICES_ALL(1.0),USA,A,N,CPI,PC,GD,N,G1,2023,1.157192,A,,,,2
OECD.SDD.TPS:DSD_PRICES@DF_PRICES_ALL(1.0),USA,A,N,CPI,PC,GD,N,G1,2024,-0.2359475,A,,,,2
OECD.SDD.TPS:DSD_PRICES@DF_PRICES_ALL(1.0),SVK,A,N,CPI,PC,SERV,N,G1,2015,0.3120125,A,,,,2
OECD.SDD.TPS:DSD_PRICES@DF_PRICES_ALL(1.0),SVK,A,N,CPI,PC,GD,N,G1,2015,-0.04250571,A,,,,2
OECD.SDD.TPS:DSD_PRICES@DF_PRICES_ALL(1.0),SVK,A,N,CPI,PC,GD,N,G1,2016,-1.785999,A,,,,2
OECD.SDD.TPS:DSD_PRICES@DF_PRICES_ALL(1.0),SVK,A,N,CPI,PC,SERV,N,G1,2017,1.217404,A,,,,2
OECD.SDD.TPS:DSD_PRICES@DF_PRICES_ALL(1.0),SVK,A,N,CPI,PC,GD,N,G1,2017,-0.9525356,A,,,,2
OECD.SDD.TPS:DSD_PRICES@DF_PRICES_ALL(1.0),SVK,A,N,CPI,PC,GD,N,G1,2018,0.7103437,A,,,,2
OECD.SDD.TPS:DSD_PRICES@DF_PRICES_ALL(1.0),SVK,A,N,CPI,PC,SERV,N,G1,2018,2.854703,A,,,,2
OECD.SDD.TPS:DSD_PRICES@DF_PRICES_ALL(1.0),SVK,A,N,CPI,PC,SERV,N,G1,2019,2.179955,A,,,,2
OECD.SDD.TPS:DSD_PRICES@DF_PRICES_ALL(1.0),SVK,A,N,CPI,PC,GD,N,G1,2019,2.647713,A,,,,2
OECD.SDD.TPS:DSD_PRICES@DF_PRICES_ALL(1.0),SVK,A,N,CPI,PC,GD,N,G1,2020,1.686136,A,,,,2
OECD.SDD.TPS:DSD_PRICES@DF_PRICES_ALL(1.0),SVK,A,N,CPI,PC,SERV,N,G1,2020,3.669952,A,,,,2
OECD.SDD.TPS:DSD_PRICES@DF_PRICES_ALL(1.0),SVK,A,N,CPI,PC,GD,N,G1,2021,2.375507,A,,,,2
OECD.SDD.TPS:DSD_PRICES@DF_PRICES_ALL(1.0),SVK,A,N,CPI,PC,GD,N,G1,2022,13.26733,A,,,,2
OECD.SDD.TPS:DSD_PRICES@DF_PRICES_ALL(1.0),SVK,A,N,CPI,PC,SERV,N,G1,2022,11.77042,A,,,,2
OECD.SDD.TPS:DSD_PRICES@DF_PRICES_ALL(1.0),SVK,A,N,CPI,PC,SERV,N,G1,2023,9.455778,A,,,,2
OECD.SDD.TPS:DSD_PRICES@DF_PRICES_ALL(1.0),SVK,A,N,CPI,PC,GD,N,G1,2023,12.7981,A,,,,2
OECD.SDD.TPS:DSD_PRICES@DF_PRICES_ALL(1.0),SVK,A,N,CPI,PC,GD,N,G1,2024,2.698406,A,,,,2
OECD.SDD.TPS:DSD_PRICES@DF_PRICES_ALL(1.0),SVK,A,N,CPI,PC,SERV,N,G1,2024,4.86352,A,,,,2
OECD.SDD.TPS:DSD_PRICES@DF_PRICES_ALL(1.0),SVK,A,N,CPI,PC,SERV,N,G1,2025,4.963644,A,,,,2
OECD.SDD.TPS:DSD_PRICES@DF_PRICES_ALL(1.0),SVK,A,N,CPI,PC,GD,N,G1,2025,1.420169,A,,,,2
OECD.SDD.TPS:DSD_PRICES@DF_PRICES_ALL(1.0),KOR,A,N,CPI,PC,GD,N,G1,2015,-0.6915821,A,,,,2
OECD.SDD.TPS:DSD_PRICES@DF_PRICES_ALL(1.0),KOR,A,N,CPI,PC,SERV,N,G1,2015,1.84284,A,,,,2
OECD.SDD.TPS:DSD_PRICES@DF_PRICES_ALL(1.0),KOR,A,N,CPI,PC,SERV,N,G1,2016,2.246437,A,,,,2
OECD.SDD.TPS:DSD_PRICES@DF_PRICES_ALL(1.0),KOR,A,N,CPI,PC,GD,N,G1,2016,-0.6008952,A,,,,2
OECD.SDD.TPS:DSD_PRICES@DF_PRICES_ALL(1.0),KOR,A,N,CPI,PC,GD,N,G1,2017,1.91806,A,,,,2
OECD.SDD.TPS:DSD_PRICES@DF_PRICES_ALL(1.0),KOR,A,N,CPI,PC,SERV,N,G1,2017,1.962706,A,,,,2
OECD.SDD.TPS:DSD_PRICES@DF_PRICES_ALL(1.0),KOR,A,N,CPI,PC,GD,N,G1,2018,1.323633,A,,,,2
OECD.SDD.TPS:DSD_PRICES@DF_PRICES_ALL(1.0),KOR,A,N,CPI,PC,GD,N,G1,2019,-0.2906894,A,,,,2
OECD.SDD.TPS:DSD_PRICES@DF_PRICES_ALL(1.0),KOR,A,N,CPI,PC,SERV,N,G1,2019,0.9290677,A,,,,2
OECD.SDD.TPS:DSD_PRICES@DF_PRICES_ALL(1.0),KOR,A,N,CPI,PC,SERV,N,G1,2020,0.2558194,A,,,,2
OECD.SDD.TPS:DSD_PRICES@DF_PRICES_ALL(1.0),KOR,A,N,CPI,PC,GD,N,G1,2020,0.8778051,A,,,,2
OECD.SDD.TPS:DSD_PRICES@DF_PRICES_ALL(1.0),KOR,A,N,CPI,PC,GD,N,G1,2021,3.124167,A,,,,2
OECD.SDD.TPS:DSD_PRICES@DF_PRICES_ALL(1.0),KOR,A,N,CPI,PC,SERV,N,G1,2021,1.9525,A,,,,2
OECD.SDD.TPS:DSD_PRICES@DF_PRICES_ALL(1.0),KOR,A,N,CPI,PC,SERV,N,G1,2022,3.670827,A,,,,2
OECD.SDD.TPS:DSD_PRICES@DF_PRICES_ALL(1.0),KOR,A,N,CPI,PC,GD,N,G1,2022,6.686923,A,,,,2
OECD.SDD.TPS:DSD_PRICES@DF_PRICES_ALL(1.0),KOR,A,N,CPI,PC,GD,N,G1,2023,4.010634,A,,,,2
OECD.SDD.TPS:DSD_PRICES@DF_PRICES_ALL(1.0),KOR,A,N,CPI,PC,SERV,N,G1,2023,3.264897,A,,,,2
OECD.SDD.TPS:DSD_PRICES@DF_PRICES_ALL(1.0),KOR,A,N,CPI,PC,SERV,N,G1,2024,2.238595,A,,,,2
OECD.SDD.TPS:DSD_PRICES@DF_PRICES_ALL(1.0),KOR,A,N,CPI,PC,GD,N,G1,2024,2.427195,A,,,,2
OECD.SDD.TPS:DSD_PRICES@DF_PRICES_ALL(1.0),KOR,A,N,CPI,PC,GD,N,G1,2025,1.994995,A,,,,2
OECD.SDD.TPS:DSD_PRICES@DF_PRICES_ALL(1.0),GBR,A,N,CPI,PC,GD,N,G1,2015,-1.960784,A,,,,2
OECD.SDD.TPS:DSD_PRICES@DF_PRICES_ALL(1.0),GBR,A,N,CPI,PC,SERV,N,G1,2015,2.145046,A,,,,2
OECD.SDD.TPS:DSD_PRICES@DF_PRICES_ALL(1.0),GBR,A,N,CPI,PC,SERV,N,G1,2016,2.5,A,,,,2
OECD.SDD.TPS:DSD_PRICES@DF_PRICES_ALL(1.0),GBR,A,N,CPI,PC,GD,N,G1,2016,-1.1,A,,,,2
OECD.SDD.TPS:DSD_PRICES@DF_PRICES_ALL(1.0),GBR,A,N,CPI,PC,GD,N,G1,2017,2.73003,A,,,,2
OECD.SDD.TPS:DSD_PRICES@DF_PRICES_ALL(1.0),GBR,A,N,CPI,PC,SERV,N,G1,2017,2.439024,A,,,,2
OECD.SDD.TPS:DSD_PRICES@DF_PRICES_ALL(1.0),GBR,A,N,CPI,PC,SERV,N,G1,2018,2.095238,A,,,,2
OECD.SDD.TPS:DSD_PRICES@DF_PRICES_ALL(1.0),GBR,A,N,CPI,PC,GD,N,G1,2018,2.559055,A,,,,2
OECD.SDD.TPS:DSD_PRICES@DF_PRICES_ALL(1.0),GBR,A,N,CPI,PC,GD,N,G1,2019,1.151631,A,,,,2
OECD.SDD.TPS:DSD_PRICES@DF_PRICES_ALL(1.0),GBR,A,N,CPI,PC,SERV,N,G1,2019,2.238806,A,,,,2
OECD.SDD.TPS:DSD_PRICES@DF_PRICES_ALL(1.0),GBR,A,N,CPI,PC,SERV,N,G1,2020,1.733577,A,,,,2
OECD.SDD.TPS:DSD_PRICES@DF_PRICES_ALL(1.0),GBR,A,N,CPI,PC,GD,N,G1,2020,-0.09487666,A,,,,2
OECD.SDD.TPS:DSD_PRICES@DF_PRICES_ALL(1.0),GBR,A,N,CPI,PC,GD,N,G1,2021,2.849003,A,,,,2
OECD.SDD.TPS:DSD_PRICES@DF_PRICES_ALL(1.0),GBR,A,N,CPI,PC,SERV,N,G1,2022,4.561403,A,,,,2
OECD.SDD.TPS:DSD_PRICES@DF_PRICES_ALL(1.0),GBR,A,N,CPI,PC,GD,N,G1,2022,12.09603,A,,,,2
OECD.SDD.TPS:DSD_PRICES@DF_PRICES_ALL(1.0),GBR,A,N,CPI,PC,GD,N,G1,2023,7.578254,A,,,,2
OECD.SDD.TPS:DSD_PRICES@DF_PRICES_ALL(1.0),GBR,A,N,CPI,PC,SERV,N,G1,2023,6.040268,A,,,,2
OECD.SDD.TPS:DSD_PRICES@DF_PRICES_ALL(1.0),GBR,A,N,CPI,PC,SERV,N,G1,2024,5.775316,A,,,,2
OECD.SDD.TPS:DSD_PRICES@DF_PRICES_ALL(1.0),GBR,A,N,CPI,PC,GD,N,G1,2024,-0.1531394,A,,,,2
OECD.SDD.TPS:DSD_PRICES@DF_PRICES_ALL(1.0),GBR,A,N,CPI,PC,GD,N,G1,2025,1.993865,A,,,,2
OECD.SDD.TPS:DSD_PRICES@DF_PRICES_ALL(1.0),GBR,A,N,CPI,PC,SERV,N,G1,2025,5.160808,A,,,,2
OECD.SDD.TPS:DSD_PRICES@DF_PRICES_ALL(1.0),PRT,A,N,CPI,PC,SERV,N,G1,2015,1.292806,A,,,,2
OECD.SDD.TPS:DSD_PRICES@DF_PRICES_ALL(1.0),PRT,A,N,CPI,PC,GD,N,G1,2015,-0.06401402,A,,,,2
OECD.SDD.TPS:DSD_PRICES@DF_PRICES_ALL(1.0),PRT,A,N,CPI,PC,GD,N,G1,2016,-0.03539883,A,,,,2
OECD.SDD.TPS:DSD_PRICES@DF_PRICES_ALL(1.0),PRT,A,N,CPI,PC,SERV,N,G1,2016,1.520222,A,,,,2
OECD.SDD.TPS:DSD_PRICES@DF_PRICES_ALL(1.0),PRT,A,N,CPI,PC,SERV,N,G1,2017,2.106498,A,,,,2
OECD.SDD.TPS:DSD_PRICES@DF_PRICES_ALL(1.0),PRT,A,N,CPI,PC,GD,N,G1,2017,0.8667352,A,,,,2
OECD.SDD.TPS:DSD_PRICES@DF_PRICES_ALL(1.0),PRT,A,N,CPI,PC,GD,N,G1,2018,0.544494,A,,,,2
OECD.SDD.TPS:DSD_PRICES@DF_PRICES_ALL(1.0),PRT,A,N,CPI,PC,SERV,N,G1,2018,1.678185,A,,,,2
OECD.SDD.TPS:DSD_PRICES@DF_PRICES_ALL(1.0),PRT,A,N,CPI,PC,SERV,N,G1,2019,1.211167,A,,,,2
OECD.SDD.TPS:DSD_PRICES@DF_PRICES_ALL(1.0),PRT,A,N,CPI,PC,GD,N,G1,2019,-0.2588843,A,,,,2
OECD.SDD.TPS:DSD_PRICES@DF_PRICES_ALL(1.0),PRT,A,N,CPI,PC,GD,N,G1,2020,-0.5309484,A,,,,2
OECD.SDD.TPS:DSD_PRICES@DF_PRICES_ALL(1.0),PRT,A,N,CPI,PC,SERV,N,G1,2020,0.7209055,A,,,,2
OECD.SDD.TPS:DSD_PRICES@DF_PRICES_ALL(1.0),PRT,A,N,CPI,PC,SERV,N,G1,2021,0.6244862,A,,,,2
OECD.SDD.TPS:DSD_PRICES@DF_PRICES_ALL(1.0),PRT,A,N,CPI,PC,GD,N,G1,2021,1.706931,A,,,,2
OECD.SDD.TPS:DSD_PRICES@DF_PRICES_ALL(1.0),PRT,A,N,CPI,PC,GD,N,G1,2022,10.22542,A,,,,2
OECD.SDD.TPS:DSD_PRICES@DF_PRICES_ALL(1.0),PRT,A,N,CPI,PC,SERV,N,G1,2022,4.259577,A,,,,2
OECD.SDD.TPS:DSD_PRICES@DF_PRICES_ALL(1.0),PRT,A,N,CPI,PC,SERV,N,G1,2023,4.557153,A,,,,2
OECD.SDD.TPS:DSD_PRICES@DF_PRICES_ALL(1.0),PRT,A,N,CPI,PC,GD,N,G1,2023,4.084912,A,,,,2
OECD.SDD.TPS:DSD_PRICES@DF_PRICES_ALL(1.0),PRT,A,N,CPI,PC,GD,N,G1,2024,1.156912,A,,,,2
OECD.SDD.TPS:DSD_PRICES@DF_PRICES_ALL(1.0),PRT,A,N,CPI,PC,SERV,N,G1,2024,4.212075,A,,,,2
OECD.SDD.TPS:DSD_PRICES@DF_PRICES_ALL(1.0),PRT,A,N,CPI,PC,SERV,N,G1,2025,3.992347,A,,,,2
OECD.SDD.TPS:DSD_PRICES@DF_PRICES_ALL(1.0),PRT,A,N,CPI,PC,GD,N,G1,2025,1.140841,A,,,,2
OECD.SDD.TPS:DSD_PRICES@DF_PRICES_ALL(1.0),JPN,A,N,CPI,PA,GD,N,GY,2015,0.7726547,A,,,,2
OECD.SDD.TPS:DSD_PRICES@DF_PRICES_ALL(1.0),JPN,A,N,CPI,PA,SERV,N,GY,2015,0.7726547,A,,,,2
OECD.SDD.TPS:DSD_PRICES@DF_PRICES_ALL(1.0),JPN,A,N,CPI,PA,SERV,N,GY,2016,0.308359,A,,,,2
OECD.SDD.TPS:DSD_PRICES@DF_PRICES_ALL(1.0),JPN,A,N,CPI,PA,GD,N,GY,2016,-0.5333778,A,,,,2
OECD.SDD.TPS:DSD_PRICES@DF_PRICES_ALL(1.0),JPN,A,N,CPI,PA,GD,N,GY,2017,0.921659,A,,,,2
OECD.SDD.TPS:DSD_PRICES@DF_PRICES_ALL(1.0),JPN,A,N,CPI,PA,SERV,N,GY,2017,0.01661682,A,,,,2
OECD.SDD.TPS:DSD_PRICES@DF_PRICES_ALL(1.0),JPN,A,N,CPI,PA,SERV,N,GY,2018,0.2575179,A,,,,2
OECD.SDD.TPS:DSD_PRICES@DF_PRICES_ALL(1.0),JPN,A,N,CPI,PA,GD,N,GY,2018,1.73516,A,,,,2
OECD.SDD.TPS:DSD_PRICES@DF_PRICES_ALL(1.0),JPN,A,N,CPI,PA,GD,N,GY,2019,0.6528481,A,,,,2
OECD.SDD.TPS:DSD_PRICES@DF_PRICES_ALL(1.0),JPN,A,N,CPI,PA,SERV,N,GY,2020,-0.4874422,A,,,,2
OECD.SDD.TPS:DSD_PRICES@DF_PRICES_ALL(1.0),JPN,A,N,CPI,PA,GD,N,GY,2020,0.4864602,A,,,,2
OECD.SDD.TPS:DSD_PRICES@DF_PRICES_ALL(1.0),JPN,A,N,CPI,PC,SERV,N,G1,2015,0.7726547,A,,,,2
OECD.SDD.TPS:DSD_PRICES@DF_PRICES_ALL(1.0),JPN,A,N,CPI,PC,GD,N,G1,2015,0.7726547,A,,,,2
OECD.SDD.TPS:DSD_PRICES@DF_PRICES_ALL(1.0),JPN,A,N,CPI,PC,GD,N,G1,2016,-0.5333778,A,,,,2
OECD.SDD.TPS:DSD_PRICES@DF_PRICES_ALL(1.0),JPN,A,N,CPI,PC,SERV,N,G1,2016,0.308359,A,,,,2
OECD.SDD.TPS:DSD_PRICES@DF_PRICES_ALL(1.0),JPN,A,N,CPI,PC,SERV,N,G1,2017,0.01661682,A,,,,2
OECD.SDD.TPS:DSD_PRICES@DF_PRICES_ALL(1.0),JPN,A,N,CPI,PC,GD,N,G1,2017,0.921659,A,,,,2
OECD.SDD.TPS:DSD_PRICES@DF_PRICES_ALL(1.0),JPN,A,N,CPI,PC,GD,N,G1,2018,1.73516,A,,,,2
OECD.SDD.TPS:DSD_PRICES@DF_PRICES_ALL(1.0),JPN,A,N,CPI,PC,SERV,N,G1,2018,0.2575179,A,,,,2
OECD.SDD.TPS:DSD_PRICES@DF_PRICES_ALL(1.0),JPN,A,N,CPI,PC,SERV,N,G1,2019,0.2899992,A,,,,2
OECD.SDD.TPS:DSD_PRICES@DF_PRICES_ALL(1.0),JPN,A,N,CPI,PC,GD,N,G1,2019,0.6528481,A,,,,2
OECD.SDD.TPS:DSD_PRICES@DF_PRICES_ALL(1.0),JPN,A,N,CPI,PC,GD,N,G1,2020,0.4864602,A,,,,2
OECD.SDD.TPS:DSD_PRICES@DF_PRICES_ALL(1.0),JPN,A,N,CPI,PC,SERV,N,G1,2020,-0.4874422,A,,,,2
OECD.SDD.TPS:DSD_PRICES@DF_PRICES_ALL(1.0),JPN,A,N,CPI,IX,GD,N,_Z,2015,99.99167,A,,2015,,2
OECD.SDD.TPS:DSD_PRICES@DF_PRICES_ALL(1.0),JPN,A,N,CPI,IX,SERV,N,_Z,2015,99.99167,A,,2015,,2
OECD.SDD.TPS:DSD_PRICES@DF_PRICES_ALL(1.0),JPN,A,N,CPI,IX,SERV,N,_Z,2016,100.3,A,,2015,,2
OECD.SDD.TPS:DSD_PRICES@DF_PRICES_ALL(1.0),JPN,A,N,CPI,IX,GD,N,_Z,2016,99.45834,A,,2015,,2
OECD.SDD.TPS:DSD_PRICES@DF_PRICES_ALL(1.0),JPN,A,N,CPI,IX,GD,N,_Z,2017,100.375,A,,2015,,2
OECD.SDD.TPS:DSD_PRICES@DF_PRICES_ALL(1.0),JPN,A,N,CPI,IX,SERV,N,_Z,2017,100.3167,A,,2015,,2
OECD.SDD.TPS:DSD_PRICES@DF_PRICES_ALL(1.0),JPN,A,N,CPI,IX,SERV,N,_Z,2018,100.575,A,,2015,,2
OECD.SDD.TPS:DSD_PRICES@DF_PRICES_ALL(1.0),JPN,A,N,CPI,IX,GD,N,_Z,2018,102.1167,A,,2015,,2
OECD.SDD.TPS:DSD_PRICES@DF_PRICES_ALL(1.0),JPN,A,N,CPI,IX,GD,N,_Z,2019,102.7833,A,,2015,,2
OECD.SDD.TPS:DSD_PRICES@DF_PRICES_ALL(1.0),JPN,A,N,CPI,IX,GD,N,_Z,2020,103.2833,A,,2015,,2
OECD.SDD.TPS:DSD_PRICES@DF_PRICES_ALL(1.0),TUR,A,HICP,CPI,IX,_T,N,_Z,2019,160.3,A,,2015,,2
OECD.SDD.TPS:DSD_PRICES@DF_PRICES_ALL(1.0),TUR,A,HICP,CPI,IX,_T,N,_Z,2020,179.98,A,,2015,,2
OECD.SDD.TPS:DSD_PRICES@DF_PRICES_ALL(1.0),TUR,A,HICP,CPI,IX,_T,N,_Z,2021,215.24,A,,2015,,2
OECD.SDD.TPS:DSD_PRICES@DF_PRICES_ALL(1.0),TUR,A,HICP,CPI,IX,_T,N,_Z,2022,370.82,A,,2015,,2
OECD.SDD.TPS:DSD_PRICES@DF_PRICES_ALL(1.0),TUR,A,HICP,CPI,IX,_T,N,_Z,2023,570.94,A,,2015,,2
OECD.SDD.TPS:DSD_PRICES@DF_PRICES_ALL(1.0),TUR,A,HICP,CPI,IX,_T,N,_Z,2024,905.21,A,,2015,,2
OECD.SDD.TPS:DSD_PRICES@DF_PRICES_ALL(1.0),TUR,A,HICP,CPI,IX,_T,N,_Z,2025,1221.2,A,,2015,,2
OECD.SDD.TPS:DSD_PRICES@DF_PRICES_ALL(1.0),TUR,A,HICP,CPI,PA,_T,N,GY,2019,15.2,A,,,,2
OECD.SDD.TPS:DSD_PRICES@DF_PRICES_ALL(1.0),TUR,A,HICP,CPI,PC,_T,N,G1,2019,15.2,A,,,,2
OECD.SDD.TPS:DSD_PRICES@DF_PRICES_ALL(1.0),TUR,A,HICP,CPI,PC,_T,N,G1,2020,12.3,A,,,,2
OECD.SDD.TPS:DSD_PRICES@DF_PRICES_ALL(1.0),TUR,A,HICP,CPI,PA,_T,N,GY,2020,12.3,A,,,,2
OECD.SDD.TPS:DSD_PRICES@DF_PRICES_ALL(1.0),TUR,A,HICP,CPI,PA,_T,N,GY,2021,19.6,A,,,,2
OECD.SDD.TPS:DSD_PRICES@DF_PRICES_ALL(1.0),TUR,A,HICP,CPI,PC,_T,N,G1,2021,19.6,A,,,,2
OECD.SDD.TPS:DSD_PRICES@DF_PRICES_ALL(1.0),TUR,A,HICP,CPI,PC,_T,N,G1,2022,72.3,A,,,,2
OECD.SDD.TPS:DSD_PRICES@DF_PRICES_ALL(1.0),TUR,A,HICP,CPI,PA,_T,N,GY,2022,72.3,A,,,,2
OECD.SDD.TPS:DSD_PRICES@DF_PRICES_ALL(1.0),TUR,A,HICP,CPI,PA,_T,N,GY,2023,54,A,,,,2
OECD.SDD.TPS:DSD_PRICES@DF_PRICES_ALL(1.0),TUR,A,HICP,CPI,PC,_T,N,G1,2023,54,A,,,,2
OECD.SDD.TPS:DSD_PRICES@DF_PRICES_ALL(1.0),TUR,A,HICP,CPI,PC,_T,N,G1,2024,58.5,A,,,,2
OECD.SDD.TPS:DSD_PRICES@DF_PRICES_ALL(1.0),TUR,A,HICP,CPI,PA,_T,N,GY,2024,58.5,A,,,,2
OECD.SDD.TPS:DSD_PRICES@DF_PRICES_ALL(1.0),TUR,A,HICP,CPI,PA,_T,N,GY,2025,34.9,A,,,,2
OECD.SDD.TPS:DSD_PRICES@DF_PRICES_ALL(1.0),TUR,A,HICP,CPI,PC,_T,N,G1,2025,34.9,A,,,,2
OECD.SDD.TPS:DSD_PRICES@DF_PRICES_ALL(1.0),ITA,A,HICP,CPI,IX,_T,N,_Z,2018,102.5,A,,2015,,2
OECD.SDD.TPS:DSD_PRICES@DF_PRICES_ALL(1.0),ITA,A,HICP,CPI,IX,_T,N,_Z,2019,103.2,A,,2015,,2
OECD.SDD.TPS:DSD_PRICES@DF_PRICES_ALL(1.0),ITA,A,HICP,CPI,IX,_T,N,_Z,2020,103,A,,2015,,2
OECD.SDD.TPS:DSD_PRICES@DF_PRICES_ALL(1.0),ITA,A,HICP,CPI,IX,_T,N,_Z,2021,105,A,,2015,,2
OECD.SDD.TPS:DSD_PRICES@DF_PRICES_ALL(1.0),ITA,A,HICP,CPI,IX,_T,N,_Z,2022,114.2,A,,2015,,2
OECD.SDD.TPS:DSD_PRICES@DF_PRICES_ALL(1.0),ITA,A,HICP,CPI,IX,_T,N,_Z,2023,120.9,A,,2015,,2
OECD.SDD.TPS:DSD_PRICES@DF_PRICES_ALL(1.0),ITA,A,HICP,CPI,IX,_T,N,_Z,2024,122.3,A,,2015,,2
OECD.SDD.TPS:DSD_PRICES@DF_PRICES_ALL(1.0),ITA,A,HICP,CPI,IX,_T,N,_Z,2025,124.3,A,,2015,,2
OECD.SDD.TPS:DSD_PRICES@DF_PRICES_ALL(1.0),ITA,A,HICP,CPI,PC,_T,N,G1,2018,1.2,A,,,,2
OECD.SDD.TPS:DSD_PRICES@DF_PRICES_ALL(1.0),ITA,A,HICP,CPI,PA,_T,N,GY,2018,1.2,A,,,,2
OECD.SDD.TPS:DSD_PRICES@DF_PRICES_ALL(1.0),ITA,A,HICP,CPI,PA,_T,N,GY,2019,0.6,A,,,,2
OECD.SDD.TPS:DSD_PRICES@DF_PRICES_ALL(1.0),ITA,A,HICP,CPI,PC,_T,N,G1,2019,0.6,A,,,,2
OECD.SDD.TPS:DSD_PRICES@DF_PRICES_ALL(1.0),ITA,A,HICP,CPI,PC,_T,N,G1,2020,-0.1,A,,,,2
OECD.SDD.TPS:DSD_PRICES@DF_PRICES_ALL(1.0),ITA,A,HICP,CPI,PA,_T,N,GY,2020,-0.1,A,,,,2
OECD.SDD.TPS:DSD_PRICES@DF_PRICES_ALL(1.0),ITA,A,HICP,CPI,PA,_T,N,GY,2021,1.9,A,,,,2
OECD.SDD.TPS:DSD_PRICES@DF_PRICES_ALL(1.0),ITA,A,HICP,CPI,PC,_T,N,G1,2021,1.9,A,,,,2
OECD.SDD.TPS:DSD_PRICES@DF_PRICES_ALL(1.0),ITA,A,HICP,CPI,PC,_T,N,G1,2022,8.7,A,,,,2
OECD.SDD.TPS:DSD_PRICES@DF_PRICES_ALL(1.0),ITA,A,HICP,CPI,PA,_T,N,GY,2022,8.7,A,,,,2
OECD.SDD.TPS:DSD_PRICES@DF_PRICES_ALL(1.0),ITA,A,HICP,CPI,PA,_T,N,GY,2023,5.9,A,,,,2
OECD.SDD.TPS:DSD_PRICES@DF_PRICES_ALL(1.0),ITA,A,HICP,CPI,PC,_T,N,G1,2023,5.9,A,,,,2
OECD.SDD.TPS:DSD_PRICES@DF_PRICES_ALL(1.0),ITA,A,HICP,CPI,PC,_T,N,G1,2024,1.1,A,,,,2
OECD.SDD.TPS:DSD_PRICES@DF_PRICES_ALL(1.0),ITA,A,HICP,CPI,PA,_T,N,GY,2024,1.1,A,,,,2
OECD.SDD.TPS:DSD_PRICES@DF_PRICES_ALL(1.0),ITA,A,HICP,CPI,PA,_T,N,GY,2025,1.7,A,,,,2
OECD.SDD.TPS:DSD_PRICES@DF_PRICES_ALL(1.0),ITA,A,HICP,CPI,PC,_T,N,G1,2025,1.7,A,,,,2
OECD.SDD.TPS:DSD_PRICES@DF_PRICES_ALL(1.0),USA,A,HICP,CPI,IX,_T,N,_Z,2015,100,A,,2015,,2
OECD.SDD.TPS:DSD_PRICES@DF_PRICES_ALL(1.0),USA,A,HICP,CPI,IX,_T,N,_Z,2016,100.57,A,,2015,,2
OECD.SDD.TPS:DSD_PRICES@DF_PRICES_ALL(1.0),USA,A,HICP,CPI,IX,_T,N,_Z,2017,102.34,A,,2015,,2
OECD.SDD.TPS:DSD_PRICES@DF_PRICES_ALL(1.0),USA,A,HICP,CPI,IX,_T,N,_Z,2018,104.55,A,,2015,,2
OECD.SDD.TPS:DSD_PRICES@DF_PRICES_ALL(1.0),USA,A,HICP,CPI,IX,_T,N,_Z,2019,105.99,A,,2015,,2
OECD.SDD.TPS:DSD_PRICES@DF_PRICES_ALL(1.0),USA,A,HICP,CPI,IX,_T,N,_Z,2020,106.8,A,,2015,,2
OECD.SDD.TPS:DSD_PRICES@DF_PRICES_ALL(1.0),USA,A,HICP,CPI,IX,_T,N,_Z,2021,112.5,A,,2015,,2
OECD.SDD.TPS:DSD_PRICES@DF_PRICES_ALL(1.0),USA,A,HICP,CPI,IX,_T,N,_Z,2022,122.27,A,,2015,,2
OECD.SDD.TPS:DSD_PRICES@DF_PRICES_ALL(1.0),USA,A,HICP,CPI,IX,_T,N,_Z,2023,125.94,A,,2015,,2
OECD.SDD.TPS:DSD_PRICES@DF_PRICES_ALL(1.0),USA,A,HICP,CPI,IX,_T,N,_Z,2024,128.5,A,,2015,,2
OECD.SDD.TPS:DSD_PRICES@DF_PRICES_ALL(1.0),USA,A,HICP,CPI,PC,_T,N,G1,2015,-0.8,A,,,,2
OECD.SDD.TPS:DSD_PRICES@DF_PRICES_ALL(1.0),USA,A,HICP,CPI,PC,_T,N,G1,2016,0.6,A,,,,2
OECD.SDD.TPS:DSD_PRICES@DF_PRICES_ALL(1.0),USA,A,HICP,CPI,PC,_T,N,G1,2017,1.8,A,,,,2
OECD.SDD.TPS:DSD_PRICES@DF_PRICES_ALL(1.0),USA,A,HICP,CPI,PC,_T,N,G1,2018,2.2,A,,,,2
OECD.SDD.TPS:DSD_PRICES@DF_PRICES_ALL(1.0),USA,A,HICP,CPI,PC,_T,N,G1,2019,1.4,A,,,,2
OECD.SDD.TPS:DSD_PRICES@DF_PRICES_ALL(1.0),USA,A,HICP,CPI,PC,_T,N,G1,2020,0.8,A,,,,2
OECD.SDD.TPS:DSD_PRICES@DF_PRICES_ALL(1.0),USA,A,HICP,CPI,PC,_T,N,G1,2021,5.3,A,,,,2
OECD.SDD.TPS:DSD_PRICES@DF_PRICES_ALL(1.0),USA,A,HICP,CPI,PC,_T,N,G1,2022,8.7,A,,,,2
OECD.SDD.TPS:DSD_PRICES@DF_PRICES_ALL(1.0),USA,A,HICP,CPI,PC,_T,N,G1,2023,3,A,,,,2
OECD.SDD.TPS:DSD_PRICES@DF_PRICES_ALL(1.0),USA,A,HICP,CPI,PC,_T,N,G1,2024,2,A,,,,2
OECD.SDD.TPS:DSD_PRICES@DF_PRICES_ALL(1.0),USA,A,HICP,CPI,PA,_T,N,GY,2015,-0.8,A,,,,2
OECD.SDD.TPS:DSD_PRICES@DF_PRICES_ALL(1.0),USA,A,HICP,CPI,PA,_T,N,GY,2016,0.6,A,,,,2
OECD.SDD.TPS:DSD_PRICES@DF_PRICES_ALL(1.0),USA,A,HICP,CPI,PA,_T,N,GY,2017,1.8,A,,,,2
OECD.SDD.TPS:DSD_PRICES@DF_PRICES_ALL(1.0),USA,A,HICP,CPI,PA,_T,N,GY,2018,2.2,A,,,,2
OECD.SDD.TPS:DSD_PRICES@DF_PRICES_ALL(1.0),USA,A,HICP,CPI,PA,_T,N,GY,2019,1.4,A,,,,2
OECD.SDD.TPS:DSD_PRICES@DF_PRICES_ALL(1.0),USA,A,HICP,CPI,PA,_T,N,GY,2020,0.8,A,,,,2
OECD.SDD.TPS:DSD_PRICES@DF_PRICES_ALL(1.0),USA,A,HICP,CPI,PA,_T,N,GY,2021,5.3,A,,,,2
OECD.SDD.TPS:DSD_PRICES@DF_PRICES_ALL(1.0),USA,A,HICP,CPI,PA,_T,N,GY,2022,8.7,A,,,,2
OECD.SDD.TPS:DSD_PRICES@DF_PRICES_ALL(1.0),USA,A,HICP,CPI,PA,_T,N,GY,2023,3,A,,,,2
OECD.SDD.TPS:DSD_PRICES@DF_PRICES_ALL(1.0),USA,A,HICP,CPI,PA,_T,N,GY,2024,2,A,,,,2
OECD.SDD.TPS:DSD_PRICES@DF_PRICES_ALL(1.0),SVK,A,HICP,CPI,IX,_T,N,_Z,2015,100,A,,2015,,2
OECD.SDD.TPS:DSD_PRICES@DF_PRICES_ALL(1.0),SVK,A,HICP,CPI,IX,_T,N,_Z,2016,99.52,A,,2015,,2
OECD.SDD.TPS:DSD_PRICES@DF_PRICES_ALL(1.0),SVK,A,HICP,CPI,IX,_T,N,_Z,2017,100.9,A,,2015,,2
OECD.SDD.TPS:DSD_PRICES@DF_PRICES_ALL(1.0),SVK,A,HICP,CPI,IX,_T,N,_Z,2018,103.46,A,,2015,,2
OECD.SDD.TPS:DSD_PRICES@DF_PRICES_ALL(1.0),SVK,A,HICP,CPI,IX,_T,N,_Z,2019,106.33,A,,2015,,2
OECD.SDD.TPS:DSD_PRICES@DF_PRICES_ALL(1.0),SVK,A,HICP,CPI,IX,_T,N,_Z,2020,108.47,A,,2015,,2
OECD.SDD.TPS:DSD_PRICES@DF_PRICES_ALL(1.0),SVK,A,HICP,CPI,IX,_T,N,_Z,2021,111.53,A,,2015,,2
OECD.SDD.TPS:DSD_PRICES@DF_PRICES_ALL(1.0),SVK,A,HICP,CPI,IX,_T,N,_Z,2022,125.05,A,,2015,,2
OECD.SDD.TPS:DSD_PRICES@DF_PRICES_ALL(1.0),SVK,A,HICP,CPI,IX,_T,N,_Z,2023,138.79,A,,2015,,2
OECD.SDD.TPS:DSD_PRICES@DF_PRICES_ALL(1.0),SVK,A,HICP,CPI,IX,_T,N,_Z,2024,143.17,A,,2015,,2
OECD.SDD.TPS:DSD_PRICES@DF_PRICES_ALL(1.0),SVK,A,HICP,CPI,IX,_T,N,_Z,2025,149.23,A,,2015,,2
OECD.SDD.TPS:DSD_PRICES@DF_PRICES_ALL(1.0),SVK,A,HICP,CPI,PC,_T,N,G1,2015,-0.3,A,,,,2
OECD.SDD.TPS:DSD_PRICES@DF_PRICES_ALL(1.0),SVK,A,HICP,CPI,PC,_T,N,G1,2016,-0.5,A,,,,2
OECD.SDD.TPS:DSD_PRICES@DF_PRICES_ALL(1.0),SVK,A,HICP,CPI,PC,_T,N,G1,2017,1.4,A,,,,2
OECD.SDD.TPS:DSD_PRICES@DF_PRICES_ALL(1.0),SVK,A,HICP,CPI,PC,_T,N,G1,2018,2.5,A,,,,2
OECD.SDD.TPS:DSD_PRICES@DF_PRICES_ALL(1.0),SVK,A,HICP,CPI,PC,_T,N,G1,2019,2.8,A,,,,2
OECD.SDD.TPS:DSD_PRICES@DF_PRICES_ALL(1.0),SVK,A,HICP,CPI,PC,_T,N,G1,2020,2,A,,,,2
OECD.SDD.TPS:DSD_PRICES@DF_PRICES_ALL(1.0),SVK,A,HICP,CPI,PC,_T,N,G1,2021,2.8,A,,,,2
OECD.SDD.TPS:DSD_PRICES@DF_PRICES_ALL(1.0),SVK,A,HICP,CPI,PC,_T,N,G1,2022,12.1,A,,,,2
OECD.SDD.TPS:DSD_PRICES@DF_PRICES_ALL(1.0),SVK,A,HICP,CPI,PC,_T,N,G1,2023,11,A,,,,2
OECD.SDD.TPS:DSD_PRICES@DF_PRICES_ALL(1.0),SVK,A,HICP,CPI,PC,_T,N,G1,2024,3.2,A,,,,2
OECD.SDD.TPS:DSD_PRICES@DF_PRICES_ALL(1.0),SVK,A,HICP,CPI,PC,_T,N,G1,2025,4.2,A,,,,2
OECD.SDD.TPS:DSD_PRICES@DF_PRICES_ALL(1.0),SVK,A,HICP,CPI,PA,_T,N,GY,2015,-0.3,A,,,,2
OECD.SDD.TPS:DSD_PRICES@DF_PRICES_ALL(1.0),SVK,A,HICP,CPI,PA,_T,N,GY,2016,-0.5,A,,,,2
OECD.SDD.TPS:DSD_PRICES@DF_PRICES_ALL(1.0),SVK,A,HICP,CPI,PA,_T,N,GY,2017,1.4,A,,,,2
OECD.SDD.TPS:DSD_PRICES@DF_PRICES_ALL(1.0),SVK,A,HICP,CPI,PA,_T,N,GY,2018,2.5,A,,,,2
OECD.SDD.TPS:DSD_PRICES@DF_PRICES_ALL(1.0),SVK,A,HICP,CPI,PA,_T,N,GY,2019,2.8,A,,,,2
OECD.SDD.TPS:DSD_PRICES@DF_PRICES_ALL(1.0),SVK,A,HICP,CPI,PA,_T,N,GY,2020,2,A,,,,2
OECD.SDD.TPS:DSD_PRICES@DF_PRICES_ALL(1.0),SVK,A,HICP,CPI,PA,_T,N,GY,2021,2.8,A,,,,2
OECD.SDD.TPS:DSD_PRICES@DF_PRICES_ALL(1.0),SVK,A,HICP,CPI,PA,_T,N,GY,2022,12.1,A,,,,2
OECD.SDD.TPS:DSD_PRICES@DF_PRICES_ALL(1.0),SVK,A,HICP,CPI,PA,_T,N,GY,2023,11,A,,,,2
OECD.SDD.TPS:DSD_PRICES@DF_PRICES_ALL(1.0),SVK,A,HICP,CPI,PA,_T,N,GY,2024,3.2,A,,,,2
OECD.SDD.TPS:DSD_PRICES@DF_PRICES_ALL(1.0),SVK,A,HICP,CPI,PA,_T,N,GY,2025,4.2,A,,,,2
OECD.SDD.TPS:DSD_PRICES@DF_PRICES_ALL(1.0),PRT,A,HICP,CPI,IX,_T,N,_Z,2015,100,A,,2015,,2
OECD.SDD.TPS:DSD_PRICES@DF_PRICES_ALL(1.0),PRT,A,HICP,CPI,IX,_T,N,_Z,2016,100.64,A,,2015,,2
OECD.SDD.TPS:DSD_PRICES@DF_PRICES_ALL(1.0),PRT,A,HICP,CPI,IX,_T,N,_Z,2017,102.2,A,,2015,,2
OECD.SDD.TPS:DSD_PRICES@DF_PRICES_ALL(1.0),PRT,A,HICP,CPI,IX,_T,N,_Z,2018,103.4,A,,2015,,2
OECD.SDD.TPS:DSD_PRICES@DF_PRICES_ALL(1.0),PRT,A,HICP,CPI,IX,_T,N,_Z,2019,103.71,A,,2015,,2
OECD.SDD.TPS:DSD_PRICES@DF_PRICES_ALL(1.0),PRT,A,HICP,CPI,IX,_T,N,_Z,2020,103.58,A,,2015,,2
OECD.SDD.TPS:DSD_PRICES@DF_PRICES_ALL(1.0),PRT,A,HICP,CPI,IX,_T,N,_Z,2021,104.55,A,,2015,,2
OECD.SDD.TPS:DSD_PRICES@DF_PRICES_ALL(1.0),PRT,A,HICP,CPI,IX,_T,N,_Z,2022,113.03,A,,2015,,2
OECD.SDD.TPS:DSD_PRICES@DF_PRICES_ALL(1.0),PRT,A,HICP,CPI,IX,_T,N,_Z,2023,118.98,A,,2015,,2
OECD.SDD.TPS:DSD_PRICES@DF_PRICES_ALL(1.0),PRT,A,HICP,CPI,IX,_T,N,_Z,2024,122.15,A,,2015,,2
OECD.SDD.TPS:DSD_PRICES@DF_PRICES_ALL(1.0),PRT,A,HICP,CPI,IX,_T,N,_Z,2025,124.83,A,,2015,,2
OECD.SDD.TPS:DSD_PRICES@DF_PRICES_ALL(1.0),PRT,A,HICP,CPI,PA,_T,N,GY,2015,0.5,A,,,,2
OECD.SDD.TPS:DSD_PRICES@DF_PRICES_ALL(1.0),PRT,A,HICP,CPI,PA,_T,N,GY,2016,0.6,A,,,,2
OECD.SDD.TPS:DSD_PRICES@DF_PRICES_ALL(1.0),PRT,A,HICP,CPI,PA,_T,N,GY,2017,1.6,A,,,,2
OECD.SDD.TPS:DSD_PRICES@DF_PRICES_ALL(1.0),PRT,A,HICP,CPI,PA,_T,N,GY,2018,1.2,A,,,,2
OECD.SDD.TPS:DSD_PRICES@DF_PRICES_ALL(1.0),PRT,A,HICP,CPI,PA,_T,N,GY,2019,0.3,A,,,,2
OECD.SDD.TPS:DSD_PRICES@DF_PRICES_ALL(1.0),PRT,A,HICP,CPI,PA,_T,N,GY,2020,-0.1,A,,,,2
OECD.SDD.TPS:DSD_PRICES@DF_PRICES_ALL(1.0),PRT,A,HICP,CPI,PA,_T,N,GY,2021,0.9,A,,,,2
OECD.SDD.TPS:DSD_PRICES@DF_PRICES_ALL(1.0),PRT,A,HICP,CPI,PA,_T,N,GY,2022,8.1,A,,,,2
OECD.SDD.TPS:DSD_PRICES@DF_PRICES_ALL(1.0),PRT,A,HICP,CPI,PA,_T,N,GY,2023,5.3,A,,,,2
OECD.SDD.TPS:DSD_PRICES@DF_PRICES_ALL(1.0),PRT,A,HICP,CPI,PA,_T,N,GY,2024,2.7,A,,,,2
OECD.SDD.TPS:DSD_PRICES@DF_PRICES_ALL(1.0),PRT,A,HICP,CPI,PA,_T,N,GY,2025,2.2,A,,,,2
OECD.SDD.TPS:DSD_PRICES@DF_PRICES_ALL(1.0),PRT,A,HICP,CPI,PC,_T,N,G1,2015,0.5,A,,,,2
OECD.SDD.TPS:DSD_PRICES@DF_PRICES_ALL(1.0),PRT,A,HICP,CPI,PC,_T,N,G1,2016,0.6,A,,,,2
OECD.SDD.TPS:DSD_PRICES@DF_PRICES_ALL(1.0),PRT,A,HICP,CPI,PC,_T,N,G1,2017,1.6,A,,,,2
OECD.SDD.TPS:DSD_PRICES@DF_PRICES_ALL(1.0),PRT,A,HICP,CPI,PC,_T,N,G1,2018,1.2,A,,,,2
OECD.SDD.TPS:DSD_PRICES@DF_PRICES_ALL(1.0),PRT,A,HICP,CPI,PC,_T,N,G1,2019,0.3,A,,,,2
OECD.SDD.TPS:DSD_PRICES@DF_PRICES_ALL(1.0),PRT,A,HICP,CPI,PC,_T,N,G1,2020,-0.1,A,,,,2
OECD.SDD.TPS:DSD_PRICES@DF_PRICES_ALL(1.0),PRT,A,HICP,CPI,PC,_T,N,G1,2021,0.9,A,,,,2
OECD.SDD.TPS:DSD_PRICES@DF_PRICES_ALL(1.0),PRT,A,HICP,CPI,PC,_T,N,G1,2022,8.1,A,,,,2
OECD.SDD.TPS:DSD_PRICES@DF_PRICES_ALL(1.0),PRT,A,HICP,CPI,PC,_T,N,G1,2023,5.3,A,,,,2
OECD.SDD.TPS:DSD_PRICES@DF_PRICES_ALL(1.0),PRT,A,HICP,CPI,PC,_T,N,G1,2024,2.7,A,,,,2
OECD.SDD.TPS:DSD_PRICES@DF_PRICES_ALL(1.0),PRT,A,HICP,CPI,PC,_T,N,G1,2025,2.2,A,,,,2
OECD.SDD.TPS:DSD_PRICES@DF_PRICES_ALL(1.0),GBR,A,HICP,CPI,IX,_T,N,_Z,2015,100,A,,2015,,2
OECD.SDD.TPS:DSD_PRICES@DF_PRICES_ALL(1.0),GBR,A,HICP,CPI,IX,_T,N,_Z,2016,100.7,A,,2015,,2
OECD.SDD.TPS:DSD_PRICES@DF_PRICES_ALL(1.0),GBR,A,HICP,CPI,IX,_T,N,_Z,2017,103.4,A,,2015,,2
OECD.SDD.TPS:DSD_PRICES@DF_PRICES_ALL(1.0),GBR,A,HICP,CPI,IX,_T,N,_Z,2018,105.9,A,,2015,,2
OECD.SDD.TPS:DSD_PRICES@DF_PRICES_ALL(1.0),GBR,A,HICP,CPI,IX,_T,N,_Z,2019,107.8,A,,2015,,2
OECD.SDD.TPS:DSD_PRICES@DF_PRICES_ALL(1.0),GBR,A,HICP,CPI,IX,_T,N,_Z,2020,108.75,A,,2015,,2
OECD.SDD.TPS:DSD_PRICES@DF_PRICES_ALL(1.0),GBR,A,HICP,CPI,IX,_T,N,_Z,2021,111.5583,A,,2015,,2
OECD.SDD.TPS:DSD_PRICES@DF_PRICES_ALL(1.0),GBR,A,HICP,CPI,IX,_T,N,_Z,2022,121.6583,A,,2015,,2
OECD.SDD.TPS:DSD_PRICES@DF_PRICES_ALL(1.0),GBR,A,HICP,CPI,IX,_T,N,_Z,2023,130.5417,A,,2015,,2
OECD.SDD.TPS:DSD_PRICES@DF_PRICES_ALL(1.0),GBR,A,HICP,CPI,IX,_T,N,_Z,2024,133.8583,A,,2015,,2
OECD.SDD.TPS:DSD_PRICES@DF_PRICES_ALL(1.0),GBR,A,HICP,CPI,IX,_T,N,_Z,2025,138.3667,A,,2015,,2
OECD.SDD.TPS:DSD_PRICES@DF_PRICES_ALL(1.0),GBR,A,HICP,CPI,PC,_T,N,G1,2015,0,A,,,,2
OECD.SDD.TPS:DSD_PRICES@DF_PRICES_ALL(1.0),GBR,A,HICP,CPI,PC,_T,N,G1,2016,0.7,A,,,,2
OECD.SDD.TPS:DSD_PRICES@DF_PRICES_ALL(1.0),GBR,A,HICP,CPI,PC,_T,N,G1,2017,2.7,A,,,,2
OECD.SDD.TPS:DSD_PRICES@DF_PRICES_ALL(1.0),GBR,A,HICP,CPI,PC,_T,N,G1,2018,2.5,A,,,,2
OECD.SDD.TPS:DSD_PRICES@DF_PRICES_ALL(1.0),GBR,A,HICP,CPI,PC,_T,N,G1,2019,1.8,A,,,,2
OECD.SDD.TPS:DSD_PRICES@DF_PRICES_ALL(1.0),GBR,A,HICP,CPI,PC,_T,N,G1,2020,0.8812616,A,,,,2
OECD.SDD.TPS:DSD_PRICES@DF_PRICES_ALL(1.0),GBR,A,HICP,CPI,PC,_T,N,G1,2021,2.582376,A,,,,2
OECD.SDD.TPS:DSD_PRICES@DF_PRICES_ALL(1.0),GBR,A,HICP,CPI,PC,_T,N,G1,2022,9.053559,A,,,,2
OECD.SDD.TPS:DSD_PRICES@DF_PRICES_ALL(1.0),GBR,A,HICP,CPI,PC,_T,N,G1,2023,7.30187,A,,,,2
OECD.SDD.TPS:DSD_PRICES@DF_PRICES_ALL(1.0),GBR,A,HICP,CPI,PC,_T,N,G1,2024,2.540696,A,,,,2
OECD.SDD.TPS:DSD_PRICES@DF_PRICES_ALL(1.0),GBR,A,HICP,CPI,PC,_T,N,G1,2025,3.367989,A,,,,2
OECD.SDD.TPS:DSD_PRICES@DF_PRICES_ALL(1.0),GBR,A,HICP,CPI,PA,_T,N,GY,2015,0,A,,,,2
OECD.SDD.TPS:DSD_PRICES@DF_PRICES_ALL(1.0),GBR,A,HICP,CPI,PA,_T,N,GY,2016,0.7,A,,,,2
OECD.SDD.TPS:DSD_PRICES@DF_PRICES_ALL(1.0),GBR,A,HICP,CPI,PA,_T,N,GY,2017,2.7,A,,,,2
OECD.SDD.TPS:DSD_PRICES@DF_PRICES_ALL(1.0),GBR,A,HICP,CPI,PA,_T,N,GY,2018,2.5,A,,,,2
OECD.SDD.TPS:DSD_PRICES@DF_PRICES_ALL(1.0),GBR,A,HICP,CPI,PA,_T,N,GY,2019,1.8,A,,,,2
OECD.SDD.TPS:DSD_PRICES@DF_PRICES_ALL(1.0),GBR,A,HICP,CPI,PA,_T,N,GY,2020,0.8812616,A,,,,2
OECD.SDD.TPS:DSD_PRICES@DF_PRICES_ALL(1.0),GBR,A,HICP,CPI,PA,_T,N,GY,2021,2.582376,A,,,,2
OECD.SDD.TPS:DSD_PRICES@DF_PRICES_ALL(1.0),GBR,A,HICP,CPI,PA,_T,N,GY,2022,9.053559,A,,,,2
OECD.SDD.TPS:DSD_PRICES@DF_PRICES_ALL(1.0),GBR,A,HICP,CPI,PA,_T,N,GY,2023,7.30187,A,,,,2
OECD.SDD.TPS:DSD_PRICES@DF_PRICES_ALL(1.0),GBR,A,HICP,CPI,PA,_T,N,GY,2024,2.540696,A,,,,2
OECD.SDD.TPS:DSD_PRICES@DF_PRICES_ALL(1.0),GBR,A,HICP,CPI,PA,_T,N,GY,2025,3.367989,A,,,,2
OECD.SDD.TPS:DSD_PRICES@DF_PRICES_ALL(1.0),AUT,A,HICP,CPI,IX,SERV,N,_Z,2016,102.38,A,,2015,,2
OECD.SDD.TPS:DSD_PRICES@DF_PRICES_ALL(1.0),AUT,A,HICP,CPI,IX,SERV,N,_Z,2017,105.12,A,,2015,,2
OECD.SDD.TPS:DSD_PRICES@DF_PRICES_ALL(1.0),AUT,A,HICP,CPI,IX,SERV,N,_Z,2018,107.46,A,,2015,,2
OECD.SDD.TPS:DSD_PRICES@DF_PRICES_ALL(1.0),AUT,A,HICP,CPI,IX,SERV,N,_Z,2019,109.81,A,,2015,,2
OECD.SDD.TPS:DSD_PRICES@DF_PRICES_ALL(1.0),AUT,A,HICP,CPI,IX,SERV,N,_Z,2020,112.53,A,,2015,,2
OECD.SDD.TPS:DSD_PRICES@DF_PRICES_ALL(1.0),AUT,A,HICP,CPI,IX,SERV,N,_Z,2021,115.38,A,,2015,,2
OECD.SDD.TPS:DSD_PRICES@DF_PRICES_ALL(1.0),AUT,A,HICP,CPI,IX,SERV,N,_Z,2022,120.73,A,,2015,,2
OECD.SDD.TPS:DSD_PRICES@DF_PRICES_ALL(1.0),AUT,A,HICP,CPI,IX,SERV,N,_Z,2023,130.14,A,,2015,,2
OECD.SDD.TPS:DSD_PRICES@DF_PRICES_ALL(1.0),AUT,A,HICP,CPI,IX,SERV,N,_Z,2024,137.6,A,,2015,,2
OECD.SDD.TPS:DSD_PRICES@DF_PRICES_ALL(1.0),AUT,A,HICP,CPI,IX,SERV,N,_Z,2025,143.76,A,,2015,,2
OECD.SDD.TPS:DSD_PRICES@DF_PRICES_ALL(1.0),CZE,A,HICP,CPI,IX,SERV,N,_Z,2016,101.5,A,,2015,,2
OECD.SDD.TPS:DSD_PRICES@DF_PRICES_ALL(1.0),CZE,A,HICP,CPI,IX,SERV,N,_Z,2017,104.5,A,,2015,,2
OECD.SDD.TPS:DSD_PRICES@DF_PRICES_ALL(1.0),CZE,A,HICP,CPI,IX,SERV,N,_Z,2018,107.3,A,,2015,,2
OECD.SDD.TPS:DSD_PRICES@DF_PRICES_ALL(1.0),CZE,A,HICP,CPI,IX,SERV,N,_Z,2019,110.9,A,,2015,,2
OECD.SDD.TPS:DSD_PRICES@DF_PRICES_ALL(1.0),CZE,A,HICP,CPI,IX,SERV,N,_Z,2020,114.9,A,,2015,,2
OECD.SDD.TPS:DSD_PRICES@DF_PRICES_ALL(1.0),CZE,A,HICP,CPI,IX,SERV,N,_Z,2021,118.5,A,,2015,,2
OECD.SDD.TPS:DSD_PRICES@DF_PRICES_ALL(1.0),CZE,A,HICP,CPI,IX,SERV,N,_Z,2022,132.5,A,,2015,,2
OECD.SDD.TPS:DSD_PRICES@DF_PRICES_ALL(1.0),CZE,A,HICP,CPI,IX,SERV,N,_Z,2023,147.1,A,,2015,,2
OECD.SDD.TPS:DSD_PRICES@DF_PRICES_ALL(1.0),CZE,A,HICP,CPI,IX,SERV,N,_Z,2024,157,A,,2015,,2
OECD.SDD.TPS:DSD_PRICES@DF_PRICES_ALL(1.0),CZE,A,HICP,CPI,IX,SERV,N,_Z,2025,164.8,A,,2015,,2
OECD.SDD.TPS:DSD_PRICES@DF_PRICES_ALL(1.0),HUN,A,HICP,CPI,IX,SERV,N,_Z,2016,101.83,A,,2015,,2
OECD.SDD.TPS:DSD_PRICES@DF_PRICES_ALL(1.0),HUN,A,HICP,CPI,IX,SERV,N,_Z,2017,103.81,A,,2015,,2
OECD.SDD.TPS:DSD_PRICES@DF_PRICES_ALL(1.0),HUN,A,HICP,CPI,IX,SERV,N,_Z,2018,106.27,A,,2015,,2
OECD.SDD.TPS:DSD_PRICES@DF_PRICES_ALL(1.0),HUN,A,HICP,CPI,IX,SERV,N,_Z,2019,110.56,A,,2015,,2
OECD.SDD.TPS:DSD_PRICES@DF_PRICES_ALL(1.0),HUN,A,HICP,CPI,IX,SERV,N,_Z,2020,114.81,A,,2015,,2
OECD.SDD.TPS:DSD_PRICES@DF_PRICES_ALL(1.0),HUN,A,HICP,CPI,IX,SERV,N,_Z,2021,119.14,A,,2015,,2
OECD.SDD.TPS:DSD_PRICES@DF_PRICES_ALL(1.0),HUN,A,HICP,CPI,IX,SERV,N,_Z,2022,131.32,A,,2015,,2
OECD.SDD.TPS:DSD_PRICES@DF_PRICES_ALL(1.0),HUN,A,HICP,CPI,IX,SERV,N,_Z,2023,152.76,A,,2015,,2
OECD.SDD.TPS:DSD_PRICES@DF_PRICES_ALL(1.0),HUN,A,HICP,CPI,IX,SERV,N,_Z,2024,165.85,A,,2015,,2
OECD.SDD.TPS:DSD_PRICES@DF_PRICES_ALL(1.0),HUN,A,HICP,CPI,IX,SERV,N,_Z,2025,178.3,A,,2015,,2
OECD.SDD.TPS:DSD_PRICES@DF_PRICES_ALL(1.0),DEU,A,HICP,CPI,IX,SERV,N,_Z,2016,101.1,A,,2015,,2
OECD.SDD.TPS:DSD_PRICES@DF_PRICES_ALL(1.0),DEU,A,HICP,CPI,IX,SERV,N,_Z,2017,102.5,A,,2015,,2
OECD.SDD.TPS:DSD_PRICES@DF_PRICES_ALL(1.0),DEU,A,HICP,CPI,IX,SERV,N,_Z,2018,104.2,A,,2015,,2
OECD.SDD.TPS:DSD_PRICES@DF_PRICES_ALL(1.0),DEU,A,HICP,CPI,IX,SERV,N,_Z,2019,105.7,A,,2015,,2
OECD.SDD.TPS:DSD_PRICES@DF_PRICES_ALL(1.0),DEU,A,HICP,CPI,IX,SERV,N,_Z,2020,106.9,A,,2015,,2
OECD.SDD.TPS:DSD_PRICES@DF_PRICES_ALL(1.0),DEU,A,HICP,CPI,IX,SERV,N,_Z,2021,109,A,,2015,,2
OECD.SDD.TPS:DSD_PRICES@DF_PRICES_ALL(1.0),DEU,A,HICP,CPI,IX,SERV,N,_Z,2022,112.2,A,,2015,,2
OECD.SDD.TPS:DSD_PRICES@DF_PRICES_ALL(1.0),DEU,A,HICP,CPI,IX,SERV,N,_Z,2023,117.6,A,,2015,,2
OECD.SDD.TPS:DSD_PRICES@DF_PRICES_ALL(1.0),DEU,A,HICP,CPI,IX,SERV,N,_Z,2024,122.6,A,,2015,,2
OECD.SDD.TPS:DSD_PRICES@DF_PRICES_ALL(1.0),DEU,A,HICP,CPI,IX,SERV,N,_Z,2025,127.4,A,,2015,,2
OECD.SDD.TPS:DSD_PRICES@DF_PRICES_ALL(1.0),BEL,A,HICP,CPI,IX,SERV,N,_Z,2016,102.23,A,,2015,,2
OECD.SDD.TPS:DSD_PRICES@DF_PRICES_ALL(1.0),BEL,A,HICP,CPI,IX,SERV,N,_Z,2017,104.19,A,,2015,,2
OECD.SDD.TPS:DSD_PRICES@DF_PRICES_ALL(1.0),BEL,A,HICP,CPI,IX,SERV,N,_Z,2018,105.82,A,,2015,,2
OECD.SDD.TPS:DSD_PRICES@DF_PRICES_ALL(1.0),BEL,A,HICP,CPI,IX,SERV,N,_Z,2019,107.76,A,,2015,,2
OECD.SDD.TPS:DSD_PRICES@DF_PRICES_ALL(1.0),BEL,A,HICP,CPI,IX,SERV,N,_Z,2020,109.65,A,,2015,,2
OECD.SDD.TPS:DSD_PRICES@DF_PRICES_ALL(1.0),BEL,A,HICP,CPI,IX,SERV,N,_Z,2021,111.43,A,,2015,,2
OECD.SDD.TPS:DSD_PRICES@DF_PRICES_ALL(1.0),BEL,A,HICP,CPI,IX,SERV,N,_Z,2022,115.68,A,,2015,,2
OECD.SDD.TPS:DSD_PRICES@DF_PRICES_ALL(1.0),BEL,A,HICP,CPI,IX,SERV,N,_Z,2023,122.92,A,,2015,,2
OECD.SDD.TPS:DSD_PRICES@DF_PRICES_ALL(1.0),BEL,A,HICP,CPI,IX,SERV,N,_Z,2024,128.26,A,,2015,,2
OECD.SDD.TPS:DSD_PRICES@DF_PRICES_ALL(1.0),BEL,A,HICP,CPI,IX,SERV,N,_Z,2025,133.06,A,,2015,,2
OECD.SDD.TPS:DSD_PRICES@DF_PRICES_ALL(1.0),DNK,A,HICP,CPI,IX,SERV,N,_Z,2016,101.5,A,,2015,,2
OECD.SDD.TPS:DSD_PRICES@DF_PRICES_ALL(1.0),DNK,A,HICP,CPI,IX,SERV,N,_Z,2017,103.5,A,,2015,,2
OECD.SDD.TPS:DSD_PRICES@DF_PRICES_ALL(1.0),DNK,A,HICP,CPI,IX,SERV,N,_Z,2018,105.2,A,,2015,,2
OECD.SDD.TPS:DSD_PRICES@DF_PRICES_ALL(1.0),DNK,A,HICP,CPI,IX,SERV,N,_Z,2019,106.7,A,,2015,,2
OECD.SDD.TPS:DSD_PRICES@DF_PRICES_ALL(1.0),DNK,A,HICP,CPI,IX,SERV,N,_Z,2020,107.9,A,,2015,,2
OECD.SDD.TPS:DSD_PRICES@DF_PRICES_ALL(1.0),DNK,A,HICP,CPI,IX,SERV,N,_Z,2021,109.4,A,,2015,,2
OECD.SDD.TPS:DSD_PRICES@DF_PRICES_ALL(1.0),DNK,A,HICP,CPI,IX,SERV,N,_Z,2022,113.5,A,,2015,,2
OECD.SDD.TPS:DSD_PRICES@DF_PRICES_ALL(1.0),DNK,A,HICP,CPI,IX,SERV,N,_Z,2023,119.7,A,,2015,,2
OECD.SDD.TPS:DSD_PRICES@DF_PRICES_ALL(1.0),DNK,A,HICP,CPI,IX,SERV,N,_Z,2024,123.3,A,,2015,,2
OECD.SDD.TPS:DSD_PRICES@DF_PRICES_ALL(1.0),DNK,A,HICP,CPI,IX,SERV,N,_Z,2025,126.9,A,,2015,,2
OECD.SDD.TPS:DSD_PRICES@DF_PRICES_ALL(1.0),EST,A,HICP,CPI,IX,SERV,N,_Z,2016,101.78,A,,2015,,2
OECD.SDD.TPS:DSD_PRICES@DF_PRICES_ALL(1.0),EST,A,HICP,CPI,IX,SERV,N,_Z,2017,105.59,A,,2015,,2
OECD.SDD.TPS:DSD_PRICES@DF_PRICES_ALL(1.0),EST,A,HICP,CPI,IX,SERV,N,_Z,2018,108.62,A,,2015,,2
OECD.SDD.TPS:DSD_PRICES@DF_PRICES_ALL(1.0),EST,A,HICP,CPI,IX,SERV,N,_Z,2019,112.72,A,,2015,,2
OECD.SDD.TPS:DSD_PRICES@DF_PRICES_ALL(1.0),EST,A,HICP,CPI,IX,SERV,N,_Z,2020,112.79,A,,2015,,2
OECD.SDD.TPS:DSD_PRICES@DF_PRICES_ALL(1.0),EST,A,HICP,CPI,IX,SERV,N,_Z,2021,116.03,A,,2015,,2
OECD.SDD.TPS:DSD_PRICES@DF_PRICES_ALL(1.0),EST,A,HICP,CPI,IX,SERV,N,_Z,2022,128.24,A,,2015,,2
OECD.SDD.TPS:DSD_PRICES@DF_PRICES_ALL(1.0),EST,A,HICP,CPI,IX,SERV,N,_Z,2023,138.98,A,,2015,,2
OECD.SDD.TPS:DSD_PRICES@DF_PRICES_ALL(1.0),EST,A,HICP,CPI,IX,SERV,N,_Z,2024,149.17,A,,2015,,2
OECD.SDD.TPS:DSD_PRICES@DF_PRICES_ALL(1.0),EST,A,HICP,CPI,IX,SERV,N,_Z,2025,163.55,A,,2015,,2
OECD.SDD.TPS:DSD_PRICES@DF_PRICES_ALL(1.0),IRL,A,HICP,CPI,IX,SERV,N,_Z,2016,102.5,A,,2015,,2
OECD.SDD.TPS:DSD_PRICES@DF_PRICES_ALL(1.0),IRL,A,HICP,CPI,IX,SERV,N,_Z,2017,105.1,A,,2015,,2
OECD.SDD.TPS:DSD_PRICES@DF_PRICES_ALL(1.0),IRL,A,HICP,CPI,IX,SERV,N,_Z,2018,106.9,A,,2015,,2
OECD.SDD.TPS:DSD_PRICES@DF_PRICES_ALL(1.0),IRL,A,HICP,CPI,IX,SERV,N,_Z,2019,109.5,A,,2015,,2
OECD.SDD.TPS:DSD_PRICES@DF_PRICES_ALL(1.0),IRL,A,HICP,CPI,IX,SERV,N,_Z,2020,110.5,A,,2015,,2
OECD.SDD.TPS:DSD_PRICES@DF_PRICES_ALL(1.0),IRL,A,HICP,CPI,IX,SERV,N,_Z,2021,113.2,A,,2015,,2
OECD.SDD.TPS:DSD_PRICES@DF_PRICES_ALL(1.0),IRL,A,HICP,CPI,IX,SERV,N,_Z,2022,118.5,A,,2015,,2
OECD.SDD.TPS:DSD_PRICES@DF_PRICES_ALL(1.0),IRL,A,HICP,CPI,IX,SERV,N,_Z,2023,124.4,A,,2015,,2
OECD.SDD.TPS:DSD_PRICES@DF_PRICES_ALL(1.0),IRL,A,HICP,CPI,IX,SERV,N,_Z,2024,129.5,A,,2015,,2
OECD.SDD.TPS:DSD_PRICES@DF_PRICES_ALL(1.0),IRL,A,HICP,CPI,IX,SERV,N,_Z,2025,133.4,A,,2015,,2
OECD.SDD.TPS:DSD_PRICES@DF_PRICES_ALL(1.0),ISL,A,HICP,CPI,IX,SERV,N,_Z,2016,103.25,A,,2015,,2
OECD.SDD.TPS:DSD_PRICES@DF_PRICES_ALL(1.0),ISL,A,HICP,CPI,IX,SERV,N,_Z,2017,103.57,A,,2015,,2
OECD.SDD.TPS:DSD_PRICES@DF_PRICES_ALL(1.0),ISL,A,HICP,CPI,IX,SERV,N,_Z,2018,103.75,A,,2015,,2
OECD.SDD.TPS:DSD_PRICES@DF_PRICES_ALL(1.0),ISL,A,HICP,CPI,IX,SERV,N,_Z,2019,104.91,A,,2015,,2
OECD.SDD.TPS:DSD_PRICES@DF_PRICES_ALL(1.0),ISL,A,HICP,CPI,IX,SERV,N,_Z,2020,103.81,A,,2015,,2
OECD.SDD.TPS:DSD_PRICES@DF_PRICES_ALL(1.0),ISL,A,HICP,CPI,IX,SERV,N,_Z,2021,107.91,A,,2015,,2
OECD.SDD.TPS:DSD_PRICES@DF_PRICES_ALL(1.0),ISL,A,HICP,CPI,IX,SERV,N,_Z,2022,112.44,A,,2015,,2
OECD.SDD.TPS:DSD_PRICES@DF_PRICES_ALL(1.0),ISL,A,HICP,CPI,IX,SERV,N,_Z,2023,121.85,A,,2015,,2
OECD.SDD.TPS:DSD_PRICES@DF_PRICES_ALL(1.0),ISL,A,HICP,CPI,IX,SERV,N,_Z,2024,128.64,A,,2015,,2
OECD.SDD.TPS:DSD_PRICES@DF_PRICES_ALL(1.0),ISL,A,HICP,CPI,IX,SERV,N,_Z,2025,134.63,A,,2015,,2
OECD.SDD.TPS:DSD_PRICES@DF_PRICES_ALL(1.0),GRC,A,HICP,CPI,IX,SERV,N,_Z,2016,101.38,A,,2015,,2
OECD.SDD.TPS:DSD_PRICES@DF_PRICES_ALL(1.0),GRC,A,HICP,CPI,IX,SERV,N,_Z,2017,102.59,A,,2015,,2
OECD.SDD.TPS:DSD_PRICES@DF_PRICES_ALL(1.0),GRC,A,HICP,CPI,IX,SERV,N,_Z,2018,103.53,A,,2015,,2
OECD.SDD.TPS:DSD_PRICES@DF_PRICES_ALL(1.0),GRC,A,HICP,CPI,IX,SERV,N,_Z,2019,104.88,A,,2015,,2
OECD.SDD.TPS:DSD_PRICES@DF_PRICES_ALL(1.0),GRC,A,HICP,CPI,IX,SERV,N,_Z,2020,103.37,A,,2015,,2
OECD.SDD.TPS:DSD_PRICES@DF_PRICES_ALL(1.0),GRC,A,HICP,CPI,IX,SERV,N,_Z,2021,102.33,A,,2015,,2
OECD.SDD.TPS:DSD_PRICES@DF_PRICES_ALL(1.0),GRC,A,HICP,CPI,IX,SERV,N,_Z,2022,106.91,A,,2015,,2
OECD.SDD.TPS:DSD_PRICES@DF_PRICES_ALL(1.0),GRC,A,HICP,CPI,IX,SERV,N,_Z,2023,111.69,A,,2015,,2
OECD.SDD.TPS:DSD_PRICES@DF_PRICES_ALL(1.0),GRC,A,HICP,CPI,IX,SERV,N,_Z,2024,116.64,A,,2015,,2
OECD.SDD.TPS:DSD_PRICES@DF_PRICES_ALL(1.0),GRC,A,HICP,CPI,IX,SERV,N,_Z,2025,122.21,A,,2015,,2
OECD.SDD.TPS:DSD_PRICES@DF_PRICES_ALL(1.0),FRA,A,HICP,CPI,IX,SERV,N,_Z,2016,100.98,A,,2015,,2
OECD.SDD.TPS:DSD_PRICES@DF_PRICES_ALL(1.0),FRA,A,HICP,CPI,IX,SERV,N,_Z,2017,101.94,A,,2015,,2
OECD.SDD.TPS:DSD_PRICES@DF_PRICES_ALL(1.0),FRA,A,HICP,CPI,IX,SERV,N,_Z,2018,103.29,A,,2015,,2
OECD.SDD.TPS:DSD_PRICES@DF_PRICES_ALL(1.0),FRA,A,HICP,CPI,IX,SERV,N,_Z,2019,104.5,A,,2015,,2
OECD.SDD.TPS:DSD_PRICES@DF_PRICES_ALL(1.0),FRA,A,HICP,CPI,IX,SERV,N,_Z,2020,105.45,A,,2015,,2
OECD.SDD.TPS:DSD_PRICES@DF_PRICES_ALL(1.0),FRA,A,HICP,CPI,IX,SERV,N,_Z,2021,107.07,A,,2015,,2
OECD.SDD.TPS:DSD_PRICES@DF_PRICES_ALL(1.0),FRA,A,HICP,CPI,IX,SERV,N,_Z,2022,110.55,A,,2015,,2
OECD.SDD.TPS:DSD_PRICES@DF_PRICES_ALL(1.0),FRA,A,HICP,CPI,IX,SERV,N,_Z,2023,114.81,A,,2015,,2
OECD.SDD.TPS:DSD_PRICES@DF_PRICES_ALL(1.0),FRA,A,HICP,CPI,IX,SERV,N,_Z,2024,118.51,A,,2015,,2
OECD.SDD.TPS:DSD_PRICES@DF_PRICES_ALL(1.0),FRA,A,HICP,CPI,IX,SERV,N,_Z,2025,121.15,A,,2015,,2
OECD.SDD.TPS:DSD_PRICES@DF_PRICES_ALL(1.0),FIN,A,HICP,CPI,IX,SERV,N,_Z,2016,102.36,A,,2015,,2
OECD.SDD.TPS:DSD_PRICES@DF_PRICES_ALL(1.0),FIN,A,HICP,CPI,IX,SERV,N,_Z,2017,103.99,A,,2015,,2
OECD.SDD.TPS:DSD_PRICES@DF_PRICES_ALL(1.0),FIN,A,HICP,CPI,IX,SERV,N,_Z,2018,105.39,A,,2015,,2
OECD.SDD.TPS:DSD_PRICES@DF_PRICES_ALL(1.0),FIN,A,HICP,CPI,IX,SERV,N,_Z,2019,107.32,A,,2015,,2
OECD.SDD.TPS:DSD_PRICES@DF_PRICES_ALL(1.0),FIN,A,HICP,CPI,IX,SERV,N,_Z,2020,108.55,A,,2015,,2
OECD.SDD.TPS:DSD_PRICES@DF_PRICES_ALL(1.0),FIN,A,HICP,CPI,IX,SERV,N,_Z,2021,110.63,A,,2015,,2
OECD.SDD.TPS:DSD_PRICES@DF_PRICES_ALL(1.0),FIN,A,HICP,CPI,IX,SERV,N,_Z,2022,113.87,A,,2015,,2
OECD.SDD.TPS:DSD_PRICES@DF_PRICES_ALL(1.0),FIN,A,HICP,CPI,IX,SERV,N,_Z,2023,118.34,A,,2015,,2
OECD.SDD.TPS:DSD_PRICES@DF_PRICES_ALL(1.0),FIN,A,HICP,CPI,IX,SERV,N,_Z,2024,122.06,A,,2015,,2
OECD.SDD.TPS:DSD_PRICES@DF_PRICES_ALL(1.0),FIN,A,HICP,CPI,IX,SERV,N,_Z,2025,125.93,A,,2015,,2
OECD.SDD.TPS:DSD_PRICES@DF_PRICES_ALL(1.0),AUT,A,HICP,CPI,IX,SERV,N,_Z,2015,100,A,,2015,,2
OECD.SDD.TPS:DSD_PRICES@DF_PRICES_ALL(1.0),BEL,A,HICP,CPI,IX,SERV,N,_Z,2015,100,A,,2015,,2
OECD.SDD.TPS:DSD_PRICES@DF_PRICES_ALL(1.0),CZE,A,HICP,CPI,IX,SERV,N,_Z,2015,100,A,,2015,,2
OECD.SDD.TPS:DSD_PRICES@DF_PRICES_ALL(1.0),DNK,A,HICP,CPI,IX,SERV,N,_Z,2015,100,A,,2015,,2
OECD.SDD.TPS:DSD_PRICES@DF_PRICES_ALL(1.0),EST,A,HICP,CPI,IX,SERV,N,_Z,2015,100,A,,2015,,2
OECD.SDD.TPS:DSD_PRICES@DF_PRICES_ALL(1.0),FIN,A,HICP,CPI,IX,SERV,N,_Z,2015,100,A,,2015,,2
OECD.SDD.TPS:DSD_PRICES@DF_PRICES_ALL(1.0),FRA,A,HICP,CPI,IX,SERV,N,_Z,2015,100,A,,2015,,2
OECD.SDD.TPS:DSD_PRICES@DF_PRICES_ALL(1.0),DEU,A,HICP,CPI,IX,SERV,N,_Z,2015,100,A,,2015,,2
OECD.SDD.TPS:DSD_PRICES@DF_PRICES_ALL(1.0),GRC,A,HICP,CPI,IX,SERV,N,_Z,2015,100,A,,2015,,2
OECD.SDD.TPS:DSD_PRICES@DF_PRICES_ALL(1.0),HUN,A,HICP,CPI,IX,SERV,N,_Z,2015,100,A,,2015,,2
OECD.SDD.TPS:DSD_PRICES@DF_PRICES_ALL(1.0),ISL,A,HICP,CPI,IX,SERV,N,_Z,2015,100,A,,2015,,2
OECD.SDD.TPS:DSD_PRICES@DF_PRICES_ALL(1.0),IRL,A,HICP,CPI,IX,SERV,N,_Z,2015,100,A,,2015,,2
OECD.SDD.TPS:DSD_PRICES@DF_PRICES_ALL(1.0),AUT,A,HICP,CPI,PC,SERV,N,G1,2015,2.5,A,,,,2
OECD.SDD.TPS:DSD_PRICES@DF_PRICES_ALL(1.0),AUT,A,HICP,CPI,PC,SERV,N,G1,2016,2.4,A,,,,2
OECD.SDD.TPS:DSD_PRICES@DF_PRICES_ALL(1.0),AUT,A,HICP,CPI,PC,SERV,N,G1,2017,2.7,A,,,,2
OECD.SDD.TPS:DSD_PRICES@DF_PRICES_ALL(1.0),AUT,A,HICP,CPI,PC,SERV,N,G1,2018,2.2,A,,,,2
OECD.SDD.TPS:DSD_PRICES@DF_PRICES_ALL(1.0),AUT,A,HICP,CPI,PC,SERV,N,G1,2019,2.2,A,,,,2
OECD.SDD.TPS:DSD_PRICES@DF_PRICES_ALL(1.0),AUT,A,HICP,CPI,PC,SERV,N,G1,2020,2.5,A,,,,2
OECD.SDD.TPS:DSD_PRICES@DF_PRICES_ALL(1.0),AUT,A,HICP,CPI,PC,SERV,N,G1,2021,2.5,A,,,,2
OECD.SDD.TPS:DSD_PRICES@DF_PRICES_ALL(1.0),AUT,A,HICP,CPI,PC,SERV,N,G1,2022,4.6,A,,,,2
OECD.SDD.TPS:DSD_PRICES@DF_PRICES_ALL(1.0),AUT,A,HICP,CPI,PC,SERV,N,G1,2023,7.8,A,,,,2
OECD.SDD.TPS:DSD_PRICES@DF_PRICES_ALL(1.0),AUT,A,HICP,CPI,PC,SERV,N,G1,2024,5.7,A,,,,2
OECD.SDD.TPS:DSD_PRICES@DF_PRICES_ALL(1.0),AUT,A,HICP,CPI,PC,SERV,N,G1,2025,4.5,A,,,,2
OECD.SDD.TPS:DSD_PRICES@DF_PRICES_ALL(1.0),HUN,A,HICP,CPI,PC,SERV,N,G1,2015,2.2,A,,,,2
OECD.SDD.TPS:DSD_PRICES@DF_PRICES_ALL(1.0),HUN,A,HICP,CPI,PC,SERV,N,G1,2016,1.8,A,,,,2
OECD.SDD.TPS:DSD_PRICES@DF_PRICES_ALL(1.0),HUN,A,HICP,CPI,PC,SERV,N,G1,2017,1.9,A,,,,2
OECD.SDD.TPS:DSD_PRICES@DF_PRICES_ALL(1.0),HUN,A,HICP,CPI,PC,SERV,N,G1,2018,2.4,A,,,,2
OECD.SDD.TPS:DSD_PRICES@DF_PRICES_ALL(1.0),HUN,A,HICP,CPI,PC,SERV,N,G1,2019,4,A,,,,2
OECD.SDD.TPS:DSD_PRICES@DF_PRICES_ALL(1.0),HUN,A,HICP,CPI,PC,SERV,N,G1,2020,3.8,A,,,,2
OECD.SDD.TPS:DSD_PRICES@DF_PRICES_ALL(1.0),HUN,A,HICP,CPI,PC,SERV,N,G1,2021,3.8,A,,,,2
OECD.SDD.TPS:DSD_PRICES@DF_PRICES_ALL(1.0),HUN,A,HICP,CPI,PC,SERV,N,G1,2022,10.2,A,,,,2
OECD.SDD.TPS:DSD_PRICES@DF_PRICES_ALL(1.0),HUN,A,HICP,CPI,PC,SERV,N,G1,2023,16.3,A,,,,2
OECD.SDD.TPS:DSD_PRICES@DF_PRICES_ALL(1.0),HUN,A,HICP,CPI,PC,SERV,N,G1,2024,8.6,A,,,,2
OECD.SDD.TPS:DSD_PRICES@DF_PRICES_ALL(1.0),HUN,A,HICP,CPI,PC,SERV,N,G1,2025,7.5,A,,,,2
OECD.SDD.TPS:DSD_PRICES@DF_PRICES_ALL(1.0),DNK,A,HICP,CPI,PC,SERV,N,G1,2015,1.5,A,,,,2
OECD.SDD.TPS:DSD_PRICES@DF_PRICES_ALL(1.0),DNK,A,HICP,CPI,PC,SERV,N,G1,2016,1.5,A,,,,2
OECD.SDD.TPS:DSD_PRICES@DF_PRICES_ALL(1.0),DNK,A,HICP,CPI,PC,SERV,N,G1,2017,2,A,,,,2
OECD.SDD.TPS:DSD_PRICES@DF_PRICES_ALL(1.0),DNK,A,HICP,CPI,PC,SERV,N,G1,2018,1.6,A,,,,2
OECD.SDD.TPS:DSD_PRICES@DF_PRICES_ALL(1.0),DNK,A,HICP,CPI,PC,SERV,N,G1,2019,1.4,A,,,,2
OECD.SDD.TPS:DSD_PRICES@DF_PRICES_ALL(1.0),DNK,A,HICP,CPI,PC,SERV,N,G1,2020,1.2,A,,,,2
OECD.SDD.TPS:DSD_PRICES@DF_PRICES_ALL(1.0),DNK,A,HICP,CPI,PC,SERV,N,G1,2021,1.4,A,,,,2
OECD.SDD.TPS:DSD_PRICES@DF_PRICES_ALL(1.0),DNK,A,HICP,CPI,PC,SERV,N,G1,2022,3.7,A,,,,2
OECD.SDD.TPS:DSD_PRICES@DF_PRICES_ALL(1.0),DNK,A,HICP,CPI,PC,SERV,N,G1,2023,5.5,A,,,,2
OECD.SDD.TPS:DSD_PRICES@DF_PRICES_ALL(1.0),DNK,A,HICP,CPI,PC,SERV,N,G1,2024,3,A,,,,2
OECD.SDD.TPS:DSD_PRICES@DF_PRICES_ALL(1.0),DNK,A,HICP,CPI,PC,SERV,N,G1,2025,2.9,A,,,,2
OECD.SDD.TPS:DSD_PRICES@DF_PRICES_ALL(1.0),CZE,A,HICP,CPI,PC,SERV,N,G1,2015,0.9,A,,,,2
OECD.SDD.TPS:DSD_PRICES@DF_PRICES_ALL(1.0),CZE,A,HICP,CPI,PC,SERV,N,G1,2016,1.5,A,,,,2
OECD.SDD.TPS:DSD_PRICES@DF_PRICES_ALL(1.0),CZE,A,HICP,CPI,PC,SERV,N,G1,2017,2.9,A,,,,2
OECD.SDD.TPS:DSD_PRICES@DF_PRICES_ALL(1.0),CZE,A,HICP,CPI,PC,SERV,N,G1,2018,2.6,A,,,,2
OECD.SDD.TPS:DSD_PRICES@DF_PRICES_ALL(1.0),CZE,A,HICP,CPI,PC,SERV,N,G1,2019,3.4,A,,,,2
OECD.SDD.TPS:DSD_PRICES@DF_PRICES_ALL(1.0),CZE,A,HICP,CPI,PC,SERV,N,G1,2020,3.6,A,,,,2
OECD.SDD.TPS:DSD_PRICES@DF_PRICES_ALL(1.0),CZE,A,HICP,CPI,PC,SERV,N,G1,2021,3.1,A,,,,2
OECD.SDD.TPS:DSD_PRICES@DF_PRICES_ALL(1.0),CZE,A,HICP,CPI,PC,SERV,N,G1,2022,11.8,A,,,,2
OECD.SDD.TPS:DSD_PRICES@DF_PRICES_ALL(1.0),CZE,A,HICP,CPI,PC,SERV,N,G1,2023,11.1,A,,,,2
OECD.SDD.TPS:DSD_PRICES@DF_PRICES_ALL(1.0),CZE,A,HICP,CPI,PC,SERV,N,G1,2024,6.7,A,,,,2
OECD.SDD.TPS:DSD_PRICES@DF_PRICES_ALL(1.0),CZE,A,HICP,CPI,PC,SERV,N,G1,2025,5,A,,,,2
OECD.SDD.TPS:DSD_PRICES@DF_PRICES_ALL(1.0),BEL,A,HICP,CPI,PC,SERV,N,G1,2015,2.4,A,,,,2
OECD.SDD.TPS:DSD_PRICES@DF_PRICES_ALL(1.0),BEL,A,HICP,CPI,PC,SERV,N,G1,2016,2.2,A,,,,2
OECD.SDD.TPS:DSD_PRICES@DF_PRICES_ALL(1.0),BEL,A,HICP,CPI,PC,SERV,N,G1,2017,1.9,A,,,,2
OECD.SDD.TPS:DSD_PRICES@DF_PRICES_ALL(1.0),BEL,A,HICP,CPI,PC,SERV,N,G1,2018,1.6,A,,,,2
OECD.SDD.TPS:DSD_PRICES@DF_PRICES_ALL(1.0),BEL,A,HICP,CPI,PC,SERV,N,G1,2019,1.8,A,,,,2
OECD.SDD.TPS:DSD_PRICES@DF_PRICES_ALL(1.0),BEL,A,HICP,CPI,PC,SERV,N,G1,2020,1.8,A,,,,2
OECD.SDD.TPS:DSD_PRICES@DF_PRICES_ALL(1.0),BEL,A,HICP,CPI,PC,SERV,N,G1,2021,1.6,A,,,,2
OECD.SDD.TPS:DSD_PRICES@DF_PRICES_ALL(1.0),BEL,A,HICP,CPI,PC,SERV,N,G1,2022,3.8,A,,,,2
OECD.SDD.TPS:DSD_PRICES@DF_PRICES_ALL(1.0),BEL,A,HICP,CPI,PC,SERV,N,G1,2023,6.3,A,,,,2
OECD.SDD.TPS:DSD_PRICES@DF_PRICES_ALL(1.0),BEL,A,HICP,CPI,PC,SERV,N,G1,2024,4.3,A,,,,2
OECD.SDD.TPS:DSD_PRICES@DF_PRICES_ALL(1.0),BEL,A,HICP,CPI,PC,SERV,N,G1,2025,3.7,A,,,,2
OECD.SDD.TPS:DSD_PRICES@DF_PRICES_ALL(1.0),DEU,A,HICP,CPI,PC,SERV,N,G1,2015,2.5,A,,,,2
OECD.SDD.TPS:DSD_PRICES@DF_PRICES_ALL(1.0),DEU,A,HICP,CPI,PC,SERV,N,G1,2016,1.1,A,,,,2
OECD.SDD.TPS:DSD_PRICES@DF_PRICES_ALL(1.0),DEU,A,HICP,CPI,PC,SERV,N,G1,2017,1.4,A,,,,2
OECD.SDD.TPS:DSD_PRICES@DF_PRICES_ALL(1.0),DEU,A,HICP,CPI,PC,SERV,N,G1,2018,1.6,A,,,,2
OECD.SDD.TPS:DSD_PRICES@DF_PRICES_ALL(1.0),DEU,A,HICP,CPI,PC,SERV,N,G1,2019,1.5,A,,,,2
OECD.SDD.TPS:DSD_PRICES@DF_PRICES_ALL(1.0),DEU,A,HICP,CPI,PC,SERV,N,G1,2020,1.2,A,,,,2
OECD.SDD.TPS:DSD_PRICES@DF_PRICES_ALL(1.0),DEU,A,HICP,CPI,PC,SERV,N,G1,2021,2,A,,,,2
OECD.SDD.TPS:DSD_PRICES@DF_PRICES_ALL(1.0),DEU,A,HICP,CPI,PC,SERV,N,G1,2022,2.9,A,,,,2
OECD.SDD.TPS:DSD_PRICES@DF_PRICES_ALL(1.0),DEU,A,HICP,CPI,PC,SERV,N,G1,2023,4.8,A,,,,2
OECD.SDD.TPS:DSD_PRICES@DF_PRICES_ALL(1.0),DEU,A,HICP,CPI,PC,SERV,N,G1,2024,4.3,A,,,,2
OECD.SDD.TPS:DSD_PRICES@DF_PRICES_ALL(1.0),DEU,A,HICP,CPI,PC,SERV,N,G1,2025,3.9,A,,,,2
OECD.SDD.TPS:DSD_PRICES@DF_PRICES_ALL(1.0),FIN,A,HICP,CPI,PC,SERV,N,G1,2015,1.8,A,,,,2
OECD.SDD.TPS:DSD_PRICES@DF_PRICES_ALL(1.0),FIN,A,HICP,CPI,PC,SERV,N,G1,2016,2.4,A,,,,2
OECD.SDD.TPS:DSD_PRICES@DF_PRICES_ALL(1.0),FIN,A,HICP,CPI,PC,SERV,N,G1,2017,1.6,A,,,,2
OECD.SDD.TPS:DSD_PRICES@DF_PRICES_ALL(1.0),FIN,A,HICP,CPI,PC,SERV,N,G1,2018,1.3,A,,,,2
OECD.SDD.TPS:DSD_PRICES@DF_PRICES_ALL(1.0),FIN,A,HICP,CPI,PC,SERV,N,G1,2019,1.8,A,,,,2
OECD.SDD.TPS:DSD_PRICES@DF_PRICES_ALL(1.0),FIN,A,HICP,CPI,PC,SERV,N,G1,2020,1.1,A,,,,2
OECD.SDD.TPS:DSD_PRICES@DF_PRICES_ALL(1.0),FIN,A,HICP,CPI,PC,SERV,N,G1,2021,1.9,A,,,,2
OECD.SDD.TPS:DSD_PRICES@DF_PRICES_ALL(1.0),FIN,A,HICP,CPI,PC,SERV,N,G1,2022,2.9,A,,,,2
OECD.SDD.TPS:DSD_PRICES@DF_PRICES_ALL(1.0),FIN,A,HICP,CPI,PC,SERV,N,G1,2023,3.9,A,,,,2
OECD.SDD.TPS:DSD_PRICES@DF_PRICES_ALL(1.0),FIN,A,HICP,CPI,PC,SERV,N,G1,2024,3.1,A,,,,2
OECD.SDD.TPS:DSD_PRICES@DF_PRICES_ALL(1.0),FIN,A,HICP,CPI,PC,SERV,N,G1,2025,3.2,A,,,,2
OECD.SDD.TPS:DSD_PRICES@DF_PRICES_ALL(1.0),EST,A,HICP,CPI,PC,SERV,N,G1,2015,1.9,A,,,,2
OECD.SDD.TPS:DSD_PRICES@DF_PRICES_ALL(1.0),EST,A,HICP,CPI,PC,SERV,N,G1,2016,1.8,A,,,,2
OECD.SDD.TPS:DSD_PRICES@DF_PRICES_ALL(1.0),EST,A,HICP,CPI,PC,SERV,N,G1,2017,3.7,A,,,,2
OECD.SDD.TPS:DSD_PRICES@DF_PRICES_ALL(1.0),EST,A,HICP,CPI,PC,SERV,N,G1,2018,2.9,A,,,,2
OECD.SDD.TPS:DSD_PRICES@DF_PRICES_ALL(1.0),EST,A,HICP,CPI,PC,SERV,N,G1,2019,3.8,A,,,,2
OECD.SDD.TPS:DSD_PRICES@DF_PRICES_ALL(1.0),EST,A,HICP,CPI,PC,SERV,N,G1,2020,0.1,A,,,,2
OECD.SDD.TPS:DSD_PRICES@DF_PRICES_ALL(1.0),EST,A,HICP,CPI,PC,SERV,N,G1,2021,2.9,A,,,,2
OECD.SDD.TPS:DSD_PRICES@DF_PRICES_ALL(1.0),EST,A,HICP,CPI,PC,SERV,N,G1,2022,10.5,A,,,,2
OECD.SDD.TPS:DSD_PRICES@DF_PRICES_ALL(1.0),EST,A,HICP,CPI,PC,SERV,N,G1,2023,8.4,A,,,,2
OECD.SDD.TPS:DSD_PRICES@DF_PRICES_ALL(1.0),EST,A,HICP,CPI,PC,SERV,N,G1,2024,7.3,A,,,,2
OECD.SDD.TPS:DSD_PRICES@DF_PRICES_ALL(1.0),EST,A,HICP,CPI,PC,SERV,N,G1,2025,9.6,A,,,,2
OECD.SDD.TPS:DSD_PRICES@DF_PRICES_ALL(1.0),FRA,A,HICP,CPI,PC,SERV,N,G1,2015,1.2,A,,,,2
OECD.SDD.TPS:DSD_PRICES@DF_PRICES_ALL(1.0),FRA,A,HICP,CPI,PC,SERV,N,G1,2016,1,A,,,,2
OECD.SDD.TPS:DSD_PRICES@DF_PRICES_ALL(1.0),FRA,A,HICP,CPI,PC,SERV,N,G1,2017,1,A,,,,2
OECD.SDD.TPS:DSD_PRICES@DF_PRICES_ALL(1.0),FRA,A,HICP,CPI,PC,SERV,N,G1,2018,1.3,A,,,,2
OECD.SDD.TPS:DSD_PRICES@DF_PRICES_ALL(1.0),FRA,A,HICP,CPI,PC,SERV,N,G1,2019,1.2,A,,,,2
OECD.SDD.TPS:DSD_PRICES@DF_PRICES_ALL(1.0),FRA,A,HICP,CPI,PC,SERV,N,G1,2020,0.9,A,,,,2
OECD.SDD.TPS:DSD_PRICES@DF_PRICES_ALL(1.0),FRA,A,HICP,CPI,PC,SERV,N,G1,2021,1.5,A,,,,2
OECD.SDD.TPS:DSD_PRICES@DF_PRICES_ALL(1.0),FRA,A,HICP,CPI,PC,SERV,N,G1,2022,3.2,A,,,,2
OECD.SDD.TPS:DSD_PRICES@DF_PRICES_ALL(1.0),FRA,A,HICP,CPI,PC,SERV,N,G1,2023,3.9,A,,,,2
OECD.SDD.TPS:DSD_PRICES@DF_PRICES_ALL(1.0),FRA,A,HICP,CPI,PC,SERV,N,G1,2024,3.2,A,,,,2
OECD.SDD.TPS:DSD_PRICES@DF_PRICES_ALL(1.0),FRA,A,HICP,CPI,PC,SERV,N,G1,2025,2.2,A,,,,2
OECD.SDD.TPS:DSD_PRICES@DF_PRICES_ALL(1.0),IRL,A,HICP,CPI,PC,SERV,N,G1,2015,3,A,,,,2
OECD.SDD.TPS:DSD_PRICES@DF_PRICES_ALL(1.0),IRL,A,HICP,CPI,PC,SERV,N,G1,2016,2.5,A,,,,2
OECD.SDD.TPS:DSD_PRICES@DF_PRICES_ALL(1.0),IRL,A,HICP,CPI,PC,SERV,N,G1,2017,2.5,A,,,,2
OECD.SDD.TPS:DSD_PRICES@DF_PRICES_ALL(1.0),IRL,A,HICP,CPI,PC,SERV,N,G1,2018,1.7,A,,,,2
OECD.SDD.TPS:DSD_PRICES@DF_PRICES_ALL(1.0),IRL,A,HICP,CPI,PC,SERV,N,G1,2019,2.4,A,,,,2
OECD.SDD.TPS:DSD_PRICES@DF_PRICES_ALL(1.0),IRL,A,HICP,CPI,PC,SERV,N,G1,2020,0.9,A,,,,2
OECD.SDD.TPS:DSD_PRICES@DF_PRICES_ALL(1.0),IRL,A,HICP,CPI,PC,SERV,N,G1,2021,2.4,A,,,,2
OECD.SDD.TPS:DSD_PRICES@DF_PRICES_ALL(1.0),IRL,A,HICP,CPI,PC,SERV,N,G1,2022,4.7,A,,,,2
OECD.SDD.TPS:DSD_PRICES@DF_PRICES_ALL(1.0),IRL,A,HICP,CPI,PC,SERV,N,G1,2023,5,A,,,,2
OECD.SDD.TPS:DSD_PRICES@DF_PRICES_ALL(1.0),IRL,A,HICP,CPI,PC,SERV,N,G1,2024,4.1,A,,,,2
OECD.SDD.TPS:DSD_PRICES@DF_PRICES_ALL(1.0),IRL,A,HICP,CPI,PC,SERV,N,G1,2025,3,A,,,,2
OECD.SDD.TPS:DSD_PRICES@DF_PRICES_ALL(1.0),ISL,A,HICP,CPI,PC,SERV,N,G1,2015,2.5,A,,,,2
OECD.SDD.TPS:DSD_PRICES@DF_PRICES_ALL(1.0),ISL,A,HICP,CPI,PC,SERV,N,G1,2016,3.3,A,,,,2
OECD.SDD.TPS:DSD_PRICES@DF_PRICES_ALL(1.0),ISL,A,HICP,CPI,PC,SERV,N,G1,2017,0.3,A,,,,2
OECD.SDD.TPS:DSD_PRICES@DF_PRICES_ALL(1.0),ISL,A,HICP,CPI,PC,SERV,N,G1,2018,0.2,A,,,,2
OECD.SDD.TPS:DSD_PRICES@DF_PRICES_ALL(1.0),ISL,A,HICP,CPI,PC,SERV,N,G1,2019,1.1,A,,,,2
OECD.SDD.TPS:DSD_PRICES@DF_PRICES_ALL(1.0),ISL,A,HICP,CPI,PC,SERV,N,G1,2020,-1.1,A,,,,2
OECD.SDD.TPS:DSD_PRICES@DF_PRICES_ALL(1.0),ISL,A,HICP,CPI,PC,SERV,N,G1,2021,4,A,,,,2
OECD.SDD.TPS:DSD_PRICES@DF_PRICES_ALL(1.0),ISL,A,HICP,CPI,PC,SERV,N,G1,2022,4.2,A,,,,2
OECD.SDD.TPS:DSD_PRICES@DF_PRICES_ALL(1.0),ISL,A,HICP,CPI,PC,SERV,N,G1,2023,8.4,A,,,,2
OECD.SDD.TPS:DSD_PRICES@DF_PRICES_ALL(1.0),ISL,A,HICP,CPI,PC,SERV,N,G1,2024,5.6,A,,,,2
OECD.SDD.TPS:DSD_PRICES@DF_PRICES_ALL(1.0),ISL,A,HICP,CPI,PC,SERV,N,G1,2025,4.7,A,,,,2
OECD.SDD.TPS:DSD_PRICES@DF_PRICES_ALL(1.0),GRC,A,HICP,CPI,PC,SERV,N,G1,2015,0,A,,,,2
OECD.SDD.TPS:DSD_PRICES@DF_PRICES_ALL(1.0),GRC,A,HICP,CPI,PC,SERV,N,G1,2016,1.4,A,,,,2
OECD.SDD.TPS:DSD_PRICES@DF_PRICES_ALL(1.0),GRC,A,HICP,CPI,PC,SERV,N,G1,2017,1.2,A,,,,2
OECD.SDD.TPS:DSD_PRICES@DF_PRICES_ALL(1.0),GRC,A,HICP,CPI,PC,SERV,N,G1,2018,0.9,A,,,,2
OECD.SDD.TPS:DSD_PRICES@DF_PRICES_ALL(1.0),GRC,A,HICP,CPI,PC,SERV,N,G1,2019,1.3,A,,,,2
OECD.SDD.TPS:DSD_PRICES@DF_PRICES_ALL(1.0),GRC,A,HICP,CPI,PC,SERV,N,G1,2020,-1.4,A,,,,2
OECD.SDD.TPS:DSD_PRICES@DF_PRICES_ALL(1.0),GRC,A,HICP,CPI,PC,SERV,N,G1,2021,-1,A,,,,2
OECD.SDD.TPS:DSD_PRICES@DF_PRICES_ALL(1.0),GRC,A,HICP,CPI,PC,SERV,N,G1,2022,4.5,A,,,,2
OECD.SDD.TPS:DSD_PRICES@DF_PRICES_ALL(1.0),GRC,A,HICP,CPI,PC,SERV,N,G1,2023,4.5,A,,,,2
OECD.SDD.TPS:DSD_PRICES@DF_PRICES_ALL(1.0),GRC,A,HICP,CPI,PC,SERV,N,G1,2024,4.4,A,,,,2
OECD.SDD.TPS:DSD_PRICES@DF_PRICES_ALL(1.0),GRC,A,HICP,CPI,PC,SERV,N,G1,2025,4.8,A,,,,2
OECD.SDD.TPS:DSD_PRICES@DF_PRICES_ALL(1.0),GRC,A,HICP,CPI,PA,SERV,N,GY,2015,0,A,,,,2
OECD.SDD.TPS:DSD_PRICES@DF_PRICES_ALL(1.0),GRC,A,HICP,CPI,PA,SERV,N,GY,2016,1.4,A,,,,2
OECD.SDD.TPS:DSD_PRICES@DF_PRICES_ALL(1.0),GRC,A,HICP,CPI,PA,SERV,N,GY,2017,1.2,A,,,,2
OECD.SDD.TPS:DSD_PRICES@DF_PRICES_ALL(1.0),GRC,A,HICP,CPI,PA,SERV,N,GY,2018,0.9,A,,,,2
OECD.SDD.TPS:DSD_PRICES@DF_PRICES_ALL(1.0),GRC,A,HICP,CPI,PA,SERV,N,GY,2019,1.3,A,,,,2
OECD.SDD.TPS:DSD_PRICES@DF_PRICES_ALL(1.0),GRC,A,HICP,CPI,PA,SERV,N,GY,2020,-1.4,A,,,,2
OECD.SDD.TPS:DSD_PRICES@DF_PRICES_ALL(1.0),GRC,A,HICP,CPI,PA,SERV,N,GY,2021,-1,A,,,,2
OECD.SDD.TPS:DSD_PRICES@DF_PRICES_ALL(1.0),GRC,A,HICP,CPI,PA,SERV,N,GY,2022,4.5,A,,,,2
OECD.SDD.TPS:DSD_PRICES@DF_PRICES_ALL(1.0),GRC,A,HICP,CPI,PA,SERV,N,GY,2023,4.5,A,,,,2
OECD.SDD.TPS:DSD_PRICES@DF_PRICES_ALL(1.0),GRC,A,HICP,CPI,PA,SERV,N,GY,2024,4.4,A,,,,2
OECD.SDD.TPS:DSD_PRICES@DF_PRICES_ALL(1.0),GRC,A,HICP,CPI,PA,SERV,N,GY,2025,4.8,A,,,,2
OECD.SDD.TPS:DSD_PRICES@DF_PRICES_ALL(1.0),ISL,A,HICP,CPI,PA,SERV,N,GY,2015,2.5,A,,,,2
OECD.SDD.TPS:DSD_PRICES@DF_PRICES_ALL(1.0),ISL,A,HICP,CPI,PA,SERV,N,GY,2016,3.3,A,,,,2
OECD.SDD.TPS:DSD_PRICES@DF_PRICES_ALL(1.0),ISL,A,HICP,CPI,PA,SERV,N,GY,2017,0.3,A,,,,2
OECD.SDD.TPS:DSD_PRICES@DF_PRICES_ALL(1.0),ISL,A,HICP,CPI,PA,SERV,N,GY,2018,0.2,A,,,,2
OECD.SDD.TPS:DSD_PRICES@DF_PRICES_ALL(1.0),ISL,A,HICP,CPI,PA,SERV,N,GY,2019,1.1,A,,,,2
OECD.SDD.TPS:DSD_PRICES@DF_PRICES_ALL(1.0),ISL,A,HICP,CPI,PA,SERV,N,GY,2020,-1.1,A,,,,2
OECD.SDD.TPS:DSD_PRICES@DF_PRICES_ALL(1.0),ISL,A,HICP,CPI,PA,SERV,N,GY,2021,4,A,,,,2
OECD.SDD.TPS:DSD_PRICES@DF_PRICES_ALL(1.0),ISL,A,HICP,CPI,PA,SERV,N,GY,2022,4.2,A,,,,2
OECD.SDD.TPS:DSD_PRICES@DF_PRICES_ALL(1.0),ISL,A,HICP,CPI,PA,SERV,N,GY,2023,8.4,A,,,,2
OECD.SDD.TPS:DSD_PRICES@DF_PRICES_ALL(1.0),ISL,A,HICP,CPI,PA,SERV,N,GY,2024,5.6,A,,,,2
OECD.SDD.TPS:DSD_PRICES@DF_PRICES_ALL(1.0),ISL,A,HICP,CPI,PA,SERV,N,GY,2025,4.7,A,,,,2
OECD.SDD.TPS:DSD_PRICES@DF_PRICES_ALL(1.0),IRL,A,HICP,CPI,PA,SERV,N,GY,2015,3,A,,,,2
OECD.SDD.TPS:DSD_PRICES@DF_PRICES_ALL(1.0),IRL,A,HICP,CPI,PA,SERV,N,GY,2016,2.5,A,,,,2
OECD.SDD.TPS:DSD_PRICES@DF_PRICES_ALL(1.0),IRL,A,HICP,CPI,PA,SERV,N,GY,2017,2.5,A,,,,2
OECD.SDD.TPS:DSD_PRICES@DF_PRICES_ALL(1.0),IRL,A,HICP,CPI,PA,SERV,N,GY,2018,1.7,A,,,,2
OECD.SDD.TPS:DSD_PRICES@DF_PRICES_ALL(1.0),IRL,A,HICP,CPI,PA,SERV,N,GY,2019,2.4,A,,,,2
OECD.SDD.TPS:DSD_PRICES@DF_PRICES_ALL(1.0),IRL,A,HICP,CPI,PA,SERV,N,GY,2020,0.9,A,,,,2
OECD.SDD.TPS:DSD_PRICES@DF_PRICES_ALL(1.0),IRL,A,HICP,CPI,PA,SERV,N,GY,2021,2.4,A,,,,2
OECD.SDD.TPS:DSD_PRICES@DF_PRICES_ALL(1.0),IRL,A,HICP,CPI,PA,SERV,N,GY,2022,4.7,A,,,,2
OECD.SDD.TPS:DSD_PRICES@DF_PRICES_ALL(1.0),IRL,A,HICP,CPI,PA,SERV,N,GY,2023,5,A,,,,2
OECD.SDD.TPS:DSD_PRICES@DF_PRICES_ALL(1.0),IRL,A,HICP,CPI,PA,SERV,N,GY,2024,4.1,A,,,,2
OECD.SDD.TPS:DSD_PRICES@DF_PRICES_ALL(1.0),IRL,A,HICP,CPI,PA,SERV,N,GY,2025,3,A,,,,2
OECD.SDD.TPS:DSD_PRICES@DF_PRICES_ALL(1.0),FRA,A,HICP,CPI,PA,SERV,N,GY,2015,1.2,A,,,,2
OECD.SDD.TPS:DSD_PRICES@DF_PRICES_ALL(1.0),FRA,A,HICP,CPI,PA,SERV,N,GY,2016,1,A,,,,2
OECD.SDD.TPS:DSD_PRICES@DF_PRICES_ALL(1.0),FRA,A,HICP,CPI,PA,SERV,N,GY,2017,1,A,,,,2
OECD.SDD.TPS:DSD_PRICES@DF_PRICES_ALL(1.0),FRA,A,HICP,CPI,PA,SERV,N,GY,2018,1.3,A,,,,2
OECD.SDD.TPS:DSD_PRICES@DF_PRICES_ALL(1.0),FRA,A,HICP,CPI,PA,SERV,N,GY,2019,1.2,A,,,,2
OECD.SDD.TPS:DSD_PRICES@DF_PRICES_ALL(1.0),FRA,A,HICP,CPI,PA,SERV,N,GY,2020,0.9,A,,,,2
OECD.SDD.TPS:DSD_PRICES@DF_PRICES_ALL(1.0),FRA,A,HICP,CPI,PA,SERV,N,GY,2021,1.5,A,,,,2
OECD.SDD.TPS:DSD_PRICES@DF_PRICES_ALL(1.0),FRA,A,HICP,CPI,PA,SERV,N,GY,2022,3.2,A,,,,2
OECD.SDD.TPS:DSD_PRICES@DF_PRICES_ALL(1.0),FRA,A,HICP,CPI,PA,SERV,N,GY,2023,3.9,A,,,,2
OECD.SDD.TPS:DSD_PRICES@DF_PRICES_ALL(1.0),FRA,A,HICP,CPI,PA,SERV,N,GY,2024,3.2,A,,,,2
OECD.SDD.TPS:DSD_PRICES@DF_PRICES_ALL(1.0),FRA,A,HICP,CPI,PA,SERV,N,GY,2025,2.2,A,,,,2
OECD.SDD.TPS:DSD_PRICES@DF_PRICES_ALL(1.0),EST,A,HICP,CPI,PA,SERV,N,GY,2015,1.9,A,,,,2
OECD.SDD.TPS:DSD_PRICES@DF_PRICES_ALL(1.0),EST,A,HICP,CPI,PA,SERV,N,GY,2016,1.8,A,,,,2
OECD.SDD.TPS:DSD_PRICES@DF_PRICES_ALL(1.0),EST,A,HICP,CPI,PA,SERV,N,GY,2017,3.7,A,,,,2
OECD.SDD.TPS:DSD_PRICES@DF_PRICES_ALL(1.0),EST,A,HICP,CPI,PA,SERV,N,GY,2018,2.9,A,,,,2
OECD.SDD.TPS:DSD_PRICES@DF_PRICES_ALL(1.0),EST,A,HICP,CPI,PA,SERV,N,GY,2019,3.8,A,,,,2
OECD.SDD.TPS:DSD_PRICES@DF_PRICES_ALL(1.0),EST,A,HICP,CPI,PA,SERV,N,GY,2020,0.1,A,,,,2
OECD.SDD.TPS:DSD_PRICES@DF_PRICES_ALL(1.0),EST,A,HICP,CPI,PA,SERV,N,GY,2021,2.9,A,,,,2
OECD.SDD.TPS:DSD_PRICES@DF_PRICES_ALL(1.0),EST,A,HICP,CPI,PA,SERV,N,GY,2022,10.5,A,,,,2
OECD.SDD.TPS:DSD_PRICES@DF_PRICES_ALL(1.0),EST,A,HICP,CPI,PA,SERV,N,GY,2023,8.4,A,,,,2
OECD.SDD.TPS:DSD_PRICES@DF_PRICES_ALL(1.0),EST,A,HICP,CPI,PA,SERV,N,GY,2024,7.3,A,,,,2
OECD.SDD.TPS:DSD_PRICES@DF_PRICES_ALL(1.0),EST,A,HICP,CPI,PA,SERV,N,GY,2025,9.6,A,,,,2
OECD.SDD.TPS:DSD_PRICES@DF_PRICES_ALL(1.0),DNK,A,HICP,CPI,PA,SERV,N,GY,2015,1.5,A,,,,2
OECD.SDD.TPS:DSD_PRICES@DF_PRICES_ALL(1.0),DNK,A,HICP,CPI,PA,SERV,N,GY,2016,1.5,A,,,,2
OECD.SDD.TPS:DSD_PRICES@DF_PRICES_ALL(1.0),DNK,A,HICP,CPI,PA,SERV,N,GY,2017,2,A,,,,2
OECD.SDD.TPS:DSD_PRICES@DF_PRICES_ALL(1.0),DNK,A,HICP,CPI,PA,SERV,N,GY,2018,1.6,A,,,,2
OECD.SDD.TPS:DSD_PRICES@DF_PRICES_ALL(1.0),DNK,A,HICP,CPI,PA,SERV,N,GY,2019,1.4,A,,,,2
OECD.SDD.TPS:DSD_PRICES@DF_PRICES_ALL(1.0),DNK,A,HICP,CPI,PA,SERV,N,GY,2020,1.2,A,,,,2
OECD.SDD.TPS:DSD_PRICES@DF_PRICES_ALL(1.0),DNK,A,HICP,CPI,PA,SERV,N,GY,2021,1.4,A,,,,2
OECD.SDD.TPS:DSD_PRICES@DF_PRICES_ALL(1.0),DNK,A,HICP,CPI,PA,SERV,N,GY,2022,3.7,A,,,,2
OECD.SDD.TPS:DSD_PRICES@DF_PRICES_ALL(1.0),DNK,A,HICP,CPI,PA,SERV,N,GY,2023,5.5,A,,,,2
OECD.SDD.TPS:DSD_PRICES@DF_PRICES_ALL(1.0),DNK,A,HICP,CPI,PA,SERV,N,GY,2024,3,A,,,,2
OECD.SDD.TPS:DSD_PRICES@DF_PRICES_ALL(1.0),DNK,A,HICP,CPI,PA,SERV,N,GY,2025,2.9,A,,,,2
OECD.SDD.TPS:DSD_PRICES@DF_PRICES_ALL(1.0),DEU,A,HICP,CPI,PA,SERV,N,GY,2015,2.5,A,,,,2
OECD.SDD.TPS:DSD_PRICES@DF_PRICES_ALL(1.0),DEU,A,HICP,CPI,PA,SERV,N,GY,2016,1.1,A,,,,2
OECD.SDD.TPS:DSD_PRICES@DF_PRICES_ALL(1.0),DEU,A,HICP,CPI,PA,SERV,N,GY,2017,1.4,A,,,,2
OECD.SDD.TPS:DSD_PRICES@DF_PRICES_ALL(1.0),DEU,A,HICP,CPI,PA,SERV,N,GY,2018,1.6,A,,,,2
OECD.SDD.TPS:DSD_PRICES@DF_PRICES_ALL(1.0),DEU,A,HICP,CPI,PA,SERV,N,GY,2019,1.5,A,,,,2
OECD.SDD.TPS:DSD_PRICES@DF_PRICES_ALL(1.0),DEU,A,HICP,CPI,PA,SERV,N,GY,2020,1.2,A,,,,2
OECD.SDD.TPS:DSD_PRICES@DF_PRICES_ALL(1.0),DEU,A,HICP,CPI,PA,SERV,N,GY,2021,2,A,,,,2
OECD.SDD.TPS:DSD_PRICES@DF_PRICES_ALL(1.0),DEU,A,HICP,CPI,PA,SERV,N,GY,2022,2.9,A,,,,2
OECD.SDD.TPS:DSD_PRICES@DF_PRICES_ALL(1.0),DEU,A,HICP,CPI,PA,SERV,N,GY,2023,4.8,A,,,,2
OECD.SDD.TPS:DSD_PRICES@DF_PRICES_ALL(1.0),DEU,A,HICP,CPI,PA,SERV,N,GY,2024,4.3,A,,,,2
OECD.SDD.TPS:DSD_PRICES@DF_PRICES_ALL(1.0),DEU,A,HICP,CPI,PA,SERV,N,GY,2025,3.9,A,,,,2
OECD.SDD.TPS:DSD_PRICES@DF_PRICES_ALL(1.0),BEL,A,HICP,CPI,PA,SERV,N,GY,2015,2.4,A,,,,2
OECD.SDD.TPS:DSD_PRICES@DF_PRICES_ALL(1.0),BEL,A,HICP,CPI,PA,SERV,N,GY,2016,2.2,A,,,,2
OECD.SDD.TPS:DSD_PRICES@DF_PRICES_ALL(1.0),BEL,A,HICP,CPI,PA,SERV,N,GY,2017,1.9,A,,,,2
OECD.SDD.TPS:DSD_PRICES@DF_PRICES_ALL(1.0),BEL,A,HICP,CPI,PA,SERV,N,GY,2018,1.6,A,,,,2
OECD.SDD.TPS:DSD_PRICES@DF_PRICES_ALL(1.0),BEL,A,HICP,CPI,PA,SERV,N,GY,2019,1.8,A,,,,2
OECD.SDD.TPS:DSD_PRICES@DF_PRICES_ALL(1.0),BEL,A,HICP,CPI,PA,SERV,N,GY,2020,1.8,A,,,,2
OECD.SDD.TPS:DSD_PRICES@DF_PRICES_ALL(1.0),BEL,A,HICP,CPI,PA,SERV,N,GY,2021,1.6,A,,,,2
OECD.SDD.TPS:DSD_PRICES@DF_PRICES_ALL(1.0),BEL,A,HICP,CPI,PA,SERV,N,GY,2022,3.8,A,,,,2
OECD.SDD.TPS:DSD_PRICES@DF_PRICES_ALL(1.0),BEL,A,HICP,CPI,PA,SERV,N,GY,2023,6.3,A,,,,2
OECD.SDD.TPS:DSD_PRICES@DF_PRICES_ALL(1.0),BEL,A,HICP,CPI,PA,SERV,N,GY,2024,4.3,A,,,,2
OECD.SDD.TPS:DSD_PRICES@DF_PRICES_ALL(1.0),BEL,A,HICP,CPI,PA,SERV,N,GY,2025,3.7,A,,,,2
OECD.SDD.TPS:DSD_PRICES@DF_PRICES_ALL(1.0),HUN,A,HICP,CPI,PA,SERV,N,GY,2015,2.2,A,,,,2
OECD.SDD.TPS:DSD_PRICES@DF_PRICES_ALL(1.0),HUN,A,HICP,CPI,PA,SERV,N,GY,2016,1.8,A,,,,2
OECD.SDD.TPS:DSD_PRICES@DF_PRICES_ALL(1.0),HUN,A,HICP,CPI,PA,SERV,N,GY,2017,1.9,A,,,,2
OECD.SDD.TPS:DSD_PRICES@DF_PRICES_ALL(1.0),HUN,A,HICP,CPI,PA,SERV,N,GY,2018,2.4,A,,,,2
OECD.SDD.TPS:DSD_PRICES@DF_PRICES_ALL(1.0),HUN,A,HICP,CPI,PA,SERV,N,GY,2019,4,A,,,,2
OECD.SDD.TPS:DSD_PRICES@DF_PRICES_ALL(1.0),HUN,A,HICP,CPI,PA,SERV,N,GY,2020,3.8,A,,,,2
OECD.SDD.TPS:DSD_PRICES@DF_PRICES_ALL(1.0),HUN,A,HICP,CPI,PA,SERV,N,GY,2021,3.8,A,,,,2
OECD.SDD.TPS:DSD_PRICES@DF_PRICES_ALL(1.0),HUN,A,HICP,CPI,PA,SERV,N,GY,2022,10.2,A,,,,2
OECD.SDD.TPS:DSD_PRICES@DF_PRICES_ALL(1.0),HUN,A,HICP,CPI,PA,SERV,N,GY,2023,16.3,A,,,,2
OECD.SDD.TPS:DSD_PRICES@DF_PRICES_ALL(1.0),HUN,A,HICP,CPI,PA,SERV,N,GY,2024,8.6,A,,,,2
OECD.SDD.TPS:DSD_PRICES@DF_PRICES_ALL(1.0),HUN,A,HICP,CPI,PA,SERV,N,GY,2025,7.5,A,,,,2
OECD.SDD.TPS:DSD_PRICES@DF_PRICES_ALL(1.0),CZE,A,HICP,CPI,PA,SERV,N,GY,2015,0.9,A,,,,2
OECD.SDD.TPS:DSD_PRICES@DF_PRICES_ALL(1.0),CZE,A,HICP,CPI,PA,SERV,N,GY,2016,1.5,A,,,,2
OECD.SDD.TPS:DSD_PRICES@DF_PRICES_ALL(1.0),CZE,A,HICP,CPI,PA,SERV,N,GY,2017,2.9,A,,,,2
OECD.SDD.TPS:DSD_PRICES@DF_PRICES_ALL(1.0),CZE,A,HICP,CPI,PA,SERV,N,GY,2018,2.6,A,,,,2
OECD.SDD.TPS:DSD_PRICES@DF_PRICES_ALL(1.0),CZE,A,HICP,CPI,PA,SERV,N,GY,2019,3.4,A,,,,2
OECD.SDD.TPS:DSD_PRICES@DF_PRICES_ALL(1.0),CZE,A,HICP,CPI,PA,SERV,N,GY,2020,3.6,A,,,,2
OECD.SDD.TPS:DSD_PRICES@DF_PRICES_ALL(1.0),CZE,A,HICP,CPI,PA,SERV,N,GY,2021,3.1,A,,,,2
OECD.SDD.TPS:DSD_PRICES@DF_PRICES_ALL(1.0),CZE,A,HICP,CPI,PA,SERV,N,GY,2022,11.8,A,,,,2
OECD.SDD.TPS:DSD_PRICES@DF_PRICES_ALL(1.0),CZE,A,HICP,CPI,PA,SERV,N,GY,2023,11.1,A,,,,2
OECD.SDD.TPS:DSD_PRICES@DF_PRICES_ALL(1.0),CZE,A,HICP,CPI,PA,SERV,N,GY,2024,6.7,A,,,,2
OECD.SDD.TPS:DSD_PRICES@DF_PRICES_ALL(1.0),CZE,A,HICP,CPI,PA,SERV,N,GY,2025,5,A,,,,2
OECD.SDD.TPS:DSD_PRICES@DF_PRICES_ALL(1.0),AUT,A,HICP,CPI,PA,SERV,N,GY,2015,2.5,A,,,,2
OECD.SDD.TPS:DSD_PRICES@DF_PRICES_ALL(1.0),AUT,A,HICP,CPI,PA,SERV,N,GY,2016,2.4,A,,,,2
OECD.SDD.TPS:DSD_PRICES@DF_PRICES_ALL(1.0),AUT,A,HICP,CPI,PA,SERV,N,GY,2017,2.7,A,,,,2
OECD.SDD.TPS:DSD_PRICES@DF_PRICES_ALL(1.0),AUT,A,HICP,CPI,PA,SERV,N,GY,2018,2.2,A,,,,2
OECD.SDD.TPS:DSD_PRICES@DF_PRICES_ALL(1.0),AUT,A,HICP,CPI,PA,SERV,N,GY,2019,2.2,A,,,,2
OECD.SDD.TPS:DSD_PRICES@DF_PRICES_ALL(1.0),AUT,A,HICP,CPI,PA,SERV,N,GY,2020,2.5,A,,,,2
OECD.SDD.TPS:DSD_PRICES@DF_PRICES_ALL(1.0),AUT,A,HICP,CPI,PA,SERV,N,GY,2021,2.5,A,,,,2
OECD.SDD.TPS:DSD_PRICES@DF_PRICES_ALL(1.0),AUT,A,HICP,CPI,PA,SERV,N,GY,2022,4.6,A,,,,2
OECD.SDD.TPS:DSD_PRICES@DF_PRICES_ALL(1.0),AUT,A,HICP,CPI,PA,SERV,N,GY,2023,7.8,A,,,,2
OECD.SDD.TPS:DSD_PRICES@DF_PRICES_ALL(1.0),AUT,A,HICP,CPI,PA,SERV,N,GY,2024,5.7,A,,,,2
OECD.SDD.TPS:DSD_PRICES@DF_PRICES_ALL(1.0),AUT,A,HICP,CPI,PA,SERV,N,GY,2025,4.5,A,,,,2
OECD.SDD.TPS:DSD_PRICES@DF_PRICES_ALL(1.0),FIN,A,HICP,CPI,PA,SERV,N,GY,2015,1.8,A,,,,2
OECD.SDD.TPS:DSD_PRICES@DF_PRICES_ALL(1.0),FIN,A,HICP,CPI,PA,SERV,N,GY,2016,2.4,A,,,,2
OECD.SDD.TPS:DSD_PRICES@DF_PRICES_ALL(1.0),FIN,A,HICP,CPI,PA,SERV,N,GY,2017,1.6,A,,,,2
OECD.SDD.TPS:DSD_PRICES@DF_PRICES_ALL(1.0),FIN,A,HICP,CPI,PA,SERV,N,GY,2018,1.3,A,,,,2
OECD.SDD.TPS:DSD_PRICES@DF_PRICES_ALL(1.0),FIN,A,HICP,CPI,PA,SERV,N,GY,2019,1.8,A,,,,2
OECD.SDD.TPS:DSD_PRICES@DF_PRICES_ALL(1.0),FIN,A,HICP,CPI,PA,SERV,N,GY,2020,1.1,A,,,,2
OECD.SDD.TPS:DSD_PRICES@DF_PRICES_ALL(1.0),FIN,A,HICP,CPI,PA,SERV,N,GY,2021,1.9,A,,,,2
OECD.SDD.TPS:DSD_PRICES@DF_PRICES_ALL(1.0),FIN,A,HICP,CPI,PA,SERV,N,GY,2022,2.9,A,,,,2
OECD.SDD.TPS:DSD_PRICES@DF_PRICES_ALL(1.0),FIN,A,HICP,CPI,PA,SERV,N,GY,2023,3.9,A,,,,2
OECD.SDD.TPS:DSD_PRICES@DF_PRICES_ALL(1.0),FIN,A,HICP,CPI,PA,SERV,N,GY,2024,3.1,A,,,,2
OECD.SDD.TPS:DSD_PRICES@DF_PRICES_ALL(1.0),FIN,A,HICP,CPI,PA,SERV,N,GY,2025,3.2,A,,,,2
OECD.SDD.TPS:DSD_PRICES@DF_PRICES_ALL(1.0),AUT,A,HICP,CPI,PC,_T,N,G1,2015,0.8,A,,,,2
OECD.SDD.TPS:DSD_PRICES@DF_PRICES_ALL(1.0),AUT,A,HICP,CPI,PC,_T,N,G1,2016,1,A,,,,2
OECD.SDD.TPS:DSD_PRICES@DF_PRICES_ALL(1.0),AUT,A,HICP,CPI,PC,_T,N,G1,2017,2.2,A,,,,2
OECD.SDD.TPS:DSD_PRICES@DF_PRICES_ALL(1.0),AUT,A,HICP,CPI,PC,_T,N,G1,2018,2.1,A,,,,2
OECD.SDD.TPS:DSD_PRICES@DF_PRICES_ALL(1.0),AUT,A,HICP,CPI,PC,_T,N,G1,2019,1.5,A,,,,2
OECD.SDD.TPS:DSD_PRICES@DF_PRICES_ALL(1.0),AUT,A,HICP,CPI,PC,_T,N,G1,2020,1.4,A,,,,2
OECD.SDD.TPS:DSD_PRICES@DF_PRICES_ALL(1.0),AUT,A,HICP,CPI,PC,_T,N,G1,2021,2.8,A,,,,2
OECD.SDD.TPS:DSD_PRICES@DF_PRICES_ALL(1.0),AUT,A,HICP,CPI,PC,_T,N,G1,2022,8.6,A,,,,2
OECD.SDD.TPS:DSD_PRICES@DF_PRICES_ALL(1.0),AUT,A,HICP,CPI,PC,_T,N,G1,2023,7.7,A,,,,2
OECD.SDD.TPS:DSD_PRICES@DF_PRICES_ALL(1.0),AUT,A,HICP,CPI,PC,_T,N,G1,2024,2.9,A,,,,2
OECD.SDD.TPS:DSD_PRICES@DF_PRICES_ALL(1.0),AUT,A,HICP,CPI,PC,_T,N,G1,2025,3.6,A,,,,2
OECD.SDD.TPS:DSD_PRICES@DF_PRICES_ALL(1.0),BEL,A,HICP,CPI,PC,_T,N,G1,2015,0.6,A,,,,2
OECD.SDD.TPS:DSD_PRICES@DF_PRICES_ALL(1.0),BEL,A,HICP,CPI,PC,_T,N,G1,2016,1.8,A,,,,2
OECD.SDD.TPS:DSD_PRICES@DF_PRICES_ALL(1.0),BEL,A,HICP,CPI,PC,_T,N,G1,2017,2.2,A,,,,2
OECD.SDD.TPS:DSD_PRICES@DF_PRICES_ALL(1.0),BEL,A,HICP,CPI,PC,_T,N,G1,2018,2.3,A,,,,2
OECD.SDD.TPS:DSD_PRICES@DF_PRICES_ALL(1.0),BEL,A,HICP,CPI,PC,_T,N,G1,2019,1.2,A,,,,2
OECD.SDD.TPS:DSD_PRICES@DF_PRICES_ALL(1.0),BEL,A,HICP,CPI,PC,_T,N,G1,2020,0.4,A,,,,2
OECD.SDD.TPS:DSD_PRICES@DF_PRICES_ALL(1.0),BEL,A,HICP,CPI,PC,_T,N,G1,2021,3.2,A,,,,2
OECD.SDD.TPS:DSD_PRICES@DF_PRICES_ALL(1.0),BEL,A,HICP,CPI,PC,_T,N,G1,2022,10.3,A,,,,2
OECD.SDD.TPS:DSD_PRICES@DF_PRICES_ALL(1.0),BEL,A,HICP,CPI,PC,_T,N,G1,2023,2.3,A,,,,2
OECD.SDD.TPS:DSD_PRICES@DF_PRICES_ALL(1.0),BEL,A,HICP,CPI,PC,_T,N,G1,2024,4.3,A,,,,2
OECD.SDD.TPS:DSD_PRICES@DF_PRICES_ALL(1.0),BEL,A,HICP,CPI,PC,_T,N,G1,2025,3,A,,,,2
OECD.SDD.TPS:DSD_PRICES@DF_PRICES_ALL(1.0),CZE,A,HICP,CPI,PC,_T,N,G1,2015,0.3,A,,,,2
OECD.SDD.TPS:DSD_PRICES@DF_PRICES_ALL(1.0),CZE,A,HICP,CPI,PC,_T,N,G1,2016,0.6,A,,,,2
OECD.SDD.TPS:DSD_PRICES@DF_PRICES_ALL(1.0),CZE,A,HICP,CPI,PC,_T,N,G1,2017,2.4,A,,,,2
OECD.SDD.TPS:DSD_PRICES@DF_PRICES_ALL(1.0),CZE,A,HICP,CPI,PC,_T,N,G1,2018,2,A,,,,2
OECD.SDD.TPS:DSD_PRICES@DF_PRICES_ALL(1.0),CZE,A,HICP,CPI,PC,_T,N,G1,2019,2.6,A,,,,2
OECD.SDD.TPS:DSD_PRICES@DF_PRICES_ALL(1.0),CZE,A,HICP,CPI,PC,_T,N,G1,2020,3.3,A,,,,2
OECD.SDD.TPS:DSD_PRICES@DF_PRICES_ALL(1.0),CZE,A,HICP,CPI,PC,_T,N,G1,2021,3.3,A,,,,2
OECD.SDD.TPS:DSD_PRICES@DF_PRICES_ALL(1.0),CZE,A,HICP,CPI,PC,_T,N,G1,2022,14.8,A,,,,2
OECD.SDD.TPS:DSD_PRICES@DF_PRICES_ALL(1.0),CZE,A,HICP,CPI,PC,_T,N,G1,2023,12,A,,,,2
OECD.SDD.TPS:DSD_PRICES@DF_PRICES_ALL(1.0),CZE,A,HICP,CPI,PC,_T,N,G1,2024,2.7,A,,,,2
OECD.SDD.TPS:DSD_PRICES@DF_PRICES_ALL(1.0),CZE,A,HICP,CPI,PC,_T,N,G1,2025,2.3,A,,,,2
OECD.SDD.TPS:DSD_PRICES@DF_PRICES_ALL(1.0),DNK,A,HICP,CPI,PC,_T,N,G1,2015,0.2,A,,,,2
OECD.SDD.TPS:DSD_PRICES@DF_PRICES_ALL(1.0),DNK,A,HICP,CPI,PC,_T,N,G1,2016,0,A,,,,2
OECD.SDD.TPS:DSD_PRICES@DF_PRICES_ALL(1.0),DNK,A,HICP,CPI,PC,_T,N,G1,2017,1.1,A,,,,2
OECD.SDD.TPS:DSD_PRICES@DF_PRICES_ALL(1.0),DNK,A,HICP,CPI,PC,_T,N,G1,2018,0.7,A,,,,2
OECD.SDD.TPS:DSD_PRICES@DF_PRICES_ALL(1.0),DNK,A,HICP,CPI,PC,_T,N,G1,2019,0.7,A,,,,2
OECD.SDD.TPS:DSD_PRICES@DF_PRICES_ALL(1.0),DNK,A,HICP,CPI,PC,_T,N,G1,2020,0.3,A,,,,2
OECD.SDD.TPS:DSD_PRICES@DF_PRICES_ALL(1.0),DNK,A,HICP,CPI,PC,_T,N,G1,2021,1.9,A,,,,2
OECD.SDD.TPS:DSD_PRICES@DF_PRICES_ALL(1.0),DNK,A,HICP,CPI,PC,_T,N,G1,2022,8.5,A,,,,2
OECD.SDD.TPS:DSD_PRICES@DF_PRICES_ALL(1.0),DNK,A,HICP,CPI,PC,_T,N,G1,2023,3.4,A,,,,2
OECD.SDD.TPS:DSD_PRICES@DF_PRICES_ALL(1.0),DNK,A,HICP,CPI,PC,_T,N,G1,2024,1.3,A,,,,2
OECD.SDD.TPS:DSD_PRICES@DF_PRICES_ALL(1.0),DNK,A,HICP,CPI,PC,_T,N,G1,2025,1.8,A,,,,2
OECD.SDD.TPS:DSD_PRICES@DF_PRICES_ALL(1.0),EST,A,HICP,CPI,PC,_T,N,G1,2015,0.1,A,,,,2
OECD.SDD.TPS:DSD_PRICES@DF_PRICES_ALL(1.0),EST,A,HICP,CPI,PC,_T,N,G1,2016,0.8,A,,,,2
OECD.SDD.TPS:DSD_PRICES@DF_PRICES_ALL(1.0),EST,A,HICP,CPI,PC,_T,N,G1,2017,3.7,A,,,,2
OECD.SDD.TPS:DSD_PRICES@DF_PRICES_ALL(1.0),EST,A,HICP,CPI,PC,_T,N,G1,2018,3.4,A,,,,2
OECD.SDD.TPS:DSD_PRICES@DF_PRICES_ALL(1.0),EST,A,HICP,CPI,PC,_T,N,G1,2019,2.3,A,,,,2
OECD.SDD.TPS:DSD_PRICES@DF_PRICES_ALL(1.0),EST,A,HICP,CPI,PC,_T,N,G1,2020,-0.6,A,,,,2
OECD.SDD.TPS:DSD_PRICES@DF_PRICES_ALL(1.0),EST,A,HICP,CPI,PC,_T,N,G1,2021,4.5,A,,,,2
OECD.SDD.TPS:DSD_PRICES@DF_PRICES_ALL(1.0),EST,A,HICP,CPI,PC,_T,N,G1,2022,19.4,A,,,,2
OECD.SDD.TPS:DSD_PRICES@DF_PRICES_ALL(1.0),EST,A,HICP,CPI,PC,_T,N,G1,2023,9.1,A,,,,2
OECD.SDD.TPS:DSD_PRICES@DF_PRICES_ALL(1.0),EST,A,HICP,CPI,PC,_T,N,G1,2024,3.7,A,,,,2
OECD.SDD.TPS:DSD_PRICES@DF_PRICES_ALL(1.0),EST,A,HICP,CPI,PC,_T,N,G1,2025,4.8,A,,,,2
OECD.SDD.TPS:DSD_PRICES@DF_PRICES_ALL(1.0),FIN,A,HICP,CPI,PC,_T,N,G1,2015,-0.2,A,,,,2
OECD.SDD.TPS:DSD_PRICES@DF_PRICES_ALL(1.0),FIN,A,HICP,CPI,PC,_T,N,G1,2016,0.4,A,,,,2
OECD.SDD.TPS:DSD_PRICES@DF_PRICES_ALL(1.0),FIN,A,HICP,CPI,PC,_T,N,G1,2017,0.8,A,,,,2
OECD.SDD.TPS:DSD_PRICES@DF_PRICES_ALL(1.0),FIN,A,HICP,CPI,PC,_T,N,G1,2018,1.2,A,,,,2
OECD.SDD.TPS:DSD_PRICES@DF_PRICES_ALL(1.0),FIN,A,HICP,CPI,PC,_T,N,G1,2019,1.1,A,,,,2
OECD.SDD.TPS:DSD_PRICES@DF_PRICES_ALL(1.0),FIN,A,HICP,CPI,PC,_T,N,G1,2020,0.4,A,,,,2
OECD.SDD.TPS:DSD_PRICES@DF_PRICES_ALL(1.0),FIN,A,HICP,CPI,PC,_T,N,G1,2021,2.1,A,,,,2
OECD.SDD.TPS:DSD_PRICES@DF_PRICES_ALL(1.0),FIN,A,HICP,CPI,PC,_T,N,G1,2022,7.2,A,,,,2
OECD.SDD.TPS:DSD_PRICES@DF_PRICES_ALL(1.0),FIN,A,HICP,CPI,PC,_T,N,G1,2023,4.3,A,,,,2
OECD.SDD.TPS:DSD_PRICES@DF_PRICES_ALL(1.0),FIN,A,HICP,CPI,PC,_T,N,G1,2024,1,A,,,,2
OECD.SDD.TPS:DSD_PRICES@DF_PRICES_ALL(1.0),FIN,A,HICP,CPI,PC,_T,N,G1,2025,1.8,A,,,,2
OECD.SDD.TPS:DSD_PRICES@DF_PRICES_ALL(1.0),FRA,A,HICP,CPI,PC,_T,N,G1,2015,0.1,A,,,,2
OECD.SDD.TPS:DSD_PRICES@DF_PRICES_ALL(1.0),FRA,A,HICP,CPI,PC,_T,N,G1,2016,0.3,A,,,,2
OECD.SDD.TPS:DSD_PRICES@DF_PRICES_ALL(1.0),FRA,A,HICP,CPI,PC,_T,N,G1,2017,1.2,A,,,,2
OECD.SDD.TPS:DSD_PRICES@DF_PRICES_ALL(1.0),FRA,A,HICP,CPI,PC,_T,N,G1,2018,2.1,A,,,,2
OECD.SDD.TPS:DSD_PRICES@DF_PRICES_ALL(1.0),FRA,A,HICP,CPI,PC,_T,N,G1,2019,1.3,A,,,,2
OECD.SDD.TPS:DSD_PRICES@DF_PRICES_ALL(1.0),FRA,A,HICP,CPI,PC,_T,N,G1,2020,0.5,A,,,,2
OECD.SDD.TPS:DSD_PRICES@DF_PRICES_ALL(1.0),FRA,A,HICP,CPI,PC,_T,N,G1,2021,2.1,A,,,,2
OECD.SDD.TPS:DSD_PRICES@DF_PRICES_ALL(1.0),FRA,A,HICP,CPI,PC,_T,N,G1,2022,5.9,A,,,,2
OECD.SDD.TPS:DSD_PRICES@DF_PRICES_ALL(1.0),FRA,A,HICP,CPI,PC,_T,N,G1,2023,5.7,A,,,,2
OECD.SDD.TPS:DSD_PRICES@DF_PRICES_ALL(1.0),FRA,A,HICP,CPI,PC,_T,N,G1,2024,2.3,A,,,,2
OECD.SDD.TPS:DSD_PRICES@DF_PRICES_ALL(1.0),FRA,A,HICP,CPI,PC,_T,N,G1,2025,0.9,A,,,,2
OECD.SDD.TPS:DSD_PRICES@DF_PRICES_ALL(1.0),DEU,A,HICP,CPI,PC,_T,N,G1,2015,0.7,A,,,,2
OECD.SDD.TPS:DSD_PRICES@DF_PRICES_ALL(1.0),DEU,A,HICP,CPI,PC,_T,N,G1,2016,0.4,A,,,,2
OECD.SDD.TPS:DSD_PRICES@DF_PRICES_ALL(1.0),DEU,A,HICP,CPI,PC,_T,N,G1,2017,1.7,A,,,,2
OECD.SDD.TPS:DSD_PRICES@DF_PRICES_ALL(1.0),DEU,A,HICP,CPI,PC,_T,N,G1,2018,1.9,A,,,,2
OECD.SDD.TPS:DSD_PRICES@DF_PRICES_ALL(1.0),DEU,A,HICP,CPI,PC,_T,N,G1,2019,1.4,A,,,,2
OECD.SDD.TPS:DSD_PRICES@DF_PRICES_ALL(1.0),DEU,A,HICP,CPI,PC,_T,N,G1,2020,0.4,A,,,,2
OECD.SDD.TPS:DSD_PRICES@DF_PRICES_ALL(1.0),DEU,A,HICP,CPI,PC,_T,N,G1,2021,3.2,A,,,,2
OECD.SDD.TPS:DSD_PRICES@DF_PRICES_ALL(1.0),DEU,A,HICP,CPI,PC,_T,N,G1,2022,8.7,A,,,,2
OECD.SDD.TPS:DSD_PRICES@DF_PRICES_ALL(1.0),DEU,A,HICP,CPI,PC,_T,N,G1,2023,6,A,,,,2
OECD.SDD.TPS:DSD_PRICES@DF_PRICES_ALL(1.0),DEU,A,HICP,CPI,PC,_T,N,G1,2024,2.5,A,,,,2
OECD.SDD.TPS:DSD_PRICES@DF_PRICES_ALL(1.0),DEU,A,HICP,CPI,PC,_T,N,G1,2025,2.3,A,,,,2
OECD.SDD.TPS:DSD_PRICES@DF_PRICES_ALL(1.0),GRC,A,HICP,CPI,PC,_T,N,G1,2015,-1.1,A,,,,2
OECD.SDD.TPS:DSD_PRICES@DF_PRICES_ALL(1.0),GRC,A,HICP,CPI,PC,_T,N,G1,2016,0,A,,,,2
OECD.SDD.TPS:DSD_PRICES@DF_PRICES_ALL(1.0),GRC,A,HICP,CPI,PC,_T,N,G1,2017,1.1,A,,,,2
OECD.SDD.TPS:DSD_PRICES@DF_PRICES_ALL(1.0),GRC,A,HICP,CPI,PC,_T,N,G1,2018,0.8,A,,,,2
OECD.SDD.TPS:DSD_PRICES@DF_PRICES_ALL(1.0),GRC,A,HICP,CPI,PC,_T,N,G1,2019,0.5,A,,,,2
OECD.SDD.TPS:DSD_PRICES@DF_PRICES_ALL(1.0),GRC,A,HICP,CPI,PC,_T,N,G1,2020,-1.3,A,,,,2
OECD.SDD.TPS:DSD_PRICES@DF_PRICES_ALL(1.0),GRC,A,HICP,CPI,PC,_T,N,G1,2021,0.6,A,,,,2
OECD.SDD.TPS:DSD_PRICES@DF_PRICES_ALL(1.0),GRC,A,HICP,CPI,PC,_T,N,G1,2022,9.3,A,,,,2
OECD.SDD.TPS:DSD_PRICES@DF_PRICES_ALL(1.0),GRC,A,HICP,CPI,PC,_T,N,G1,2023,4.2,A,,,,2
OECD.SDD.TPS:DSD_PRICES@DF_PRICES_ALL(1.0),GRC,A,HICP,CPI,PC,_T,N,G1,2024,3,A,,,,2
OECD.SDD.TPS:DSD_PRICES@DF_PRICES_ALL(1.0),GRC,A,HICP,CPI,PC,_T,N,G1,2025,2.9,A,,,,2
OECD.SDD.TPS:DSD_PRICES@DF_PRICES_ALL(1.0),HUN,A,HICP,CPI,PC,_T,N,G1,2015,0.1,A,,,,2
OECD.SDD.TPS:DSD_PRICES@DF_PRICES_ALL(1.0),HUN,A,HICP,CPI,PC,_T,N,G1,2016,0.4,A,,,,2
OECD.SDD.TPS:DSD_PRICES@DF_PRICES_ALL(1.0),HUN,A,HICP,CPI,PC,_T,N,G1,2017,2.4,A,,,,2
OECD.SDD.TPS:DSD_PRICES@DF_PRICES_ALL(1.0),HUN,A,HICP,CPI,PC,_T,N,G1,2018,2.9,A,,,,2
OECD.SDD.TPS:DSD_PRICES@DF_PRICES_ALL(1.0),HUN,A,HICP,CPI,PC,_T,N,G1,2019,3.4,A,,,,2
OECD.SDD.TPS:DSD_PRICES@DF_PRICES_ALL(1.0),HUN,A,HICP,CPI,PC,_T,N,G1,2020,3.4,A,,,,2
OECD.SDD.TPS:DSD_PRICES@DF_PRICES_ALL(1.0),HUN,A,HICP,CPI,PC,_T,N,G1,2021,5.2,A,,,,2
OECD.SDD.TPS:DSD_PRICES@DF_PRICES_ALL(1.0),HUN,A,HICP,CPI,PC,_T,N,G1,2022,15.3,A,,,,2
OECD.SDD.TPS:DSD_PRICES@DF_PRICES_ALL(1.0),HUN,A,HICP,CPI,PC,_T,N,G1,2023,17,A,,,,2
OECD.SDD.TPS:DSD_PRICES@DF_PRICES_ALL(1.0),HUN,A,HICP,CPI,PC,_T,N,G1,2024,3.7,A,,,,2
OECD.SDD.TPS:DSD_PRICES@DF_PRICES_ALL(1.0),HUN,A,HICP,CPI,PC,_T,N,G1,2025,4.4,A,,,,2
OECD.SDD.TPS:DSD_PRICES@DF_PRICES_ALL(1.0),ISL,A,HICP,CPI,PC,_T,N,G1,2015,0.3,A,,,,2
OECD.SDD.TPS:DSD_PRICES@DF_PRICES_ALL(1.0),ISL,A,HICP,CPI,PC,_T,N,G1,2016,0.8,A,,,,2
OECD.SDD.TPS:DSD_PRICES@DF_PRICES_ALL(1.0),ISL,A,HICP,CPI,PC,_T,N,G1,2017,-1.7,A,,,,2
OECD.SDD.TPS:DSD_PRICES@DF_PRICES_ALL(1.0),ISL,A,HICP,CPI,PC,_T,N,G1,2018,0.7,A,,,,2
OECD.SDD.TPS:DSD_PRICES@DF_PRICES_ALL(1.0),ISL,A,HICP,CPI,PC,_T,N,G1,2019,2,A,,,,2
OECD.SDD.TPS:DSD_PRICES@DF_PRICES_ALL(1.0),ISL,A,HICP,CPI,PC,_T,N,G1,2020,1.2,A,,,,2
OECD.SDD.TPS:DSD_PRICES@DF_PRICES_ALL(1.0),ISL,A,HICP,CPI,PC,_T,N,G1,2021,3.7,A,,,,2
OECD.SDD.TPS:DSD_PRICES@DF_PRICES_ALL(1.0),ISL,A,HICP,CPI,PC,_T,N,G1,2022,5.7,A,,,,2
OECD.SDD.TPS:DSD_PRICES@DF_PRICES_ALL(1.0),ISL,A,HICP,CPI,PC,_T,N,G1,2023,8,A,,,,2
OECD.SDD.TPS:DSD_PRICES@DF_PRICES_ALL(1.0),ISL,A,HICP,CPI,PC,_T,N,G1,2024,4.5,A,,,,2
OECD.SDD.TPS:DSD_PRICES@DF_PRICES_ALL(1.0),ISL,A,HICP,CPI,PC,_T,N,G1,2025,3.7,A,,,,2
OECD.SDD.TPS:DSD_PRICES@DF_PRICES_ALL(1.0),IRL,A,HICP,CPI,PC,_T,N,G1,2015,0,A,,,,2
OECD.SDD.TPS:DSD_PRICES@DF_PRICES_ALL(1.0),IRL,A,HICP,CPI,PC,_T,N,G1,2016,-0.2,A,,,,2
OECD.SDD.TPS:DSD_PRICES@DF_PRICES_ALL(1.0),IRL,A,HICP,CPI,PC,_T,N,G1,2017,0.3,A,,,,2
OECD.SDD.TPS:DSD_PRICES@DF_PRICES_ALL(1.0),IRL,A,HICP,CPI,PC,_T,N,G1,2018,0.7,A,,,,2
OECD.SDD.TPS:DSD_PRICES@DF_PRICES_ALL(1.0),IRL,A,HICP,CPI,PC,_T,N,G1,2019,0.9,A,,,,2
OECD.SDD.TPS:DSD_PRICES@DF_PRICES_ALL(1.0),IRL,A,HICP,CPI,PC,_T,N,G1,2020,-0.5,A,,,,2
OECD.SDD.TPS:DSD_PRICES@DF_PRICES_ALL(1.0),IRL,A,HICP,CPI,PC,_T,N,G1,2021,2.4,A,,,,2
OECD.SDD.TPS:DSD_PRICES@DF_PRICES_ALL(1.0),IRL,A,HICP,CPI,PC,_T,N,G1,2022,8.1,A,,,,2
OECD.SDD.TPS:DSD_PRICES@DF_PRICES_ALL(1.0),IRL,A,HICP,CPI,PC,_T,N,G1,2023,5.2,A,,,,2
OECD.SDD.TPS:DSD_PRICES@DF_PRICES_ALL(1.0),IRL,A,HICP,CPI,PC,_T,N,G1,2024,1.3,A,,,,2
OECD.SDD.TPS:DSD_PRICES@DF_PRICES_ALL(1.0),IRL,A,HICP,CPI,PC,_T,N,G1,2025,2.1,A,,,,2
OECD.SDD.TPS:DSD_PRICES@DF_PRICES_ALL(1.0),AUT,A,HICP,CPI,PA,_T,N,GY,2015,0.8,A,,,,2
OECD.SDD.TPS:DSD_PRICES@DF_PRICES_ALL(1.0),AUT,A,HICP,CPI,PA,_T,N,GY,2016,1,A,,,,2
OECD.SDD.TPS:DSD_PRICES@DF_PRICES_ALL(1.0),AUT,A,HICP,CPI,PA,_T,N,GY,2017,2.2,A,,,,2
OECD.SDD.TPS:DSD_PRICES@DF_PRICES_ALL(1.0),AUT,A,HICP,CPI,PA,_T,N,GY,2018,2.1,A,,,,2
OECD.SDD.TPS:DSD_PRICES@DF_PRICES_ALL(1.0),AUT,A,HICP,CPI,PA,_T,N,GY,2019,1.5,A,,,,2
OECD.SDD.TPS:DSD_PRICES@DF_PRICES_ALL(1.0),AUT,A,HICP,CPI,PA,_T,N,GY,2020,1.4,A,,,,2
OECD.SDD.TPS:DSD_PRICES@DF_PRICES_ALL(1.0),AUT,A,HICP,CPI,PA,_T,N,GY,2021,2.8,A,,,,2
OECD.SDD.TPS:DSD_PRICES@DF_PRICES_ALL(1.0),AUT,A,HICP,CPI,PA,_T,N,GY,2022,8.6,A,,,,2
OECD.SDD.TPS:DSD_PRICES@DF_PRICES_ALL(1.0),AUT,A,HICP,CPI,PA,_T,N,GY,2023,7.7,A,,,,2
OECD.SDD.TPS:DSD_PRICES@DF_PRICES_ALL(1.0),AUT,A,HICP,CPI,PA,_T,N,GY,2024,2.9,A,,,,2
OECD.SDD.TPS:DSD_PRICES@DF_PRICES_ALL(1.0),AUT,A,HICP,CPI,PA,_T,N,GY,2025,3.6,A,,,,2
OECD.SDD.TPS:DSD_PRICES@DF_PRICES_ALL(1.0),BEL,A,HICP,CPI,PA,_T,N,GY,2015,0.6,A,,,,2
OECD.SDD.TPS:DSD_PRICES@DF_PRICES_ALL(1.0),BEL,A,HICP,CPI,PA,_T,N,GY,2016,1.8,A,,,,2
OECD.SDD.TPS:DSD_PRICES@DF_PRICES_ALL(1.0),BEL,A,HICP,CPI,PA,_T,N,GY,2017,2.2,A,,,,2
OECD.SDD.TPS:DSD_PRICES@DF_PRICES_ALL(1.0),BEL,A,HICP,CPI,PA,_T,N,GY,2018,2.3,A,,,,2
OECD.SDD.TPS:DSD_PRICES@DF_PRICES_ALL(1.0),BEL,A,HICP,CPI,PA,_T,N,GY,2019,1.2,A,,,,2
OECD.SDD.TPS:DSD_PRICES@DF_PRICES_ALL(1.0),BEL,A,HICP,CPI,PA,_T,N,GY,2020,0.4,A,,,,2
OECD.SDD.TPS:DSD_PRICES@DF_PRICES_ALL(1.0),BEL,A,HICP,CPI,PA,_T,N,GY,2021,3.2,A,,,,2
OECD.SDD.TPS:DSD_PRICES@DF_PRICES_ALL(1.0),BEL,A,HICP,CPI,PA,_T,N,GY,2022,10.3,A,,,,2
OECD.SDD.TPS:DSD_PRICES@DF_PRICES_ALL(1.0),BEL,A,HICP,CPI,PA,_T,N,GY,2023,2.3,A,,,,2
OECD.SDD.TPS:DSD_PRICES@DF_PRICES_ALL(1.0),BEL,A,HICP,CPI,PA,_T,N,GY,2024,4.3,A,,,,2
OECD.SDD.TPS:DSD_PRICES@DF_PRICES_ALL(1.0),BEL,A,HICP,CPI,PA,_T,N,GY,2025,3,A,,,,2
OECD.SDD.TPS:DSD_PRICES@DF_PRICES_ALL(1.0),CZE,A,HICP,CPI,PA,_T,N,GY,2015,0.3,A,,,,2
OECD.SDD.TPS:DSD_PRICES@DF_PRICES_ALL(1.0),CZE,A,HICP,CPI,PA,_T,N,GY,2016,0.6,A,,,,2
OECD.SDD.TPS:DSD_PRICES@DF_PRICES_ALL(1.0),CZE,A,HICP,CPI,PA,_T,N,GY,2017,2.4,A,,,,2
OECD.SDD.TPS:DSD_PRICES@DF_PRICES_ALL(1.0),CZE,A,HICP,CPI,PA,_T,N,GY,2018,2,A,,,,2
OECD.SDD.TPS:DSD_PRICES@DF_PRICES_ALL(1.0),CZE,A,HICP,CPI,PA,_T,N,GY,2019,2.6,A,,,,2
OECD.SDD.TPS:DSD_PRICES@DF_PRICES_ALL(1.0),CZE,A,HICP,CPI,PA,_T,N,GY,2020,3.3,A,,,,2
OECD.SDD.TPS:DSD_PRICES@DF_PRICES_ALL(1.0),CZE,A,HICP,CPI,PA,_T,N,GY,2021,3.3,A,,,,2
OECD.SDD.TPS:DSD_PRICES@DF_PRICES_ALL(1.0),CZE,A,HICP,CPI,PA,_T,N,GY,2022,14.8,A,,,,2
OECD.SDD.TPS:DSD_PRICES@DF_PRICES_ALL(1.0),CZE,A,HICP,CPI,PA,_T,N,GY,2023,12,A,,,,2
OECD.SDD.TPS:DSD_PRICES@DF_PRICES_ALL(1.0),CZE,A,HICP,CPI,PA,_T,N,GY,2024,2.7,A,,,,2
OECD.SDD.TPS:DSD_PRICES@DF_PRICES_ALL(1.0),CZE,A,HICP,CPI,PA,_T,N,GY,2025,2.3,A,,,,2
OECD.SDD.TPS:DSD_PRICES@DF_PRICES_ALL(1.0),DNK,A,HICP,CPI,PA,_T,N,GY,2015,0.2,A,,,,2
OECD.SDD.TPS:DSD_PRICES@DF_PRICES_ALL(1.0),DNK,A,HICP,CPI,PA,_T,N,GY,2016,0,A,,,,2
OECD.SDD.TPS:DSD_PRICES@DF_PRICES_ALL(1.0),DNK,A,HICP,CPI,PA,_T,N,GY,2017,1.1,A,,,,2
OECD.SDD.TPS:DSD_PRICES@DF_PRICES_ALL(1.0),DNK,A,HICP,CPI,PA,_T,N,GY,2018,0.7,A,,,,2
OECD.SDD.TPS:DSD_PRICES@DF_PRICES_ALL(1.0),DNK,A,HICP,CPI,PA,_T,N,GY,2019,0.7,A,,,,2
OECD.SDD.TPS:DSD_PRICES@DF_PRICES_ALL(1.0),DNK,A,HICP,CPI,PA,_T,N,GY,2020,0.3,A,,,,2
OECD.SDD.TPS:DSD_PRICES@DF_PRICES_ALL(1.0),DNK,A,HICP,CPI,PA,_T,N,GY,2021,1.9,A,,,,2
OECD.SDD.TPS:DSD_PRICES@DF_PRICES_ALL(1.0),DNK,A,HICP,CPI,PA,_T,N,GY,2022,8.5,A,,,,2
OECD.SDD.TPS:DSD_PRICES@DF_PRICES_ALL(1.0),DNK,A,HICP,CPI,PA,_T,N,GY,2023,3.4,A,,,,2
OECD.SDD.TPS:DSD_PRICES@DF_PRICES_ALL(1.0),DNK,A,HICP,CPI,PA,_T,N,GY,2024,1.3,A,,,,2
OECD.SDD.TPS:DSD_PRICES@DF_PRICES_ALL(1.0),DNK,A,HICP,CPI,PA,_T,N,GY,2025,1.8,A,,,,2
OECD.SDD.TPS:DSD_PRICES@DF_PRICES_ALL(1.0),EST,A,HICP,CPI,PA,_T,N,GY,2015,0.1,A,,,,2
OECD.SDD.TPS:DSD_PRICES@DF_PRICES_ALL(1.0),EST,A,HICP,CPI,PA,_T,N,GY,2016,0.8,A,,,,2
OECD.SDD.TPS:DSD_PRICES@DF_PRICES_ALL(1.0),EST,A,HICP,CPI,PA,_T,N,GY,2017,3.7,A,,,,2
OECD.SDD.TPS:DSD_PRICES@DF_PRICES_ALL(1.0),EST,A,HICP,CPI,PA,_T,N,GY,2018,3.4,A,,,,2
OECD.SDD.TPS:DSD_PRICES@DF_PRICES_ALL(1.0),EST,A,HICP,CPI,PA,_T,N,GY,2019,2.3,A,,,,2
OECD.SDD.TPS:DSD_PRICES@DF_PRICES_ALL(1.0),EST,A,HICP,CPI,PA,_T,N,GY,2020,-0.6,A,,,,2
OECD.SDD.TPS:DSD_PRICES@DF_PRICES_ALL(1.0),EST,A,HICP,CPI,PA,_T,N,GY,2021,4.5,A,,,,2
OECD.SDD.TPS:DSD_PRICES@DF_PRICES_ALL(1.0),EST,A,HICP,CPI,PA,_T,N,GY,2022,19.4,A,,,,2
OECD.SDD.TPS:DSD_PRICES@DF_PRICES_ALL(1.0),EST,A,HICP,CPI,PA,_T,N,GY,2023,9.1,A,,,,2
OECD.SDD.TPS:DSD_PRICES@DF_PRICES_ALL(1.0),EST,A,HICP,CPI,PA,_T,N,GY,2024,3.7,A,,,,2
OECD.SDD.TPS:DSD_PRICES@DF_PRICES_ALL(1.0),EST,A,HICP,CPI,PA,_T,N,GY,2025,4.8,A,,,,2
OECD.SDD.TPS:DSD_PRICES@DF_PRICES_ALL(1.0),FIN,A,HICP,CPI,PA,_T,N,GY,2015,-0.2,A,,,,2
OECD.SDD.TPS:DSD_PRICES@DF_PRICES_ALL(1.0),FIN,A,HICP,CPI,PA,_T,N,GY,2016,0.4,A,,,,2
OECD.SDD.TPS:DSD_PRICES@DF_PRICES_ALL(1.0),FIN,A,HICP,CPI,PA,_T,N,GY,2017,0.8,A,,,,2
OECD.SDD.TPS:DSD_PRICES@DF_PRICES_ALL(1.0),FIN,A,HICP,CPI,PA,_T,N,GY,2018,1.2,A,,,,2
OECD.SDD.TPS:DSD_PRICES@DF_PRICES_ALL(1.0),FIN,A,HICP,CPI,PA,_T,N,GY,2019,1.1,A,,,,2
OECD.SDD.TPS:DSD_PRICES@DF_PRICES_ALL(1.0),FIN,A,HICP,CPI,PA,_T,N,GY,2020,0.4,A,,,,2
OECD.SDD.TPS:DSD_PRICES@DF_PRICES_ALL(1.0),FIN,A,HICP,CPI,PA,_T,N,GY,2021,2.1,A,,,,2
OECD.SDD.TPS:DSD_PRICES@DF_PRICES_ALL(1.0),FIN,A,HICP,CPI,PA,_T,N,GY,2022,7.2,A,,,,2
OECD.SDD.TPS:DSD_PRICES@DF_PRICES_ALL(1.0),FIN,A,HICP,CPI,PA,_T,N,GY,2023,4.3,A,,,,2
OECD.SDD.TPS:DSD_PRICES@DF_PRICES_ALL(1.0),FIN,A,HICP,CPI,PA,_T,N,GY,2024,1,A,,,,2
OECD.SDD.TPS:DSD_PRICES@DF_PRICES_ALL(1.0),FIN,A,HICP,CPI,PA,_T,N,GY,2025,1.8,A,,,,2
OECD.SDD.TPS:DSD_PRICES@DF_PRICES_ALL(1.0),FRA,A,HICP,CPI,PA,_T,N,GY,2015,0.1,A,,,,2
OECD.SDD.TPS:DSD_PRICES@DF_PRICES_ALL(1.0),FRA,A,HICP,CPI,PA,_T,N,GY,2016,0.3,A,,,,2
OECD.SDD.TPS:DSD_PRICES@DF_PRICES_ALL(1.0),FRA,A,HICP,CPI,PA,_T,N,GY,2017,1.2,A,,,,2
OECD.SDD.TPS:DSD_PRICES@DF_PRICES_ALL(1.0),FRA,A,HICP,CPI,PA,_T,N,GY,2018,2.1,A,,,,2
OECD.SDD.TPS:DSD_PRICES@DF_PRICES_ALL(1.0),FRA,A,HICP,CPI,PA,_T,N,GY,2019,1.3,A,,,,2
OECD.SDD.TPS:DSD_PRICES@DF_PRICES_ALL(1.0),FRA,A,HICP,CPI,PA,_T,N,GY,2020,0.5,A,,,,2
OECD.SDD.TPS:DSD_PRICES@DF_PRICES_ALL(1.0),FRA,A,HICP,CPI,PA,_T,N,GY,2021,2.1,A,,,,2
OECD.SDD.TPS:DSD_PRICES@DF_PRICES_ALL(1.0),FRA,A,HICP,CPI,PA,_T,N,GY,2022,5.9,A,,,,2
OECD.SDD.TPS:DSD_PRICES@DF_PRICES_ALL(1.0),FRA,A,HICP,CPI,PA,_T,N,GY,2023,5.7,A,,,,2
OECD.SDD.TPS:DSD_PRICES@DF_PRICES_ALL(1.0),FRA,A,HICP,CPI,PA,_T,N,GY,2024,2.3,A,,,,2
OECD.SDD.TPS:DSD_PRICES@DF_PRICES_ALL(1.0),FRA,A,HICP,CPI,PA,_T,N,GY,2025,0.9,A,,,,2
OECD.SDD.TPS:DSD_PRICES@DF_PRICES_ALL(1.0),DEU,A,HICP,CPI,PA,_T,N,GY,2015,0.7,A,,,,2
OECD.SDD.TPS:DSD_PRICES@DF_PRICES_ALL(1.0),DEU,A,HICP,CPI,PA,_T,N,GY,2016,0.4,A,,,,2
OECD.SDD.TPS:DSD_PRICES@DF_PRICES_ALL(1.0),DEU,A,HICP,CPI,PA,_T,N,GY,2017,1.7,A,,,,2
OECD.SDD.TPS:DSD_PRICES@DF_PRICES_ALL(1.0),DEU,A,HICP,CPI,PA,_T,N,GY,2018,1.9,A,,,,2
OECD.SDD.TPS:DSD_PRICES@DF_PRICES_ALL(1.0),DEU,A,HICP,CPI,PA,_T,N,GY,2019,1.4,A,,,,2
OECD.SDD.TPS:DSD_PRICES@DF_PRICES_ALL(1.0),DEU,A,HICP,CPI,PA,_T,N,GY,2020,0.4,A,,,,2
OECD.SDD.TPS:DSD_PRICES@DF_PRICES_ALL(1.0),DEU,A,HICP,CPI,PA,_T,N,GY,2021,3.2,A,,,,2
OECD.SDD.TPS:DSD_PRICES@DF_PRICES_ALL(1.0),DEU,A,HICP,CPI,PA,_T,N,GY,2022,8.7,A,,,,2
OECD.SDD.TPS:DSD_PRICES@DF_PRICES_ALL(1.0),DEU,A,HICP,CPI,PA,_T,N,GY,2023,6,A,,,,2
OECD.SDD.TPS:DSD_PRICES@DF_PRICES_ALL(1.0),DEU,A,HICP,CPI,PA,_T,N,GY,2024,2.5,A,,,,2
OECD.SDD.TPS:DSD_PRICES@DF_PRICES_ALL(1.0),DEU,A,HICP,CPI,PA,_T,N,GY,2025,2.3,A,,,,2
OECD.SDD.TPS:DSD_PRICES@DF_PRICES_ALL(1.0),GRC,A,HICP,CPI,PA,_T,N,GY,2015,-1.1,A,,,,2
OECD.SDD.TPS:DSD_PRICES@DF_PRICES_ALL(1.0),GRC,A,HICP,CPI,PA,_T,N,GY,2016,0,A,,,,2
OECD.SDD.TPS:DSD_PRICES@DF_PRICES_ALL(1.0),GRC,A,HICP,CPI,PA,_T,N,GY,2017,1.1,A,,,,2
OECD.SDD.TPS:DSD_PRICES@DF_PRICES_ALL(1.0),GRC,A,HICP,CPI,PA,_T,N,GY,2018,0.8,A,,,,2
OECD.SDD.TPS:DSD_PRICES@DF_PRICES_ALL(1.0),GRC,A,HICP,CPI,PA,_T,N,GY,2019,0.5,A,,,,2
OECD.SDD.TPS:DSD_PRICES@DF_PRICES_ALL(1.0),GRC,A,HICP,CPI,PA,_T,N,GY,2020,-1.3,A,,,,2
OECD.SDD.TPS:DSD_PRICES@DF_PRICES_ALL(1.0),GRC,A,HICP,CPI,PA,_T,N,GY,2021,0.6,A,,,,2
OECD.SDD.TPS:DSD_PRICES@DF_PRICES_ALL(1.0),GRC,A,HICP,CPI,PA,_T,N,GY,2022,9.3,A,,,,2
OECD.SDD.TPS:DSD_PRICES@DF_PRICES_ALL(1.0),GRC,A,HICP,CPI,PA,_T,N,GY,2023,4.2,A,,,,2
OECD.SDD.TPS:DSD_PRICES@DF_PRICES_ALL(1.0),GRC,A,HICP,CPI,PA,_T,N,GY,2024,3,A,,,,2
OECD.SDD.TPS:DSD_PRICES@DF_PRICES_ALL(1.0),GRC,A,HICP,CPI,PA,_T,N,GY,2025,2.9,A,,,,2
OECD.SDD.TPS:DSD_PRICES@DF_PRICES_ALL(1.0),HUN,A,HICP,CPI,PA,_T,N,GY,2015,0.1,A,,,,2
OECD.SDD.TPS:DSD_PRICES@DF_PRICES_ALL(1.0),HUN,A,HICP,CPI,PA,_T,N,GY,2016,0.4,A,,,,2
OECD.SDD.TPS:DSD_PRICES@DF_PRICES_ALL(1.0),HUN,A,HICP,CPI,PA,_T,N,GY,2017,2.4,A,,,,2
OECD.SDD.TPS:DSD_PRICES@DF_PRICES_ALL(1.0),HUN,A,HICP,CPI,PA,_T,N,GY,2018,2.9,A,,,,2
OECD.SDD.TPS:DSD_PRICES@DF_PRICES_ALL(1.0),HUN,A,HICP,CPI,PA,_T,N,GY,2019,3.4,A,,,,2
OECD.SDD.TPS:DSD_PRICES@DF_PRICES_ALL(1.0),HUN,A,HICP,CPI,PA,_T,N,GY,2020,3.4,A,,,,2
OECD.SDD.TPS:DSD_PRICES@DF_PRICES_ALL(1.0),HUN,A,HICP,CPI,PA,_T,N,GY,2021,5.2,A,,,,2
OECD.SDD.TPS:DSD_PRICES@DF_PRICES_ALL(1.0),HUN,A,HICP,CPI,PA,_T,N,GY,2022,15.3,A,,,,2
OECD.SDD.TPS:DSD_PRICES@DF_PRICES_ALL(1.0),HUN,A,HICP,CPI,PA,_T,N,GY,2023,17,A,,,,2
OECD.SDD.TPS:DSD_PRICES@DF_PRICES_ALL(1.0),HUN,A,HICP,CPI,PA,_T,N,GY,2024,3.7,A,,,,2
OECD.SDD.TPS:DSD_PRICES@DF_PRICES_ALL(1.0),HUN,A,HICP,CPI,PA,_T,N,GY,2025,4.4,A,,,,2
OECD.SDD.TPS:DSD_PRICES@DF_PRICES_ALL(1.0),ISL,A,HICP,CPI,PA,_T,N,GY,2015,0.3,A,,,,2
OECD.SDD.TPS:DSD_PRICES@DF_PRICES_ALL(1.0),ISL,A,HICP,CPI,PA,_T,N,GY,2016,0.8,A,,,,2
OECD.SDD.TPS:DSD_PRICES@DF_PRICES_ALL(1.0),ISL,A,HICP,CPI,PA,_T,N,GY,2017,-1.7,A,,,,2
OECD.SDD.TPS:DSD_PRICES@DF_PRICES_ALL(1.0),ISL,A,HICP,CPI,PA,_T,N,GY,2018,0.7,A,,,,2
OECD.SDD.TPS:DSD_PRICES@DF_PRICES_ALL(1.0),ISL,A,HICP,CPI,PA,_T,N,GY,2019,2,A,,,,2
OECD.SDD.TPS:DSD_PRICES@DF_PRICES_ALL(1.0),ISL,A,HICP,CPI,PA,_T,N,GY,2020,1.2,A,,,,2
OECD.SDD.TPS:DSD_PRICES@DF_PRICES_ALL(1.0),ISL,A,HICP,CPI,PA,_T,N,GY,2021,3.7,A,,,,2
OECD.SDD.TPS:DSD_PRICES@DF_PRICES_ALL(1.0),ISL,A,HICP,CPI,PA,_T,N,GY,2022,5.7,A,,,,2
OECD.SDD.TPS:DSD_PRICES@DF_PRICES_ALL(1.0),ISL,A,HICP,CPI,PA,_T,N,GY,2023,8,A,,,,2
OECD.SDD.TPS:DSD_PRICES@DF_PRICES_ALL(1.0),ISL,A,HICP,CPI,PA,_T,N,GY,2024,4.5,A,,,,2
OECD.SDD.TPS:DSD_PRICES@DF_PRICES_ALL(1.0),ISL,A,HICP,CPI,PA,_T,N,GY,2025,3.7,A,,,,2
OECD.SDD.TPS:DSD_PRICES@DF_PRICES_ALL(1.0),IRL,A,HICP,CPI,PA,_T,N,GY,2015,0,A,,,,2
OECD.SDD.TPS:DSD_PRICES@DF_PRICES_ALL(1.0),IRL,A,HICP,CPI,PA,_T,N,GY,2016,-0.2,A,,,,2
OECD.SDD.TPS:DSD_PRICES@DF_PRICES_ALL(1.0),IRL,A,HICP,CPI,PA,_T,N,GY,2017,0.3,A,,,,2
OECD.SDD.TPS:DSD_PRICES@DF_PRICES_ALL(1.0),IRL,A,HICP,CPI,PA,_T,N,GY,2018,0.7,A,,,,2
OECD.SDD.TPS:DSD_PRICES@DF_PRICES_ALL(1.0),IRL,A,HICP,CPI,PA,_T,N,GY,2019,0.9,A,,,,2
OECD.SDD.TPS:DSD_PRICES@DF_PRICES_ALL(1.0),IRL,A,HICP,CPI,PA,_T,N,GY,2020,-0.5,A,,,,2
OECD.SDD.TPS:DSD_PRICES@DF_PRICES_ALL(1.0),IRL,A,HICP,CPI,PA,_T,N,GY,2021,2.4,A,,,,2
OECD.SDD.TPS:DSD_PRICES@DF_PRICES_ALL(1.0),IRL,A,HICP,CPI,PA,_T,N,GY,2022,8.1,A,,,,2
OECD.SDD.TPS:DSD_PRICES@DF_PRICES_ALL(1.0),IRL,A,HICP,CPI,PA,_T,N,GY,2023,5.2,A,,,,2
OECD.SDD.TPS:DSD_PRICES@DF_PRICES_ALL(1.0),IRL,A,HICP,CPI,PA,_T,N,GY,2024,1.3,A,,,,2
OECD.SDD.TPS:DSD_PRICES@DF_PRICES_ALL(1.0),IRL,A,HICP,CPI,PA,_T,N,GY,2025,2.1,A,,,,2
OECD.SDD.TPS:DSD_PRICES@DF_PRICES_ALL(1.0),AUT,A,HICP,CPI,IX,_T,N,_Z,2015,100,A,,2015,,2
OECD.SDD.TPS:DSD_PRICES@DF_PRICES_ALL(1.0),AUT,A,HICP,CPI,IX,_T,N,_Z,2016,100.97,A,,2015,,2
OECD.SDD.TPS:DSD_PRICES@DF_PRICES_ALL(1.0),AUT,A,HICP,CPI,IX,_T,N,_Z,2017,103.22,A,,2015,,2
OECD.SDD.TPS:DSD_PRICES@DF_PRICES_ALL(1.0),AUT,A,HICP,CPI,IX,_T,N,_Z,2018,105.41,A,,2015,,2
OECD.SDD.TPS:DSD_PRICES@DF_PRICES_ALL(1.0),AUT,A,HICP,CPI,IX,_T,N,_Z,2019,106.98,A,,2015,,2
OECD.SDD.TPS:DSD_PRICES@DF_PRICES_ALL(1.0),AUT,A,HICP,CPI,IX,_T,N,_Z,2020,108.47,A,,2015,,2
OECD.SDD.TPS:DSD_PRICES@DF_PRICES_ALL(1.0),AUT,A,HICP,CPI,IX,_T,N,_Z,2021,111.46,A,,2015,,2
OECD.SDD.TPS:DSD_PRICES@DF_PRICES_ALL(1.0),AUT,A,HICP,CPI,IX,_T,N,_Z,2022,121.07,A,,2015,,2
OECD.SDD.TPS:DSD_PRICES@DF_PRICES_ALL(1.0),AUT,A,HICP,CPI,IX,_T,N,_Z,2023,130.4,A,,2015,,2
OECD.SDD.TPS:DSD_PRICES@DF_PRICES_ALL(1.0),AUT,A,HICP,CPI,IX,_T,N,_Z,2024,134.21,A,,2015,,2
OECD.SDD.TPS:DSD_PRICES@DF_PRICES_ALL(1.0),AUT,A,HICP,CPI,IX,_T,N,_Z,2025,139.01,A,,2015,,2
OECD.SDD.TPS:DSD_PRICES@DF_PRICES_ALL(1.0),BEL,A,HICP,CPI,IX,_T,N,_Z,2015,100,A,,2015,,2
OECD.SDD.TPS:DSD_PRICES@DF_PRICES_ALL(1.0),BEL,A,HICP,CPI,IX,_T,N,_Z,2016,101.77,A,,2015,,2
OECD.SDD.TPS:DSD_PRICES@DF_PRICES_ALL(1.0),BEL,A,HICP,CPI,IX,_T,N,_Z,2017,104.03,A,,2015,,2
OECD.SDD.TPS:DSD_PRICES@DF_PRICES_ALL(1.0),BEL,A,HICP,CPI,IX,_T,N,_Z,2018,106.44,A,,2015,,2
OECD.SDD.TPS:DSD_PRICES@DF_PRICES_ALL(1.0),BEL,A,HICP,CPI,IX,_T,N,_Z,2019,107.77,A,,2015,,2
OECD.SDD.TPS:DSD_PRICES@DF_PRICES_ALL(1.0),BEL,A,HICP,CPI,IX,_T,N,_Z,2020,108.23,A,,2015,,2
OECD.SDD.TPS:DSD_PRICES@DF_PRICES_ALL(1.0),BEL,A,HICP,CPI,IX,_T,N,_Z,2021,111.71,A,,2015,,2
OECD.SDD.TPS:DSD_PRICES@DF_PRICES_ALL(1.0),BEL,A,HICP,CPI,IX,_T,N,_Z,2022,123.26,A,,2015,,2
OECD.SDD.TPS:DSD_PRICES@DF_PRICES_ALL(1.0),BEL,A,HICP,CPI,IX,_T,N,_Z,2023,126.07,A,,2015,,2
OECD.SDD.TPS:DSD_PRICES@DF_PRICES_ALL(1.0),BEL,A,HICP,CPI,IX,_T,N,_Z,2024,131.52,A,,2015,,2
OECD.SDD.TPS:DSD_PRICES@DF_PRICES_ALL(1.0),BEL,A,HICP,CPI,IX,_T,N,_Z,2025,135.49,A,,2015,,2
OECD.SDD.TPS:DSD_PRICES@DF_PRICES_ALL(1.0),CZE,A,HICP,CPI,IX,_T,N,_Z,2015,100,A,,2015,,2
OECD.SDD.TPS:DSD_PRICES@DF_PRICES_ALL(1.0),CZE,A,HICP,CPI,IX,_T,N,_Z,2016,100.7,A,,2015,,2
OECD.SDD.TPS:DSD_PRICES@DF_PRICES_ALL(1.0),CZE,A,HICP,CPI,IX,_T,N,_Z,2017,103.1,A,,2015,,2
OECD.SDD.TPS:DSD_PRICES@DF_PRICES_ALL(1.0),CZE,A,HICP,CPI,IX,_T,N,_Z,2018,105.1,A,,2015,,2
OECD.SDD.TPS:DSD_PRICES@DF_PRICES_ALL(1.0),CZE,A,HICP,CPI,IX,_T,N,_Z,2019,107.8,A,,2015,,2
OECD.SDD.TPS:DSD_PRICES@DF_PRICES_ALL(1.0),CZE,A,HICP,CPI,IX,_T,N,_Z,2020,111.4,A,,2015,,2
OECD.SDD.TPS:DSD_PRICES@DF_PRICES_ALL(1.0),CZE,A,HICP,CPI,IX,_T,N,_Z,2021,115.1,A,,2015,,2
OECD.SDD.TPS:DSD_PRICES@DF_PRICES_ALL(1.0),CZE,A,HICP,CPI,IX,_T,N,_Z,2022,132.1,A,,2015,,2
OECD.SDD.TPS:DSD_PRICES@DF_PRICES_ALL(1.0),CZE,A,HICP,CPI,IX,_T,N,_Z,2023,147.9,A,,2015,,2
OECD.SDD.TPS:DSD_PRICES@DF_PRICES_ALL(1.0),CZE,A,HICP,CPI,IX,_T,N,_Z,2024,151.9,A,,2015,,2
OECD.SDD.TPS:DSD_PRICES@DF_PRICES_ALL(1.0),CZE,A,HICP,CPI,IX,_T,N,_Z,2025,155.4,A,,2015,,2
OECD.SDD.TPS:DSD_PRICES@DF_PRICES_ALL(1.0),DNK,A,HICP,CPI,IX,_T,N,_Z,2015,100,A,,2015,,2
OECD.SDD.TPS:DSD_PRICES@DF_PRICES_ALL(1.0),DNK,A,HICP,CPI,IX,_T,N,_Z,2016,100,A,,2015,,2
OECD.SDD.TPS:DSD_PRICES@DF_PRICES_ALL(1.0),DNK,A,HICP,CPI,IX,_T,N,_Z,2017,101.1,A,,2015,,2
OECD.SDD.TPS:DSD_PRICES@DF_PRICES_ALL(1.0),DNK,A,HICP,CPI,IX,_T,N,_Z,2018,101.8,A,,2015,,2
OECD.SDD.TPS:DSD_PRICES@DF_PRICES_ALL(1.0),DNK,A,HICP,CPI,IX,_T,N,_Z,2019,102.5,A,,2015,,2
OECD.SDD.TPS:DSD_PRICES@DF_PRICES_ALL(1.0),DNK,A,HICP,CPI,IX,_T,N,_Z,2020,102.9,A,,2015,,2
OECD.SDD.TPS:DSD_PRICES@DF_PRICES_ALL(1.0),DNK,A,HICP,CPI,IX,_T,N,_Z,2021,104.9,A,,2015,,2
OECD.SDD.TPS:DSD_PRICES@DF_PRICES_ALL(1.0),DNK,A,HICP,CPI,IX,_T,N,_Z,2022,113.8,A,,2015,,2
OECD.SDD.TPS:DSD_PRICES@DF_PRICES_ALL(1.0),DNK,A,HICP,CPI,IX,_T,N,_Z,2023,117.6,A,,2015,,2
OECD.SDD.TPS:DSD_PRICES@DF_PRICES_ALL(1.0),DNK,A,HICP,CPI,IX,_T,N,_Z,2024,119.1,A,,2015,,2
OECD.SDD.TPS:DSD_PRICES@DF_PRICES_ALL(1.0),DNK,A,HICP,CPI,IX,_T,N,_Z,2025,121.3,A,,2015,,2
OECD.SDD.TPS:DSD_PRICES@DF_PRICES_ALL(1.0),EST,A,HICP,CPI,IX,_T,N,_Z,2015,100,A,,2015,,2
OECD.SDD.TPS:DSD_PRICES@DF_PRICES_ALL(1.0),EST,A,HICP,CPI,IX,_T,N,_Z,2016,100.8,A,,2015,,2
OECD.SDD.TPS:DSD_PRICES@DF_PRICES_ALL(1.0),EST,A,HICP,CPI,IX,_T,N,_Z,2017,104.48,A,,2015,,2
OECD.SDD.TPS:DSD_PRICES@DF_PRICES_ALL(1.0),EST,A,HICP,CPI,IX,_T,N,_Z,2018,108.05,A,,2015,,2
OECD.SDD.TPS:DSD_PRICES@DF_PRICES_ALL(1.0),EST,A,HICP,CPI,IX,_T,N,_Z,2019,110.5,A,,2015,,2
OECD.SDD.TPS:DSD_PRICES@DF_PRICES_ALL(1.0),EST,A,HICP,CPI,IX,_T,N,_Z,2020,109.8,A,,2015,,2
OECD.SDD.TPS:DSD_PRICES@DF_PRICES_ALL(1.0),EST,A,HICP,CPI,IX,_T,N,_Z,2021,114.72,A,,2015,,2
OECD.SDD.TPS:DSD_PRICES@DF_PRICES_ALL(1.0),EST,A,HICP,CPI,IX,_T,N,_Z,2022,137.03,A,,2015,,2
OECD.SDD.TPS:DSD_PRICES@DF_PRICES_ALL(1.0),EST,A,HICP,CPI,IX,_T,N,_Z,2023,149.52,A,,2015,,2
OECD.SDD.TPS:DSD_PRICES@DF_PRICES_ALL(1.0),EST,A,HICP,CPI,IX,_T,N,_Z,2024,155.1,A,,2015,,2
OECD.SDD.TPS:DSD_PRICES@DF_PRICES_ALL(1.0),EST,A,HICP,CPI,IX,_T,N,_Z,2025,162.57,A,,2015,,2
OECD.SDD.TPS:DSD_PRICES@DF_PRICES_ALL(1.0),FIN,A,HICP,CPI,IX,_T,N,_Z,2015,100,A,,2015,,2
OECD.SDD.TPS:DSD_PRICES@DF_PRICES_ALL(1.0),FIN,A,HICP,CPI,IX,_T,N,_Z,2016,100.39,A,,2015,,2
OECD.SDD.TPS:DSD_PRICES@DF_PRICES_ALL(1.0),FIN,A,HICP,CPI,IX,_T,N,_Z,2017,101.23,A,,2015,,2
OECD.SDD.TPS:DSD_PRICES@DF_PRICES_ALL(1.0),FIN,A,HICP,CPI,IX,_T,N,_Z,2018,102.42,A,,2015,,2
OECD.SDD.TPS:DSD_PRICES@DF_PRICES_ALL(1.0),FIN,A,HICP,CPI,IX,_T,N,_Z,2019,103.58,A,,2015,,2
OECD.SDD.TPS:DSD_PRICES@DF_PRICES_ALL(1.0),FIN,A,HICP,CPI,IX,_T,N,_Z,2020,103.98,A,,2015,,2
OECD.SDD.TPS:DSD_PRICES@DF_PRICES_ALL(1.0),FIN,A,HICP,CPI,IX,_T,N,_Z,2021,106.12,A,,2015,,2
OECD.SDD.TPS:DSD_PRICES@DF_PRICES_ALL(1.0),FIN,A,HICP,CPI,IX,_T,N,_Z,2022,113.74,A,,2015,,2
OECD.SDD.TPS:DSD_PRICES@DF_PRICES_ALL(1.0),FIN,A,HICP,CPI,IX,_T,N,_Z,2023,118.67,A,,2015,,2
OECD.SDD.TPS:DSD_PRICES@DF_PRICES_ALL(1.0),FIN,A,HICP,CPI,IX,_T,N,_Z,2024,119.83,A,,2015,,2
OECD.SDD.TPS:DSD_PRICES@DF_PRICES_ALL(1.0),FIN,A,HICP,CPI,IX,_T,N,_Z,2025,122.01,A,,2015,,2
OECD.SDD.TPS:DSD_PRICES@DF_PRICES_ALL(1.0),FRA,A,HICP,CPI,IX,_T,N,_Z,2015,100,A,,2015,,2
OECD.SDD.TPS:DSD_PRICES@DF_PRICES_ALL(1.0),FRA,A,HICP,CPI,IX,_T,N,_Z,2016,100.31,A,,2015,,2
OECD.SDD.TPS:DSD_PRICES@DF_PRICES_ALL(1.0),FRA,A,HICP,CPI,IX,_T,N,_Z,2017,101.47,A,,2015,,2
OECD.SDD.TPS:DSD_PRICES@DF_PRICES_ALL(1.0),FRA,A,HICP,CPI,IX,_T,N,_Z,2018,103.6,A,,2015,,2
OECD.SDD.TPS:DSD_PRICES@DF_PRICES_ALL(1.0),FRA,A,HICP,CPI,IX,_T,N,_Z,2019,104.95,A,,2015,,2
OECD.SDD.TPS:DSD_PRICES@DF_PRICES_ALL(1.0),FRA,A,HICP,CPI,IX,_T,N,_Z,2020,105.5,A,,2015,,2
OECD.SDD.TPS:DSD_PRICES@DF_PRICES_ALL(1.0),FRA,A,HICP,CPI,IX,_T,N,_Z,2021,107.68,A,,2015,,2
OECD.SDD.TPS:DSD_PRICES@DF_PRICES_ALL(1.0),FRA,A,HICP,CPI,IX,_T,N,_Z,2022,114.04,A,,2015,,2
OECD.SDD.TPS:DSD_PRICES@DF_PRICES_ALL(1.0),FRA,A,HICP,CPI,IX,_T,N,_Z,2023,120.5,A,,2015,,2
OECD.SDD.TPS:DSD_PRICES@DF_PRICES_ALL(1.0),FRA,A,HICP,CPI,IX,_T,N,_Z,2024,123.29,A,,2015,,2
OECD.SDD.TPS:DSD_PRICES@DF_PRICES_ALL(1.0),FRA,A,HICP,CPI,IX,_T,N,_Z,2025,124.43,A,,2015,,2
OECD.SDD.TPS:DSD_PRICES@DF_PRICES_ALL(1.0),DEU,A,HICP,CPI,IX,_T,N,_Z,2015,100,A,,2015,,2
OECD.SDD.TPS:DSD_PRICES@DF_PRICES_ALL(1.0),DEU,A,HICP,CPI,IX,_T,N,_Z,2016,100.4,A,,2015,,2
OECD.SDD.TPS:DSD_PRICES@DF_PRICES_ALL(1.0),DEU,A,HICP,CPI,IX,_T,N,_Z,2017,102.1,A,,2015,,2
OECD.SDD.TPS:DSD_PRICES@DF_PRICES_ALL(1.0),DEU,A,HICP,CPI,IX,_T,N,_Z,2018,104,A,,2015,,2
OECD.SDD.TPS:DSD_PRICES@DF_PRICES_ALL(1.0),DEU,A,HICP,CPI,IX,_T,N,_Z,2019,105.5,A,,2015,,2
OECD.SDD.TPS:DSD_PRICES@DF_PRICES_ALL(1.0),DEU,A,HICP,CPI,IX,_T,N,_Z,2020,105.8,A,,2015,,2
OECD.SDD.TPS:DSD_PRICES@DF_PRICES_ALL(1.0),DEU,A,HICP,CPI,IX,_T,N,_Z,2021,109.2,A,,2015,,2
OECD.SDD.TPS:DSD_PRICES@DF_PRICES_ALL(1.0),DEU,A,HICP,CPI,IX,_T,N,_Z,2022,118.7,A,,2015,,2
OECD.SDD.TPS:DSD_PRICES@DF_PRICES_ALL(1.0),DEU,A,HICP,CPI,IX,_T,N,_Z,2023,125.9,A,,2015,,2
OECD.SDD.TPS:DSD_PRICES@DF_PRICES_ALL(1.0),DEU,A,HICP,CPI,IX,_T,N,_Z,2024,129,A,,2015,,2
OECD.SDD.TPS:DSD_PRICES@DF_PRICES_ALL(1.0),DEU,A,HICP,CPI,IX,_T,N,_Z,2025,131.9,A,,2015,,2
OECD.SDD.TPS:DSD_PRICES@DF_PRICES_ALL(1.0),GRC,A,HICP,CPI,IX,_T,N,_Z,2015,100,A,,2015,,2
OECD.SDD.TPS:DSD_PRICES@DF_PRICES_ALL(1.0),GRC,A,HICP,CPI,IX,_T,N,_Z,2016,100.02,A,,2015,,2
OECD.SDD.TPS:DSD_PRICES@DF_PRICES_ALL(1.0),GRC,A,HICP,CPI,IX,_T,N,_Z,2017,101.15,A,,2015,,2
OECD.SDD.TPS:DSD_PRICES@DF_PRICES_ALL(1.0),GRC,A,HICP,CPI,IX,_T,N,_Z,2018,101.94,A,,2015,,2
OECD.SDD.TPS:DSD_PRICES@DF_PRICES_ALL(1.0),GRC,A,HICP,CPI,IX,_T,N,_Z,2019,102.46,A,,2015,,2
OECD.SDD.TPS:DSD_PRICES@DF_PRICES_ALL(1.0),GRC,A,HICP,CPI,IX,_T,N,_Z,2020,101.17,A,,2015,,2
OECD.SDD.TPS:DSD_PRICES@DF_PRICES_ALL(1.0),GRC,A,HICP,CPI,IX,_T,N,_Z,2021,101.75,A,,2015,,2
OECD.SDD.TPS:DSD_PRICES@DF_PRICES_ALL(1.0),GRC,A,HICP,CPI,IX,_T,N,_Z,2022,111.21,A,,2015,,2
OECD.SDD.TPS:DSD_PRICES@DF_PRICES_ALL(1.0),GRC,A,HICP,CPI,IX,_T,N,_Z,2023,115.84,A,,2015,,2
OECD.SDD.TPS:DSD_PRICES@DF_PRICES_ALL(1.0),GRC,A,HICP,CPI,IX,_T,N,_Z,2024,119.31,A,,2015,,2
OECD.SDD.TPS:DSD_PRICES@DF_PRICES_ALL(1.0),GRC,A,HICP,CPI,IX,_T,N,_Z,2025,122.75,A,,2015,,2
OECD.SDD.TPS:DSD_PRICES@DF_PRICES_ALL(1.0),HUN,A,HICP,CPI,IX,_T,N,_Z,2015,100,A,,2015,,2
OECD.SDD.TPS:DSD_PRICES@DF_PRICES_ALL(1.0),HUN,A,HICP,CPI,IX,_T,N,_Z,2016,100.45,A,,2015,,2
OECD.SDD.TPS:DSD_PRICES@DF_PRICES_ALL(1.0),HUN,A,HICP,CPI,IX,_T,N,_Z,2017,102.84,A,,2015,,2
OECD.SDD.TPS:DSD_PRICES@DF_PRICES_ALL(1.0),HUN,A,HICP,CPI,IX,_T,N,_Z,2018,105.84,A,,2015,,2
OECD.SDD.TPS:DSD_PRICES@DF_PRICES_ALL(1.0),HUN,A,HICP,CPI,IX,_T,N,_Z,2019,109.46,A,,2015,,2
OECD.SDD.TPS:DSD_PRICES@DF_PRICES_ALL(1.0),HUN,A,HICP,CPI,IX,_T,N,_Z,2020,113.15,A,,2015,,2
OECD.SDD.TPS:DSD_PRICES@DF_PRICES_ALL(1.0),HUN,A,HICP,CPI,IX,_T,N,_Z,2021,119.04,A,,2015,,2
OECD.SDD.TPS:DSD_PRICES@DF_PRICES_ALL(1.0),HUN,A,HICP,CPI,IX,_T,N,_Z,2022,137.22,A,,2015,,2
OECD.SDD.TPS:DSD_PRICES@DF_PRICES_ALL(1.0),HUN,A,HICP,CPI,IX,_T,N,_Z,2023,160.59,A,,2015,,2
OECD.SDD.TPS:DSD_PRICES@DF_PRICES_ALL(1.0),HUN,A,HICP,CPI,IX,_T,N,_Z,2024,166.56,A,,2015,,2
OECD.SDD.TPS:DSD_PRICES@DF_PRICES_ALL(1.0),HUN,A,HICP,CPI,IX,_T,N,_Z,2025,173.96,A,,2015,,2
OECD.SDD.TPS:DSD_PRICES@DF_PRICES_ALL(1.0),ISL,A,HICP,CPI,IX,_T,N,_Z,2015,100,A,,2015,,2
OECD.SDD.TPS:DSD_PRICES@DF_PRICES_ALL(1.0),ISL,A,HICP,CPI,IX,_T,N,_Z,2016,100.79,A,,2015,,2
OECD.SDD.TPS:DSD_PRICES@DF_PRICES_ALL(1.0),ISL,A,HICP,CPI,IX,_T,N,_Z,2017,99.13,A,,2015,,2
OECD.SDD.TPS:DSD_PRICES@DF_PRICES_ALL(1.0),ISL,A,HICP,CPI,IX,_T,N,_Z,2018,99.86,A,,2015,,2
OECD.SDD.TPS:DSD_PRICES@DF_PRICES_ALL(1.0),ISL,A,HICP,CPI,IX,_T,N,_Z,2019,101.85,A,,2015,,2
OECD.SDD.TPS:DSD_PRICES@DF_PRICES_ALL(1.0),ISL,A,HICP,CPI,IX,_T,N,_Z,2020,103.06,A,,2015,,2
OECD.SDD.TPS:DSD_PRICES@DF_PRICES_ALL(1.0),ISL,A,HICP,CPI,IX,_T,N,_Z,2021,106.84,A,,2015,,2
OECD.SDD.TPS:DSD_PRICES@DF_PRICES_ALL(1.0),ISL,A,HICP,CPI,IX,_T,N,_Z,2022,112.96,A,,2015,,2
OECD.SDD.TPS:DSD_PRICES@DF_PRICES_ALL(1.0),ISL,A,HICP,CPI,IX,_T,N,_Z,2023,121.96,A,,2015,,2
OECD.SDD.TPS:DSD_PRICES@DF_PRICES_ALL(1.0),ISL,A,HICP,CPI,IX,_T,N,_Z,2024,127.47,A,,2015,,2
OECD.SDD.TPS:DSD_PRICES@DF_PRICES_ALL(1.0),ISL,A,HICP,CPI,IX,_T,N,_Z,2025,132.22,A,,2015,,2
OECD.SDD.TPS:DSD_PRICES@DF_PRICES_ALL(1.0),IRL,A,HICP,CPI,IX,_T,N,_Z,2015,100,A,,2015,,2
OECD.SDD.TPS:DSD_PRICES@DF_PRICES_ALL(1.0),IRL,A,HICP,CPI,IX,_T,N,_Z,2016,99.8,A,,2015,,2
OECD.SDD.TPS:DSD_PRICES@DF_PRICES_ALL(1.0),IRL,A,HICP,CPI,IX,_T,N,_Z,2017,100.1,A,,2015,,2
OECD.SDD.TPS:DSD_PRICES@DF_PRICES_ALL(1.0),IRL,A,HICP,CPI,IX,_T,N,_Z,2018,100.8,A,,2015,,2
OECD.SDD.TPS:DSD_PRICES@DF_PRICES_ALL(1.0),IRL,A,HICP,CPI,IX,_T,N,_Z,2019,101.7,A,,2015,,2
OECD.SDD.TPS:DSD_PRICES@DF_PRICES_ALL(1.0),IRL,A,HICP,CPI,IX,_T,N,_Z,2020,101.2,A,,2015,,2
OECD.SDD.TPS:DSD_PRICES@DF_PRICES_ALL(1.0),IRL,A,HICP,CPI,IX,_T,N,_Z,2021,103.6,A,,2015,,2
OECD.SDD.TPS:DSD_PRICES@DF_PRICES_ALL(1.0),IRL,A,HICP,CPI,IX,_T,N,_Z,2022,112,A,,2015,,2
OECD.SDD.TPS:DSD_PRICES@DF_PRICES_ALL(1.0),IRL,A,HICP,CPI,IX,_T,N,_Z,2023,117.8,A,,2015,,2
OECD.SDD.TPS:DSD_PRICES@DF_PRICES_ALL(1.0),IRL,A,HICP,CPI,IX,_T,N,_Z,2024,119.4,A,,2015,,2
OECD.SDD.TPS:DSD_PRICES@DF_PRICES_ALL(1.0),IRL,A,HICP,CPI,IX,_T,N,_Z,2025,121.9,A,,2015,,2
OECD.SDD.TPS:DSD_PRICES@DF_PRICES_ALL(1.0),AUT,A,N,CPI,PC,GD,N,G1,2015,-0.4435144,A,,,,2
OECD.SDD.TPS:DSD_PRICES@DF_PRICES_ALL(1.0),AUT,A,N,CPI,PC,GD,N,G1,2016,-0.1999833,A,,,,2
OECD.SDD.TPS:DSD_PRICES@DF_PRICES_ALL(1.0),AUT,A,N,CPI,PC,GD,N,G1,2017,1.88695,A,,,,2
OECD.SDD.TPS:DSD_PRICES@DF_PRICES_ALL(1.0),AUT,A,N,CPI,PC,GD,N,G1,2018,2.065066,A,,,,2
OECD.SDD.TPS:DSD_PRICES@DF_PRICES_ALL(1.0),AUT,A,N,CPI,PC,GD,N,G1,2019,1.011642,A,,,,2
OECD.SDD.TPS:DSD_PRICES@DF_PRICES_ALL(1.0),AUT,A,N,CPI,PC,GD,N,G1,2020,0.6447023,A,,,,2
OECD.SDD.TPS:DSD_PRICES@DF_PRICES_ALL(1.0),AUT,A,N,CPI,PC,GD,N,G1,2021,3.25779,A,,,,2
OECD.SDD.TPS:DSD_PRICES@DF_PRICES_ALL(1.0),AUT,A,N,CPI,PC,GD,N,G1,2022,12.39409,A,,,,2
OECD.SDD.TPS:DSD_PRICES@DF_PRICES_ALL(1.0),AUT,A,N,CPI,PC,GD,N,G1,2023,7.746428,A,,,,2
OECD.SDD.TPS:DSD_PRICES@DF_PRICES_ALL(1.0),AUT,A,N,CPI,PC,GD,N,G1,2024,0.7529318,A,,,,2
OECD.SDD.TPS:DSD_PRICES@DF_PRICES_ALL(1.0),AUT,A,N,CPI,PC,GD,N,G1,2025,2.605648,A,,,,2
OECD.SDD.TPS:DSD_PRICES@DF_PRICES_ALL(1.0),CAN,A,N,CPI,PC,GD,N,G1,2015,0.2216819,A,,,,2
OECD.SDD.TPS:DSD_PRICES@DF_PRICES_ALL(1.0),CAN,A,N,CPI,PC,GD,N,G1,2016,0.941848,A,,,,2
OECD.SDD.TPS:DSD_PRICES@DF_PRICES_ALL(1.0),CAN,A,N,CPI,PC,GD,N,G1,2017,0.8694423,A,,,,2
OECD.SDD.TPS:DSD_PRICES@DF_PRICES_ALL(1.0),CAN,A,N,CPI,PC,GD,N,G1,2018,1.800981,A,,,,2
OECD.SDD.TPS:DSD_PRICES@DF_PRICES_ALL(1.0),CAN,A,N,CPI,PC,GD,N,G1,2019,1.314793,A,,,,2
OECD.SDD.TPS:DSD_PRICES@DF_PRICES_ALL(1.0),CAN,A,N,CPI,PC,GD,N,G1,2020,-0.1630656,A,,,,2
OECD.SDD.TPS:DSD_PRICES@DF_PRICES_ALL(1.0),CAN,A,N,CPI,PC,GD,N,G1,2021,4.770655,A,,,,2
OECD.SDD.TPS:DSD_PRICES@DF_PRICES_ALL(1.0),CAN,A,N,CPI,PC,GD,N,G1,2022,8.678143,A,,,,2
OECD.SDD.TPS:DSD_PRICES@DF_PRICES_ALL(1.0),CAN,A,N,CPI,PC,GD,N,G1,2023,3.102026,A,,,,2
OECD.SDD.TPS:DSD_PRICES@DF_PRICES_ALL(1.0),CAN,A,N,CPI,PC,GD,N,G1,2024,0.3594203,A,,,,2
OECD.SDD.TPS:DSD_PRICES@DF_PRICES_ALL(1.0),CHL,A,N,CPI,PC,GD,N,G1,2015,3.523065,A,,,,2
OECD.SDD.TPS:DSD_PRICES@DF_PRICES_ALL(1.0),CHL,A,N,CPI,PC,GD,N,G1,2016,2.850254,A,,,,2
OECD.SDD.TPS:DSD_PRICES@DF_PRICES_ALL(1.0),CHL,A,N,CPI,PC,GD,N,G1,2017,1.308772,A,,,,2
OECD.SDD.TPS:DSD_PRICES@DF_PRICES_ALL(1.0),CHL,A,N,CPI,PC,GD,N,G1,2018,1.707228,A,,,,2
OECD.SDD.TPS:DSD_PRICES@DF_PRICES_ALL(1.0),CHL,A,N,CPI,PC,GD,N,G1,2019,1.219339,A,,,,2
OECD.SDD.TPS:DSD_PRICES@DF_PRICES_ALL(1.0),CHL,A,N,CPI,PC,GD,N,G1,2020,3.791809,A,,,,2
OECD.SDD.TPS:DSD_PRICES@DF_PRICES_ALL(1.0),CHL,A,N,CPI,PC,GD,N,G1,2021,5.714354,A,,,,2
OECD.SDD.TPS:DSD_PRICES@DF_PRICES_ALL(1.0),CHL,A,N,CPI,PC,GD,N,G1,2022,14.02209,A,,,,2
OECD.SDD.TPS:DSD_PRICES@DF_PRICES_ALL(1.0),CHL,A,N,CPI,PC,GD,N,G1,2023,7.876187,A,,,,2
OECD.SDD.TPS:DSD_PRICES@DF_PRICES_ALL(1.0),CRI,A,N,CPI,PC,GD,N,G1,2015,-0.567314,A,,,,2
OECD.SDD.TPS:DSD_PRICES@DF_PRICES_ALL(1.0),CRI,A,N,CPI,PC,GD,N,G1,2016,-1.698644,A,,,,2
OECD.SDD.TPS:DSD_PRICES@DF_PRICES_ALL(1.0),CRI,A,N,CPI,PC,GD,N,G1,2017,1.522053,A,,,,2
OECD.SDD.TPS:DSD_PRICES@DF_PRICES_ALL(1.0),CRI,A,N,CPI,PC,GD,N,G1,2018,1.634587,A,,,,2
OECD.SDD.TPS:DSD_PRICES@DF_PRICES_ALL(1.0),CRI,A,N,CPI,PC,GD,N,G1,2019,0.7573506,A,,,,2
OECD.SDD.TPS:DSD_PRICES@DF_PRICES_ALL(1.0),CRI,A,N,CPI,PC,GD,N,G1,2020,-0.5116702,A,,,,2
OECD.SDD.TPS:DSD_PRICES@DF_PRICES_ALL(1.0),CRI,A,N,CPI,PC,GD,N,G1,2021,3.116906,A,,,,2
OECD.SDD.TPS:DSD_PRICES@DF_PRICES_ALL(1.0),CZE,A,N,CPI,PC,GD,N,G1,2015,-0.2908426,A,,,,2
OECD.SDD.TPS:DSD_PRICES@DF_PRICES_ALL(1.0),CZE,A,N,CPI,PC,GD,N,G1,2016,0.1250104,A,,,,2
OECD.SDD.TPS:DSD_PRICES@DF_PRICES_ALL(1.0),CZE,A,N,CPI,PC,GD,N,G1,2017,2.189113,A,,,,2
OECD.SDD.TPS:DSD_PRICES@DF_PRICES_ALL(1.0),CZE,A,N,CPI,PC,GD,N,G1,2018,1.783823,A,,,,2
OECD.SDD.TPS:DSD_PRICES@DF_PRICES_ALL(1.0),CZE,A,N,CPI,PC,GD,N,G1,2019,2.320743,A,,,,2
OECD.SDD.TPS:DSD_PRICES@DF_PRICES_ALL(1.0),CZE,A,N,CPI,PC,GD,N,G1,2020,3.151885,A,,,,2
OECD.SDD.TPS:DSD_PRICES@DF_PRICES_ALL(1.0),CZE,A,N,CPI,PC,GD,N,G1,2021,3.502919,A,,,,2
OECD.SDD.TPS:DSD_PRICES@DF_PRICES_ALL(1.0),CZE,A,N,CPI,PC,GD,N,G1,2022,15.63988,A,,,,2
OECD.SDD.TPS:DSD_PRICES@DF_PRICES_ALL(1.0),CZE,A,N,CPI,PC,GD,N,G1,2023,11.45319,A,,,,2
OECD.SDD.TPS:DSD_PRICES@DF_PRICES_ALL(1.0),CZE,A,N,CPI,PC,GD,N,G1,2024,1.688075,A,,,,2
OECD.SDD.TPS:DSD_PRICES@DF_PRICES_ALL(1.0),CZE,A,N,CPI,PC,GD,N,G1,2025,0.9949136,A,,,,2
OECD.SDD.TPS:DSD_PRICES@DF_PRICES_ALL(1.0),DNK,A,N,CPI,PC,GD,N,G1,2015,-0.7198411,A,,,,2
OECD.SDD.TPS:DSD_PRICES@DF_PRICES_ALL(1.0),DNK,A,N,CPI,PC,GD,N,G1,2016,-1.150096,A,,,,2
OECD.SDD.TPS:DSD_PRICES@DF_PRICES_ALL(1.0),DNK,A,N,CPI,PC,GD,N,G1,2017,0.2192058,A,,,,2
OECD.SDD.TPS:DSD_PRICES@DF_PRICES_ALL(1.0),DNK,A,N,CPI,PC,GD,N,G1,2018,-0.0336502,A,,,,2
OECD.SDD.TPS:DSD_PRICES@DF_PRICES_ALL(1.0),DNK,A,N,CPI,PC,GD,N,G1,2019,0.176723,A,,,,2
OECD.SDD.TPS:DSD_PRICES@DF_PRICES_ALL(1.0),DNK,A,N,CPI,PC,GD,N,G1,2020,-0.3696237,A,,,,2
OECD.SDD.TPS:DSD_PRICES@DF_PRICES_ALL(1.0),DNK,A,N,CPI,PC,GD,N,G1,2021,2.470489,A,,,,2
OECD.SDD.TPS:DSD_PRICES@DF_PRICES_ALL(1.0),DNK,A,N,CPI,PC,GD,N,G1,2022,11.75841,A,,,,2
OECD.SDD.TPS:DSD_PRICES@DF_PRICES_ALL(1.0),DNK,A,N,CPI,PC,GD,N,G1,2023,1.553527,A,,,,2
OECD.SDD.TPS:DSD_PRICES@DF_PRICES_ALL(1.0),DNK,A,N,CPI,PC,GD,N,G1,2024,-0.1087508,A,,,,2
OECD.SDD.TPS:DSD_PRICES@DF_PRICES_ALL(1.0),DNK,A,N,CPI,PC,GD,N,G1,2025,1.037887,A,,,,2
OECD.SDD.TPS:DSD_PRICES@DF_PRICES_ALL(1.0),FIN,A,N,CPI,PC,GD,N,G1,2015,-1.591348,A,,,,2
OECD.SDD.TPS:DSD_PRICES@DF_PRICES_ALL(1.0),FIN,A,N,CPI,PC,GD,N,G1,2016,-1.161734,A,,,,2
OECD.SDD.TPS:DSD_PRICES@DF_PRICES_ALL(1.0),FIN,A,N,CPI,PC,GD,N,G1,2017,0.1762241,A,,,,2
OECD.SDD.TPS:DSD_PRICES@DF_PRICES_ALL(1.0),FIN,A,N,CPI,PC,GD,N,G1,2018,1.031917,A,,,,2
OECD.SDD.TPS:DSD_PRICES@DF_PRICES_ALL(1.0),FIN,A,N,CPI,PC,GD,N,G1,2019,0.5989969,A,,,,2
OECD.SDD.TPS:DSD_PRICES@DF_PRICES_ALL(1.0),FIN,A,N,CPI,PC,GD,N,G1,2020,-0.2037216,A,,,,2
OECD.SDD.TPS:DSD_PRICES@DF_PRICES_ALL(1.0),FIN,A,N,CPI,PC,GD,N,G1,2021,2.084526,A,,,,2
OECD.SDD.TPS:DSD_PRICES@DF_PRICES_ALL(1.0),FIN,A,N,CPI,PC,GD,N,G1,2022,10.10982,A,,,,2
OECD.SDD.TPS:DSD_PRICES@DF_PRICES_ALL(1.0),FIN,A,N,CPI,PC,GD,N,G1,2023,4.536529,A,,,,2
OECD.SDD.TPS:DSD_PRICES@DF_PRICES_ALL(1.0),FIN,A,N,CPI,PC,GD,N,G1,2024,-0.6687806,A,,,,2
OECD.SDD.TPS:DSD_PRICES@DF_PRICES_ALL(1.0),FIN,A,N,CPI,PC,GD,N,G1,2025,0.7500675,A,,,,2
OECD.SDD.TPS:DSD_PRICES@DF_PRICES_ALL(1.0),FRA,A,N,CPI,PC,GD,N,G1,2015,-0.9181584,A,,,,2
OECD.SDD.TPS:DSD_PRICES@DF_PRICES_ALL(1.0),FRA,A,N,CPI,PC,GD,N,G1,2016,-0.4833333,A,,,,2
OECD.SDD.TPS:DSD_PRICES@DF_PRICES_ALL(1.0),FRA,A,N,CPI,PC,GD,N,G1,2017,-0.5593703,A,,,,2
OECD.SDD.TPS:DSD_PRICES@DF_PRICES_ALL(1.0),FRA,A,N,CPI,PC,GD,N,G1,2018,-0.2155753,A,,,,2
OECD.SDD.TPS:DSD_PRICES@DF_PRICES_ALL(1.0),FRA,A,N,CPI,PC,GD,N,G1,2019,-0.5806103,A,,,,2
OECD.SDD.TPS:DSD_PRICES@DF_PRICES_ALL(1.0),FRA,A,N,CPI,PC,GD,N,G1,2021,0.2807531,A,,,,2
OECD.SDD.TPS:DSD_PRICES@DF_PRICES_ALL(1.0),FRA,A,N,CPI,PC,GD,N,G1,2022,3.013464,A,,,,2
OECD.SDD.TPS:DSD_PRICES@DF_PRICES_ALL(1.0),FRA,A,N,CPI,PC,GD,N,G1,2023,3.472159,A,,,,2
OECD.SDD.TPS:DSD_PRICES@DF_PRICES_ALL(1.0),FRA,A,N,CPI,PC,GD,N,G1,2024,-0.01114304,A,,,,2
OECD.SDD.TPS:DSD_PRICES@DF_PRICES_ALL(1.0),FRA,A,N,CPI,PC,GD,N,G1,2025,-0.2547264,A,,,,2
OECD.SDD.TPS:DSD_PRICES@DF_PRICES_ALL(1.0),GRC,A,N,CPI,PC,GD,N,G1,2015,-2.464169,A,,,,2
OECD.SDD.TPS:DSD_PRICES@DF_PRICES_ALL(1.0),GRC,A,N,CPI,PC,GD,N,G1,2016,-1.641644,A,,,,2
OECD.SDD.TPS:DSD_PRICES@DF_PRICES_ALL(1.0),GRC,A,N,CPI,PC,GD,N,G1,2017,1.102143,A,,,,2
OECD.SDD.TPS:DSD_PRICES@DF_PRICES_ALL(1.0),GRC,A,N,CPI,PC,GD,N,G1,2018,0.8694304,A,,,,2
OECD.SDD.TPS:DSD_PRICES@DF_PRICES_ALL(1.0),GRC,A,N,CPI,PC,GD,N,G1,2019,-0.2241769,A,,,,2
OECD.SDD.TPS:DSD_PRICES@DF_PRICES_ALL(1.0),GRC,A,N,CPI,PC,GD,N,G1,2020,-1.728791,A,,,,2
OECD.SDD.TPS:DSD_PRICES@DF_PRICES_ALL(1.0),GRC,A,N,CPI,PC,GD,N,G1,2021,1.921135,A,,,,2
OECD.SDD.TPS:DSD_PRICES@DF_PRICES_ALL(1.0),GRC,A,N,CPI,PC,GD,N,G1,2022,11.71847,A,,,,2
OECD.SDD.TPS:DSD_PRICES@DF_PRICES_ALL(1.0),GRC,A,N,CPI,PC,GD,N,G1,2023,4.887038,A,,,,2
OECD.SDD.TPS:DSD_PRICES@DF_PRICES_ALL(1.0),GRC,A,N,CPI,PC,GD,N,G1,2024,1.743374,A,,,,2
OECD.SDD.TPS:DSD_PRICES@DF_PRICES_ALL(1.0),GRC,A,N,CPI,PC,GD,N,G1,2025,0.6348706,A,,,,2
OECD.SDD.TPS:DSD_PRICES@DF_PRICES_ALL(1.0),HUN,A,N,CPI,PC,GD,N,G1,2015,-1.065345,A,,,,2
OECD.SDD.TPS:DSD_PRICES@DF_PRICES_ALL(1.0),HUN,A,N,CPI,PC,GD,N,G1,2016,-0.2191198,A,,,,2
OECD.SDD.TPS:DSD_PRICES@DF_PRICES_ALL(1.0),HUN,A,N,CPI,PC,GD,N,G1,2017,2.588154,A,,,,2
OECD.SDD.TPS:DSD_PRICES@DF_PRICES_ALL(1.0),HUN,A,N,CPI,PC,GD,N,G1,2018,3.183389,A,,,,2
OECD.SDD.TPS:DSD_PRICES@DF_PRICES_ALL(1.0),HUN,A,N,CPI,PC,GD,N,G1,2019,3.123703,A,,,,2
OECD.SDD.TPS:DSD_PRICES@DF_PRICES_ALL(1.0),HUN,A,N,CPI,PC,GD,N,G1,2020,3.178526,A,,,,2
OECD.SDD.TPS:DSD_PRICES@DF_PRICES_ALL(1.0),HUN,A,N,CPI,PC,GD,N,G1,2021,5.815832,A,,,,2
OECD.SDD.TPS:DSD_PRICES@DF_PRICES_ALL(1.0),HUN,A,N,CPI,PC,GD,N,G1,2022,16.88339,A,,,,2
OECD.SDD.TPS:DSD_PRICES@DF_PRICES_ALL(1.0),HUN,A,N,CPI,PC,GD,N,G1,2023,17.30925,A,,,,2
OECD.SDD.TPS:DSD_PRICES@DF_PRICES_ALL(1.0),HUN,A,N,CPI,PC,GD,N,G1,2024,1.01747,A,,,,2
OECD.SDD.TPS:DSD_PRICES@DF_PRICES_ALL(1.0),HUN,A,N,CPI,PC,GD,N,G1,2025,2.873432,A,,,,2
OECD.SDD.TPS:DSD_PRICES@DF_PRICES_ALL(1.0),IRL,A,N,CPI,PC,GD,N,G1,2015,-3.735632,A,,,,2
OECD.SDD.TPS:DSD_PRICES@DF_PRICES_ALL(1.0),IRL,A,N,CPI,PC,GD,N,G1,2016,-2.932397,A,,,,2
OECD.SDD.TPS:DSD_PRICES@DF_PRICES_ALL(1.0),IRL,A,N,CPI,PC,GD,N,G1,2017,-2.098408,A,,,,2
OECD.SDD.TPS:DSD_PRICES@DF_PRICES_ALL(1.0),IRL,A,N,CPI,PC,GD,N,G1,2018,-0.7021434,A,,,,2
OECD.SDD.TPS:DSD_PRICES@DF_PRICES_ALL(1.0),IRL,A,N,CPI,PC,GD,N,G1,2019,-1.116487,A,,,,2
OECD.SDD.TPS:DSD_PRICES@DF_PRICES_ALL(1.0),IRL,A,N,CPI,PC,GD,N,G1,2020,-2.192322,A,,,,2
OECD.SDD.TPS:DSD_PRICES@DF_PRICES_ALL(1.0),IRL,A,N,CPI,PC,GD,N,G1,2021,1.491102,A,,,,2
OECD.SDD.TPS:DSD_PRICES@DF_PRICES_ALL(1.0),IRL,A,N,CPI,PC,GD,N,G1,2022,8.99526,A,,,,2
OECD.SDD.TPS:DSD_PRICES@DF_PRICES_ALL(1.0),IRL,A,N,CPI,PC,GD,N,G1,2023,3.287242,A,,,,2
OECD.SDD.TPS:DSD_PRICES@DF_PRICES_ALL(1.0),IRL,A,N,CPI,PC,GD,N,G1,2024,0.185232,A,,,,2
OECD.SDD.TPS:DSD_PRICES@DF_PRICES_ALL(1.0),IRL,A,N,CPI,PC,GD,N,G1,2025,1.092529,A,,,,2
OECD.SDD.TPS:DSD_PRICES@DF_PRICES_ALL(1.0),ISR,A,N,CPI,PC,GD,N,G1,2015,-1.444712,A,,,,2
OECD.SDD.TPS:DSD_PRICES@DF_PRICES_ALL(1.0),ISR,A,N,CPI,PC,GD,N,G1,2016,-0.9678632,A,,,,2
OECD.SDD.TPS:DSD_PRICES@DF_PRICES_ALL(1.0),ISR,A,N,CPI,PC,GD,N,G1,2017,0.284657,A,,,,2
OECD.SDD.TPS:DSD_PRICES@DF_PRICES_ALL(1.0),ISR,A,N,CPI,PC,GD,N,G1,2018,0.46362,A,,,,2
OECD.SDD.TPS:DSD_PRICES@DF_PRICES_ALL(1.0),ISR,A,N,CPI,PC,GD,N,G1,2019,0.8381993,A,,,,2
OECD.SDD.TPS:DSD_PRICES@DF_PRICES_ALL(1.0),ISR,A,N,CPI,PC,GD,N,G1,2020,-0.6724573,A,,,,2
OECD.SDD.TPS:DSD_PRICES@DF_PRICES_ALL(1.0),ISR,A,N,CPI,PC,GD,N,G1,2021,1.598495,A,,,,2
OECD.SDD.TPS:DSD_PRICES@DF_PRICES_ALL(1.0),ISR,A,N,CPI,PC,GD,N,G1,2022,4.386858,A,,,,2
OECD.SDD.TPS:DSD_PRICES@DF_PRICES_ALL(1.0),ISR,A,N,CPI,PC,GD,N,G1,2023,3.298165,A,,,,2
OECD.SDD.TPS:DSD_PRICES@DF_PRICES_ALL(1.0),ISR,A,N,CPI,PC,GD,N,G1,2024,2.995451,A,,,,2
OECD.SDD.TPS:DSD_PRICES@DF_PRICES_ALL(1.0),ISR,A,N,CPI,PC,GD,N,G1,2025,2.361334,A,,,,2
OECD.SDD.TPS:DSD_PRICES@DF_PRICES_ALL(1.0),AUT,A,N,CPI,PC,SERV,N,G1,2015,2.494765,A,,,,2
OECD.SDD.TPS:DSD_PRICES@DF_PRICES_ALL(1.0),AUT,A,N,CPI,PC,SERV,N,G1,2016,2.174819,A,,,,2
OECD.SDD.TPS:DSD_PRICES@DF_PRICES_ALL(1.0),AUT,A,N,CPI,PC,SERV,N,G1,2017,2.242701,A,,,,2
OECD.SDD.TPS:DSD_PRICES@DF_PRICES_ALL(1.0),AUT,A,N,CPI,PC,SERV,N,G1,2018,1.994097,A,,,,2
OECD.SDD.TPS:DSD_PRICES@DF_PRICES_ALL(1.0),AUT,A,N,CPI,PC,SERV,N,G1,2019,2.041136,A,,,,2
OECD.SDD.TPS:DSD_PRICES@DF_PRICES_ALL(1.0),AUT,A,N,CPI,PC,SERV,N,G1,2020,2.385121,A,,,,2
OECD.SDD.TPS:DSD_PRICES@DF_PRICES_ALL(1.0),AUT,A,N,CPI,PC,SERV,N,G1,2021,2.241853,A,,,,2
OECD.SDD.TPS:DSD_PRICES@DF_PRICES_ALL(1.0),AUT,A,N,CPI,PC,SERV,N,G1,2022,4.523965,A,,,,2
OECD.SDD.TPS:DSD_PRICES@DF_PRICES_ALL(1.0),AUT,A,N,CPI,PC,SERV,N,G1,2023,7.907666,A,,,,2
OECD.SDD.TPS:DSD_PRICES@DF_PRICES_ALL(1.0),AUT,A,N,CPI,PC,SERV,N,G1,2024,5.282937,A,,,,2
OECD.SDD.TPS:DSD_PRICES@DF_PRICES_ALL(1.0),BEL,A,N,CPI,PC,SERV,N,G1,2015,2.238812,A,,,,2
OECD.SDD.TPS:DSD_PRICES@DF_PRICES_ALL(1.0),BEL,A,N,CPI,PC,SERV,N,G1,2016,2.67818,A,,,,2
OECD.SDD.TPS:DSD_PRICES@DF_PRICES_ALL(1.0),BEL,A,N,CPI,PC,SERV,N,G1,2017,2.020751,A,,,,2
OECD.SDD.TPS:DSD_PRICES@DF_PRICES_ALL(1.0),BEL,A,N,CPI,PC,SERV,N,G1,2018,1.727803,A,,,,2
OECD.SDD.TPS:DSD_PRICES@DF_PRICES_ALL(1.0),BEL,A,N,CPI,PC,SERV,N,G1,2019,2.164259,A,,,,2
OECD.SDD.TPS:DSD_PRICES@DF_PRICES_ALL(1.0),BEL,A,N,CPI,PC,SERV,N,G1,2020,1.49315,A,,,,2
OECD.SDD.TPS:DSD_PRICES@DF_PRICES_ALL(1.0),BEL,A,N,CPI,PC,SERV,N,G1,2021,1.832298,A,,,,2
OECD.SDD.TPS:DSD_PRICES@DF_PRICES_ALL(1.0),BEL,A,N,CPI,PC,SERV,N,G1,2023,7.054454,A,,,,2
OECD.SDD.TPS:DSD_PRICES@DF_PRICES_ALL(1.0),BEL,A,N,CPI,PC,SERV,N,G1,2024,4.340724,A,,,,2
OECD.SDD.TPS:DSD_PRICES@DF_PRICES_ALL(1.0),BEL,A,N,CPI,PC,SERV,N,G1,2025,3.868885,A,,,,2
OECD.SDD.TPS:DSD_PRICES@DF_PRICES_ALL(1.0),CAN,A,N,CPI,PC,SERV,N,G1,2015,1.96897,A,,,,2
OECD.SDD.TPS:DSD_PRICES@DF_PRICES_ALL(1.0),CAN,A,N,CPI,PC,SERV,N,G1,2016,1.851512,A,,,,2
OECD.SDD.TPS:DSD_PRICES@DF_PRICES_ALL(1.0),CAN,A,N,CPI,PC,SERV,N,G1,2018,2.646714,A,,,,2
OECD.SDD.TPS:DSD_PRICES@DF_PRICES_ALL(1.0),CAN,A,N,CPI,PC,SERV,N,G1,2019,2.361214,A,,,,2
OECD.SDD.TPS:DSD_PRICES@DF_PRICES_ALL(1.0),CAN,A,N,CPI,PC,SERV,N,G1,2021,2.301635,A,,,,2
OECD.SDD.TPS:DSD_PRICES@DF_PRICES_ALL(1.0),CAN,A,N,CPI,PC,SERV,N,G1,2022,5.011034,A,,,,2
OECD.SDD.TPS:DSD_PRICES@DF_PRICES_ALL(1.0),CAN,A,N,CPI,PC,SERV,N,G1,2023,4.597642,A,,,,2
OECD.SDD.TPS:DSD_PRICES@DF_PRICES_ALL(1.0),CAN,A,N,CPI,PC,SERV,N,G1,2024,4.140736,A,,,,2
OECD.SDD.TPS:DSD_PRICES@DF_PRICES_ALL(1.0),CHL,A,N,CPI,PC,SERV,N,G1,2015,5.24458,A,,,,2
OECD.SDD.TPS:DSD_PRICES@DF_PRICES_ALL(1.0),CHL,A,N,CPI,PC,SERV,N,G1,2016,4.784237,A,,,,2
OECD.SDD.TPS:DSD_PRICES@DF_PRICES_ALL(1.0),CHL,A,N,CPI,PC,SERV,N,G1,2018,3.18332,A,,,,2
OECD.SDD.TPS:DSD_PRICES@DF_PRICES_ALL(1.0),CHL,A,N,CPI,PC,SERV,N,G1,2019,3.92239,A,,,,2
OECD.SDD.TPS:DSD_PRICES@DF_PRICES_ALL(1.0),CHL,A,N,CPI,PC,SERV,N,G1,2020,2.297673,A,,,,2
OECD.SDD.TPS:DSD_PRICES@DF_PRICES_ALL(1.0),CHL,A,N,CPI,PC,SERV,N,G1,2021,3.309577,A,,,,2
OECD.SDD.TPS:DSD_PRICES@DF_PRICES_ALL(1.0),CHL,A,N,CPI,PC,SERV,N,G1,2022,9.161948,A,,,,2
OECD.SDD.TPS:DSD_PRICES@DF_PRICES_ALL(1.0),COL,A,N,CPI,PC,SERV,N,G1,2015,4.146152,A,,,,2
OECD.SDD.TPS:DSD_PRICES@DF_PRICES_ALL(1.0),COL,A,N,CPI,PC,SERV,N,G1,2016,5.398659,A,,,,2
OECD.SDD.TPS:DSD_PRICES@DF_PRICES_ALL(1.0),COL,A,N,CPI,PC,SERV,N,G1,2017,5.602562,A,,,,2
OECD.SDD.TPS:DSD_PRICES@DF_PRICES_ALL(1.0),COL,A,N,CPI,PC,SERV,N,G1,2019,3.531219,A,,,,2
OECD.SDD.TPS:DSD_PRICES@DF_PRICES_ALL(1.0),COL,A,N,CPI,PC,SERV,N,G1,2020,2.584551,A,,,,2
OECD.SDD.TPS:DSD_PRICES@DF_PRICES_ALL(1.0),COL,A,N,CPI,PC,SERV,N,G1,2021,1.814475,A,,,,2
OECD.SDD.TPS:DSD_PRICES@DF_PRICES_ALL(1.0),COL,A,N,CPI,PC,SERV,N,G1,2022,5.34893,A,,,,2
OECD.SDD.TPS:DSD_PRICES@DF_PRICES_ALL(1.0),COL,A,N,CPI,PC,SERV,N,G1,2023,9.236786,A,,,,2
OECD.SDD.TPS:DSD_PRICES@DF_PRICES_ALL(1.0),COL,A,N,CPI,PC,SERV,N,G1,2024,8.09176,A,,,,2
OECD.SDD.TPS:DSD_PRICES@DF_PRICES_ALL(1.0),COL,A,N,CPI,PC,SERV,N,G1,2025,6.631387,A,,,,2
OECD.SDD.TPS:DSD_PRICES@DF_PRICES_ALL(1.0),CRI,A,N,CPI,PC,SERV,N,G1,2015,2.090351,A,,,,2
OECD.SDD.TPS:DSD_PRICES@DF_PRICES_ALL(1.0),CRI,A,N,CPI,PC,SERV,N,G1,2016,1.919496,A,,,,2
OECD.SDD.TPS:DSD_PRICES@DF_PRICES_ALL(1.0),CRI,A,N,CPI,PC,SERV,N,G1,2017,1.738508,A,,,,2
OECD.SDD.TPS:DSD_PRICES@DF_PRICES_ALL(1.0),CRI,A,N,CPI,PC,SERV,N,G1,2019,3.532746,A,,,,2
OECD.SDD.TPS:DSD_PRICES@DF_PRICES_ALL(1.0),CRI,A,N,CPI,PC,SERV,N,G1,2020,2.016023,A,,,,2
OECD.SDD.TPS:DSD_PRICES@DF_PRICES_ALL(1.0),CRI,A,N,CPI,PC,SERV,N,G1,2021,0.1789882,A,,,,2
OECD.SDD.TPS:DSD_PRICES@DF_PRICES_ALL(1.0),CZE,A,N,CPI,PC,SERV,N,G1,2016,1.466545,A,,,,2
OECD.SDD.TPS:DSD_PRICES@DF_PRICES_ALL(1.0),CZE,A,N,CPI,PC,SERV,N,G1,2017,2.931756,A,,,,2
OECD.SDD.TPS:DSD_PRICES@DF_PRICES_ALL(1.0),CZE,A,N,CPI,PC,SERV,N,G1,2018,3.247168,A,,,,2
OECD.SDD.TPS:DSD_PRICES@DF_PRICES_ALL(1.0),CZE,A,N,CPI,PC,SERV,N,G1,2020,3.37873,A,,,,2
OECD.SDD.TPS:DSD_PRICES@DF_PRICES_ALL(1.0),CZE,A,N,CPI,PC,SERV,N,G1,2022,13.55279,A,,,,2
OECD.SDD.TPS:DSD_PRICES@DF_PRICES_ALL(1.0),CZE,A,N,CPI,PC,SERV,N,G1,2023,8.247923,A,,,,2
OECD.SDD.TPS:DSD_PRICES@DF_PRICES_ALL(1.0),CZE,A,N,CPI,PC,SERV,N,G1,2024,5.781837,A,,,,2
OECD.SDD.TPS:DSD_PRICES@DF_PRICES_ALL(1.0),CZE,A,N,CPI,PC,SERV,N,G1,2025,4.846142,A,,,,2
OECD.SDD.TPS:DSD_PRICES@DF_PRICES_ALL(1.0),DNK,A,N,CPI,PC,SERV,N,G1,2016,1.608333,A,,,,2
OECD.SDD.TPS:DSD_PRICES@DF_PRICES_ALL(1.0),DNK,A,N,CPI,PC,SERV,N,G1,2017,1.95194,A,,,,2
OECD.SDD.TPS:DSD_PRICES@DF_PRICES_ALL(1.0),DNK,A,N,CPI,PC,SERV,N,G1,2018,1.600837,A,,,,2
OECD.SDD.TPS:DSD_PRICES@DF_PRICES_ALL(1.0),DNK,A,N,CPI,PC,SERV,N,G1,2019,1.258907,A,,,,2
OECD.SDD.TPS:DSD_PRICES@DF_PRICES_ALL(1.0),DNK,A,N,CPI,PC,SERV,N,G1,2020,1.10251,A,,,,2
OECD.SDD.TPS:DSD_PRICES@DF_PRICES_ALL(1.0),DNK,A,N,CPI,PC,SERV,N,G1,2021,1.29157,A,,,,2
OECD.SDD.TPS:DSD_PRICES@DF_PRICES_ALL(1.0),DNK,A,N,CPI,PC,SERV,N,G1,2022,3.351913,A,,,,2
OECD.SDD.TPS:DSD_PRICES@DF_PRICES_ALL(1.0),DNK,A,N,CPI,PC,SERV,N,G1,2023,4.853724,A,,,,2
OECD.SDD.TPS:DSD_PRICES@DF_PRICES_ALL(1.0),DNK,A,N,CPI,PC,SERV,N,G1,2024,2.790108,A,,,,2
OECD.SDD.TPS:DSD_PRICES@DF_PRICES_ALL(1.0),DNK,A,N,CPI,PC,SERV,N,G1,2025,2.69381,A,,,,2
OECD.SDD.TPS:DSD_PRICES@DF_PRICES_ALL(1.0),EST,A,N,CPI,PC,SERV,N,G1,2016,1.531409,A,,,,2
OECD.SDD.TPS:DSD_PRICES@DF_PRICES_ALL(1.0),EST,A,N,CPI,PC,SERV,N,G1,2017,3.085099,A,,,,2
OECD.SDD.TPS:DSD_PRICES@DF_PRICES_ALL(1.0),EST,A,N,CPI,PC,SERV,N,G1,2018,3.093105,A,,,,2
OECD.SDD.TPS:DSD_PRICES@DF_PRICES_ALL(1.0),EST,A,N,CPI,PC,SERV,N,G1,2019,3.950062,A,,,,2
OECD.SDD.TPS:DSD_PRICES@DF_PRICES_ALL(1.0),EST,A,N,CPI,PC,SERV,N,G1,2020,0.797443,A,,,,2
OECD.SDD.TPS:DSD_PRICES@DF_PRICES_ALL(1.0),EST,A,N,CPI,PC,SERV,N,G1,2022,10.18588,A,,,,2
OECD.SDD.TPS:DSD_PRICES@DF_PRICES_ALL(1.0),EST,A,N,CPI,PC,SERV,N,G1,2023,8.10003,A,,,,2
OECD.SDD.TPS:DSD_PRICES@DF_PRICES_ALL(1.0),EST,A,N,CPI,PC,SERV,N,G1,2024,7.286393,A,,,,2
OECD.SDD.TPS:DSD_PRICES@DF_PRICES_ALL(1.0),EST,A,N,CPI,PC,SERV,N,G1,2025,10.58852,A,,,,2
OECD.SDD.TPS:DSD_PRICES@DF_PRICES_ALL(1.0),FIN,A,N,CPI,PC,SERV,N,G1,2015,1.380538,A,,,,2
OECD.SDD.TPS:DSD_PRICES@DF_PRICES_ALL(1.0),FIN,A,N,CPI,PC,SERV,N,G1,2016,1.916762,A,,,,2
OECD.SDD.TPS:DSD_PRICES@DF_PRICES_ALL(1.0),FIN,A,N,CPI,PC,SERV,N,G1,2017,1.292786,A,,,,2
OECD.SDD.TPS:DSD_PRICES@DF_PRICES_ALL(1.0),FIN,A,N,CPI,PC,SERV,N,G1,2018,1.126135,A,,,,2
OECD.SDD.TPS:DSD_PRICES@DF_PRICES_ALL(1.0),FIN,A,N,CPI,PC,SERV,N,G1,2019,1.420931,A,,,,2
OECD.SDD.TPS:DSD_PRICES@DF_PRICES_ALL(1.0),FIN,A,N,CPI,PC,SERV,N,G1,2020,0.7516726,A,,,,2
OECD.SDD.TPS:DSD_PRICES@DF_PRICES_ALL(1.0),FIN,A,N,CPI,PC,SERV,N,G1,2021,2.233506,A,,,,2
OECD.SDD.TPS:DSD_PRICES@DF_PRICES_ALL(1.0),FIN,A,N,CPI,PC,SERV,N,G1,2022,4.012563,A,,,,2
OECD.SDD.TPS:DSD_PRICES@DF_PRICES_ALL(1.0),FIN,A,N,CPI,PC,SERV,N,G1,2023,7.900672,A,,,,2
OECD.SDD.TPS:DSD_PRICES@DF_PRICES_ALL(1.0),FIN,A,N,CPI,PC,SERV,N,G1,2024,3.659043,A,,,,2
OECD.SDD.TPS:DSD_PRICES@DF_PRICES_ALL(1.0),FIN,A,N,CPI,PC,SERV,N,G1,2025,-0.02430325,A,,,,2
OECD.SDD.TPS:DSD_PRICES@DF_PRICES_ALL(1.0),FRA,A,N,CPI,PC,SERV,N,G1,2015,1.249599,A,,,,2
OECD.SDD.TPS:DSD_PRICES@DF_PRICES_ALL(1.0),FRA,A,N,CPI,PC,SERV,N,G1,2016,0.9483413,A,,,,2
OECD.SDD.TPS:DSD_PRICES@DF_PRICES_ALL(1.0),FRA,A,N,CPI,PC,SERV,N,G1,2017,1.011252,A,,,,2
OECD.SDD.TPS:DSD_PRICES@DF_PRICES_ALL(1.0),FRA,A,N,CPI,PC,SERV,N,G1,2018,1.222602,A,,,,2
OECD.SDD.TPS:DSD_PRICES@DF_PRICES_ALL(1.0),FRA,A,N,CPI,PC,SERV,N,G1,2019,1.037478,A,,,,2
OECD.SDD.TPS:DSD_PRICES@DF_PRICES_ALL(1.0),FRA,A,N,CPI,PC,SERV,N,G1,2021,1.157099,A,,,,2
OECD.SDD.TPS:DSD_PRICES@DF_PRICES_ALL(1.0),FRA,A,N,CPI,PC,SERV,N,G1,2022,2.994715,A,,,,2
OECD.SDD.TPS:DSD_PRICES@DF_PRICES_ALL(1.0),FRA,A,N,CPI,PC,SERV,N,G1,2023,2.985177,A,,,,2
OECD.SDD.TPS:DSD_PRICES@DF_PRICES_ALL(1.0),FRA,A,N,CPI,PC,SERV,N,G1,2024,2.744377,A,,,,2
OECD.SDD.TPS:DSD_PRICES@DF_PRICES_ALL(1.0),FRA,A,N,CPI,PC,SERV,N,G1,2025,2.302525,A,,,,2
OECD.SDD.TPS:DSD_PRICES@DF_PRICES_ALL(1.0),GRC,A,N,CPI,PC,SERV,N,G1,2015,-0.6930677,A,,,,2
OECD.SDD.TPS:DSD_PRICES@DF_PRICES_ALL(1.0),GRC,A,N,CPI,PC,SERV,N,G1,2016,0.2606392,A,,,,2
OECD.SDD.TPS:DSD_PRICES@DF_PRICES_ALL(1.0),GRC,A,N,CPI,PC,SERV,N,G1,2018,0.3391876,A,,,,2
OECD.SDD.TPS:DSD_PRICES@DF_PRICES_ALL(1.0),GRC,A,N,CPI,PC,SERV,N,G1,2019,0.8867397,A,,,,2
OECD.SDD.TPS:DSD_PRICES@DF_PRICES_ALL(1.0),GRC,A,N,CPI,PC,SERV,N,G1,2020,-0.6463953,A,,,,2
OECD.SDD.TPS:DSD_PRICES@DF_PRICES_ALL(1.0),GRC,A,N,CPI,PC,SERV,N,G1,2021,0.3178482,A,,,,2
OECD.SDD.TPS:DSD_PRICES@DF_PRICES_ALL(1.0),GRC,A,N,CPI,PC,SERV,N,G1,2022,6.643461,A,,,,2
OECD.SDD.TPS:DSD_PRICES@DF_PRICES_ALL(1.0),GRC,A,N,CPI,PC,SERV,N,G1,2023,1.285576,A,,,,2
OECD.SDD.TPS:DSD_PRICES@DF_PRICES_ALL(1.0),GRC,A,N,CPI,PC,SERV,N,G1,2024,4.078945,A,,,,2
OECD.SDD.TPS:DSD_PRICES@DF_PRICES_ALL(1.0),GRC,A,N,CPI,PC,SERV,N,G1,2025,4.895321,A,,,,2
OECD.SDD.TPS:DSD_PRICES@DF_PRICES_ALL(1.0),HUN,A,N,CPI,PC,SERV,N,G1,2015,2.038699,A,,,,2
OECD.SDD.TPS:DSD_PRICES@DF_PRICES_ALL(1.0),HUN,A,N,CPI,PC,SERV,N,G1,2016,1.692887,A,,,,2
OECD.SDD.TPS:DSD_PRICES@DF_PRICES_ALL(1.0),HUN,A,N,CPI,PC,SERV,N,G1,2018,2.122353,A,,,,2
OECD.SDD.TPS:DSD_PRICES@DF_PRICES_ALL(1.0),HUN,A,N,CPI,PC,SERV,N,G1,2019,3.810493,A,,,,2
OECD.SDD.TPS:DSD_PRICES@DF_PRICES_ALL(1.0),HUN,A,N,CPI,PC,SERV,N,G1,2020,3.632502,A,,,,2
OECD.SDD.TPS:DSD_PRICES@DF_PRICES_ALL(1.0),HUN,A,N,CPI,PC,SERV,N,G1,2021,3.568238,A,,,,2
OECD.SDD.TPS:DSD_PRICES@DF_PRICES_ALL(1.0),HUN,A,N,CPI,PC,SERV,N,G1,2022,9.569717,A,,,,2
OECD.SDD.TPS:DSD_PRICES@DF_PRICES_ALL(1.0),HUN,A,N,CPI,PC,SERV,N,G1,2023,15.73122,A,,,,2
OECD.SDD.TPS:DSD_PRICES@DF_PRICES_ALL(1.0),HUN,A,N,CPI,PC,SERV,N,G1,2025,7.229004,A,,,,2
OECD.SDD.TPS:DSD_PRICES@DF_PRICES_ALL(1.0),IRL,A,N,CPI,PC,SERV,N,G1,2016,2.160425,A,,,,2
OECD.SDD.TPS:DSD_PRICES@DF_PRICES_ALL(1.0),IRL,A,N,CPI,PC,SERV,N,G1,2017,2.179807,A,,,,2
OECD.SDD.TPS:DSD_PRICES@DF_PRICES_ALL(1.0),IRL,A,N,CPI,PC,SERV,N,G1,2018,1.316069,A,,,,2
OECD.SDD.TPS:DSD_PRICES@DF_PRICES_ALL(1.0),IRL,A,N,CPI,PC,SERV,N,G1,2019,2.482715,A,,,,2
OECD.SDD.TPS:DSD_PRICES@DF_PRICES_ALL(1.0),IRL,A,N,CPI,PC,SERV,N,G1,2020,0.9710723,A,,,,2
OECD.SDD.TPS:DSD_PRICES@DF_PRICES_ALL(1.0),IRL,A,N,CPI,PC,SERV,N,G1,2021,2.753594,A,,,,2
OECD.SDD.TPS:DSD_PRICES@DF_PRICES_ALL(1.0),IRL,A,N,CPI,PC,SERV,N,G1,2022,6.896552,A,,,,2
OECD.SDD.TPS:DSD_PRICES@DF_PRICES_ALL(1.0),IRL,A,N,CPI,PC,SERV,N,G1,2023,8.672812,A,,,,2
OECD.SDD.TPS:DSD_PRICES@DF_PRICES_ALL(1.0),IRL,A,N,CPI,PC,SERV,N,G1,2024,3.468747,A,,,,2
OECD.SDD.TPS:DSD_PRICES@DF_PRICES_ALL(1.0),IRL,A,N,CPI,PC,SERV,N,G1,2025,2.926229,A,,,,2
OECD.SDD.TPS:DSD_PRICES@DF_PRICES_ALL(1.0),ISR,A,N,CPI,PC,SERV,N,G1,2015,0.3025276,A,,,,2
OECD.SDD.TPS:DSD_PRICES@DF_PRICES_ALL(1.0),ISR,A,N,CPI,PC,SERV,N,G1,2016,0.06810664,A,,,,2
OECD.SDD.TPS:DSD_PRICES@DF_PRICES_ALL(1.0),ISR,A,N,CPI,PC,SERV,N,G1,2017,0.05833738,A,,,,2
OECD.SDD.TPS:DSD_PRICES@DF_PRICES_ALL(1.0),ISR,A,N,CPI,PC,SERV,N,G1,2018,1.15635,A,,,,2
OECD.SDD.TPS:DSD_PRICES@DF_PRICES_ALL(1.0),ISR,A,N,CPI,PC,SERV,N,G1,2019,0.8261287,A,,,,2
OECD.SDD.TPS:DSD_PRICES@DF_PRICES_ALL(1.0),ISR,A,N,CPI,PC,SERV,N,G1,2021,1.253948,A,,,,2
OECD.SDD.TPS:DSD_PRICES@DF_PRICES_ALL(1.0),ISR,A,N,CPI,PC,SERV,N,G1,2022,4.367555,A,,,,2
OECD.SDD.TPS:DSD_PRICES@DF_PRICES_ALL(1.0),ISR,A,N,CPI,PC,SERV,N,G1,2024,3.163142,A,,,,2
OECD.SDD.TPS:DSD_PRICES@DF_PRICES_ALL(1.0),ISR,A,N,CPI,PC,SERV,N,G1,2025,3.877457,A,,,,2
OECD.SDD.TPS:DSD_PRICES@DF_PRICES_ALL(1.0),AUT,A,N,CPI,PA,SERV,N,GY,2015,2.494765,A,,,,2
OECD.SDD.TPS:DSD_PRICES@DF_PRICES_ALL(1.0),AUT,A,N,CPI,PA,SERV,N,GY,2016,2.174819,A,,,,2
OECD.SDD.TPS:DSD_PRICES@DF_PRICES_ALL(1.0),AUT,A,N,CPI,PA,SERV,N,GY,2017,2.242701,A,,,,2
OECD.SDD.TPS:DSD_PRICES@DF_PRICES_ALL(1.0),AUT,A,N,CPI,PA,SERV,N,GY,2018,1.994097,A,,,,2
OECD.SDD.TPS:DSD_PRICES@DF_PRICES_ALL(1.0),AUT,A,N,CPI,PA,SERV,N,GY,2019,2.041136,A,,,,2
OECD.SDD.TPS:DSD_PRICES@DF_PRICES_ALL(1.0),AUT,A,N,CPI,PA,SERV,N,GY,2020,2.385121,A,,,,2
OECD.SDD.TPS:DSD_PRICES@DF_PRICES_ALL(1.0),AUT,A,N,CPI,PA,SERV,N,GY,2021,2.241853,A,,,,2
OECD.SDD.TPS:DSD_PRICES@DF_PRICES_ALL(1.0),AUT,A,N,CPI,PA,SERV,N,GY,2022,4.523965,A,,,,2
OECD.SDD.TPS:DSD_PRICES@DF_PRICES_ALL(1.0),AUT,A,N,CPI,PA,SERV,N,GY,2024,5.282937,A,,,,2
OECD.SDD.TPS:DSD_PRICES@DF_PRICES_ALL(1.0),AUT,A,N,CPI,PA,SERV,N,GY,2025,4.509885,A,,,,2
OECD.SDD.TPS:DSD_PRICES@DF_PRICES_ALL(1.0),BEL,A,N,CPI,PA,SERV,N,GY,2015,2.238812,A,,,,2
OECD.SDD.TPS:DSD_PRICES@DF_PRICES_ALL(1.0),BEL,A,N,CPI,PA,SERV,N,GY,2016,2.67818,A,,,,2
OECD.SDD.TPS:DSD_PRICES@DF_PRICES_ALL(1.0),BEL,A,N,CPI,PA,SERV,N,GY,2017,2.020751,A,,,,2
OECD.SDD.TPS:DSD_PRICES@DF_PRICES_ALL(1.0),BEL,A,N,CPI,PA,SERV,N,GY,2018,1.727803,A,,,,2
OECD.SDD.TPS:DSD_PRICES@DF_PRICES_ALL(1.0),BEL,A,N,CPI,PA,SERV,N,GY,2019,2.164259,A,,,,2
OECD.SDD.TPS:DSD_PRICES@DF_PRICES_ALL(1.0),BEL,A,N,CPI,PA,SERV,N,GY,2020,1.49315,A,,,,2
OECD.SDD.TPS:DSD_PRICES@DF_PRICES_ALL(1.0),BEL,A,N,CPI,PA,SERV,N,GY,2021,1.832298,A,,,,2
OECD.SDD.TPS:DSD_PRICES@DF_PRICES_ALL(1.0),BEL,A,N,CPI,PA,SERV,N,GY,2022,4.639106,A,,,,2
OECD.SDD.TPS:DSD_PRICES@DF_PRICES_ALL(1.0),BEL,A,N,CPI,PA,SERV,N,GY,2023,7.054454,A,,,,2
OECD.SDD.TPS:DSD_PRICES@DF_PRICES_ALL(1.0),BEL,A,N,CPI,PA,SERV,N,GY,2024,4.340724,A,,,,2
OECD.SDD.TPS:DSD_PRICES@DF_PRICES_ALL(1.0),BEL,A,N,CPI,PA,SERV,N,GY,2025,3.868885,A,,,,2
OECD.SDD.TPS:DSD_PRICES@DF_PRICES_ALL(1.0),CAN,A,N,CPI,PA,SERV,N,GY,2015,1.96897,A,,,,2
OECD.SDD.TPS:DSD_PRICES@DF_PRICES_ALL(1.0),CAN,A,N,CPI,PA,SERV,N,GY,2016,1.851512,A,,,,2
OECD.SDD.TPS:DSD_PRICES@DF_PRICES_ALL(1.0),CAN,A,N,CPI,PA,SERV,N,GY,2017,2.231822,A,,,,2
OECD.SDD.TPS:DSD_PRICES@DF_PRICES_ALL(1.0),CAN,A,N,CPI,PA,SERV,N,GY,2018,2.646714,A,,,,2
OECD.SDD.TPS:DSD_PRICES@DF_PRICES_ALL(1.0),CAN,A,N,CPI,PA,SERV,N,GY,2019,2.361214,A,,,,2
OECD.SDD.TPS:DSD_PRICES@DF_PRICES_ALL(1.0),CAN,A,N,CPI,PA,SERV,N,GY,2020,1.435433,A,,,,2
OECD.SDD.TPS:DSD_PRICES@DF_PRICES_ALL(1.0),CAN,A,N,CPI,PA,SERV,N,GY,2021,2.301635,A,,,,2
OECD.SDD.TPS:DSD_PRICES@DF_PRICES_ALL(1.0),CAN,A,N,CPI,PA,SERV,N,GY,2022,5.011034,A,,,,2
OECD.SDD.TPS:DSD_PRICES@DF_PRICES_ALL(1.0),CAN,A,N,CPI,PA,SERV,N,GY,2023,4.597642,A,,,,2
OECD.SDD.TPS:DSD_PRICES@DF_PRICES_ALL(1.0),CAN,A,N,CPI,PA,SERV,N,GY,2024,4.140736,A,,,,2
OECD.SDD.TPS:DSD_PRICES@DF_PRICES_ALL(1.0),CHL,A,N,CPI,PA,SERV,N,GY,2015,5.24458,A,,,,2
OECD.SDD.TPS:DSD_PRICES@DF_PRICES_ALL(1.0),CHL,A,N,CPI,PA,SERV,N,GY,2016,4.784237,A,,,,2
OECD.SDD.TPS:DSD_PRICES@DF_PRICES_ALL(1.0),CHL,A,N,CPI,PA,SERV,N,GY,2019,3.92239,A,,,,2
OECD.SDD.TPS:DSD_PRICES@DF_PRICES_ALL(1.0),CHL,A,N,CPI,PA,SERV,N,GY,2022,9.161948,A,,,,2
OECD.SDD.TPS:DSD_PRICES@DF_PRICES_ALL(1.0),COL,A,N,CPI,PA,SERV,N,GY,2015,4.146152,A,,,,2
OECD.SDD.TPS:DSD_PRICES@DF_PRICES_ALL(1.0),COL,A,N,CPI,PA,SERV,N,GY,2016,5.398659,A,,,,2
OECD.SDD.TPS:DSD_PRICES@DF_PRICES_ALL(1.0),COL,A,N,CPI,PA,SERV,N,GY,2017,5.602562,A,,,,2
OECD.SDD.TPS:DSD_PRICES@DF_PRICES_ALL(1.0),COL,A,N,CPI,PA,SERV,N,GY,2018,4.292023,A,,,,2
OECD.SDD.TPS:DSD_PRICES@DF_PRICES_ALL(1.0),COL,A,N,CPI,PA,SERV,N,GY,2019,3.531219,A,,,,2
OECD.SDD.TPS:DSD_PRICES@DF_PRICES_ALL(1.0),COL,A,N,CPI,PA,SERV,N,GY,2020,2.584551,A,,,,2
OECD.SDD.TPS:DSD_PRICES@DF_PRICES_ALL(1.0),COL,A,N,CPI,PA,SERV,N,GY,2021,1.814475,A,,,,2
OECD.SDD.TPS:DSD_PRICES@DF_PRICES_ALL(1.0),COL,A,N,CPI,PA,SERV,N,GY,2022,5.34893,A,,,,2
OECD.SDD.TPS:DSD_PRICES@DF_PRICES_ALL(1.0),COL,A,N,CPI,PA,SERV,N,GY,2023,9.236786,A,,,,2
OECD.SDD.TPS:DSD_PRICES@DF_PRICES_ALL(1.0),COL,A,N,CPI,PA,SERV,N,GY,2024,8.09176,A,,,,2
OECD.SDD.TPS:DSD_PRICES@DF_PRICES_ALL(1.0),COL,A,N,CPI,PA,SERV,N,GY,2025,6.631387,A,,,,2
OECD.SDD.TPS:DSD_PRICES@DF_PRICES_ALL(1.0),CRI,A,N,CPI,PA,SERV,N,GY,2015,2.090351,A,,,,2
OECD.SDD.TPS:DSD_PRICES@DF_PRICES_ALL(1.0),CRI,A,N,CPI,PA,SERV,N,GY,2016,1.919496,A,,,,2
OECD.SDD.TPS:DSD_PRICES@DF_PRICES_ALL(1.0),CRI,A,N,CPI,PA,SERV,N,GY,2017,1.738508,A,,,,2
OECD.SDD.TPS:DSD_PRICES@DF_PRICES_ALL(1.0),CRI,A,N,CPI,PA,SERV,N,GY,2018,2.858172,A,,,,2
OECD.SDD.TPS:DSD_PRICES@DF_PRICES_ALL(1.0),CRI,A,N,CPI,PA,SERV,N,GY,2019,3.532746,A,,,,2
OECD.SDD.TPS:DSD_PRICES@DF_PRICES_ALL(1.0),CRI,A,N,CPI,PA,SERV,N,GY,2020,2.016023,A,,,,2
OECD.SDD.TPS:DSD_PRICES@DF_PRICES_ALL(1.0),CRI,A,N,CPI,PA,SERV,N,GY,2021,0.1789882,A,,,,2
OECD.SDD.TPS:DSD_PRICES@DF_PRICES_ALL(1.0),CZE,A,N,CPI,PA,SERV,N,GY,2015,0.9505383,A,,,,2
OECD.SDD.TPS:DSD_PRICES@DF_PRICES_ALL(1.0),CZE,A,N,CPI,PA,SERV,N,GY,2016,1.466545,A,,,,2
OECD.SDD.TPS:DSD_PRICES@DF_PRICES_ALL(1.0),CZE,A,N,CPI,PA,SERV,N,GY,2017,2.931756,A,,,,2
OECD.SDD.TPS:DSD_PRICES@DF_PRICES_ALL(1.0),CZE,A,N,CPI,PA,SERV,N,GY,2018,3.247168,A,,,,2
OECD.SDD.TPS:DSD_PRICES@DF_PRICES_ALL(1.0),CZE,A,N,CPI,PA,SERV,N,GY,2019,3.83278,A,,,,2
OECD.SDD.TPS:DSD_PRICES@DF_PRICES_ALL(1.0),CZE,A,N,CPI,PA,SERV,N,GY,2020,3.37873,A,,,,2
OECD.SDD.TPS:DSD_PRICES@DF_PRICES_ALL(1.0),CZE,A,N,CPI,PA,SERV,N,GY,2021,4.535311,A,,,,2
OECD.SDD.TPS:DSD_PRICES@DF_PRICES_ALL(1.0),CZE,A,N,CPI,PA,SERV,N,GY,2023,8.247923,A,,,,2
OECD.SDD.TPS:DSD_PRICES@DF_PRICES_ALL(1.0),CZE,A,N,CPI,PA,SERV,N,GY,2024,5.781837,A,,,,2
OECD.SDD.TPS:DSD_PRICES@DF_PRICES_ALL(1.0),CZE,A,N,CPI,PA,SERV,N,GY,2025,4.846142,A,,,,2
OECD.SDD.TPS:DSD_PRICES@DF_PRICES_ALL(1.0),DNK,A,N,CPI,PA,SERV,N,GY,2015,1.574403,A,,,,2
OECD.SDD.TPS:DSD_PRICES@DF_PRICES_ALL(1.0),DNK,A,N,CPI,PA,SERV,N,GY,2017,1.95194,A,,,,2
OECD.SDD.TPS:DSD_PRICES@DF_PRICES_ALL(1.0),DNK,A,N,CPI,PA,SERV,N,GY,2018,1.600837,A,,,,2
OECD.SDD.TPS:DSD_PRICES@DF_PRICES_ALL(1.0),DNK,A,N,CPI,PA,SERV,N,GY,2019,1.258907,A,,,,2
OECD.SDD.TPS:DSD_PRICES@DF_PRICES_ALL(1.0),DNK,A,N,CPI,PA,SERV,N,GY,2021,1.29157,A,,,,2
OECD.SDD.TPS:DSD_PRICES@DF_PRICES_ALL(1.0),DNK,A,N,CPI,PA,SERV,N,GY,2022,3.351913,A,,,,2
OECD.SDD.TPS:DSD_PRICES@DF_PRICES_ALL(1.0),DNK,A,N,CPI,PA,SERV,N,GY,2024,2.790108,A,,,,2
OECD.SDD.TPS:DSD_PRICES@DF_PRICES_ALL(1.0),DNK,A,N,CPI,PA,SERV,N,GY,2025,2.69381,A,,,,2
OECD.SDD.TPS:DSD_PRICES@DF_PRICES_ALL(1.0),EST,A,N,CPI,PA,SERV,N,GY,2015,2.130626,A,,,,2
OECD.SDD.TPS:DSD_PRICES@DF_PRICES_ALL(1.0),EST,A,N,CPI,PA,SERV,N,GY,2016,1.531409,A,,,,2
OECD.SDD.TPS:DSD_PRICES@DF_PRICES_ALL(1.0),EST,A,N,CPI,PA,SERV,N,GY,2017,3.085099,A,,,,2
OECD.SDD.TPS:DSD_PRICES@DF_PRICES_ALL(1.0),EST,A,N,CPI,PA,SERV,N,GY,2018,3.093105,A,,,,2
OECD.SDD.TPS:DSD_PRICES@DF_PRICES_ALL(1.0),EST,A,N,CPI,PA,SERV,N,GY,2019,3.950062,A,,,,2
OECD.SDD.TPS:DSD_PRICES@DF_PRICES_ALL(1.0),EST,A,N,CPI,PA,SERV,N,GY,2020,0.797443,A,,,,2
OECD.SDD.TPS:DSD_PRICES@DF_PRICES_ALL(1.0),EST,A,N,CPI,PA,SERV,N,GY,2021,3.039621,A,,,,2
OECD.SDD.TPS:DSD_PRICES@DF_PRICES_ALL(1.0),EST,A,N,CPI,PA,SERV,N,GY,2022,10.18588,A,,,,2
OECD.SDD.TPS:DSD_PRICES@DF_PRICES_ALL(1.0),EST,A,N,CPI,PA,SERV,N,GY,2023,8.10003,A,,,,2
OECD.SDD.TPS:DSD_PRICES@DF_PRICES_ALL(1.0),EST,A,N,CPI,PA,SERV,N,GY,2024,7.286393,A,,,,2
OECD.SDD.TPS:DSD_PRICES@DF_PRICES_ALL(1.0),EST,A,N,CPI,PA,SERV,N,GY,2025,10.58852,A,,,,2
OECD.SDD.TPS:DSD_PRICES@DF_PRICES_ALL(1.0),FIN,A,N,CPI,PA,SERV,N,GY,2015,1.380538,A,,,,2
OECD.SDD.TPS:DSD_PRICES@DF_PRICES_ALL(1.0),FIN,A,N,CPI,PA,SERV,N,GY,2016,1.916762,A,,,,2
OECD.SDD.TPS:DSD_PRICES@DF_PRICES_ALL(1.0),FIN,A,N,CPI,PA,SERV,N,GY,2017,1.292786,A,,,,2
OECD.SDD.TPS:DSD_PRICES@DF_PRICES_ALL(1.0),FIN,A,N,CPI,PA,SERV,N,GY,2019,1.420931,A,,,,2
OECD.SDD.TPS:DSD_PRICES@DF_PRICES_ALL(1.0),FIN,A,N,CPI,PA,SERV,N,GY,2021,2.233506,A,,,,2
OECD.SDD.TPS:DSD_PRICES@DF_PRICES_ALL(1.0),FIN,A,N,CPI,PA,SERV,N,GY,2022,4.012563,A,,,,2
OECD.SDD.TPS:DSD_PRICES@DF_PRICES_ALL(1.0),FIN,A,N,CPI,PA,SERV,N,GY,2023,7.900672,A,,,,2
OECD.SDD.TPS:DSD_PRICES@DF_PRICES_ALL(1.0),FIN,A,N,CPI,PA,SERV,N,GY,2024,3.659043,A,,,,2
OECD.SDD.TPS:DSD_PRICES@DF_PRICES_ALL(1.0),FIN,A,N,CPI,PA,SERV,N,GY,2025,-0.02430325,A,,,,2
OECD.SDD.TPS:DSD_PRICES@DF_PRICES_ALL(1.0),FRA,A,N,CPI,PA,SERV,N,GY,2015,1.249599,A,,,,2
OECD.SDD.TPS:DSD_PRICES@DF_PRICES_ALL(1.0),FRA,A,N,CPI,PA,SERV,N,GY,2016,0.9483413,A,,,,2
OECD.SDD.TPS:DSD_PRICES@DF_PRICES_ALL(1.0),FRA,A,N,CPI,PA,SERV,N,GY,2017,1.011252,A,,,,2
OECD.SDD.TPS:DSD_PRICES@DF_PRICES_ALL(1.0),FRA,A,N,CPI,PA,SERV,N,GY,2018,1.222602,A,,,,2
OECD.SDD.TPS:DSD_PRICES@DF_PRICES_ALL(1.0),FRA,A,N,CPI,PA,SERV,N,GY,2019,1.037478,A,,,,2
OECD.SDD.TPS:DSD_PRICES@DF_PRICES_ALL(1.0),FRA,A,N,CPI,PA,SERV,N,GY,2020,0.8957753,A,,,,2
OECD.SDD.TPS:DSD_PRICES@DF_PRICES_ALL(1.0),FRA,A,N,CPI,PA,SERV,N,GY,2021,1.157099,A,,,,2
OECD.SDD.TPS:DSD_PRICES@DF_PRICES_ALL(1.0),FRA,A,N,CPI,PA,SERV,N,GY,2022,2.994715,A,,,,2
OECD.SDD.TPS:DSD_PRICES@DF_PRICES_ALL(1.0),FRA,A,N,CPI,PA,SERV,N,GY,2023,2.985177,A,,,,2
OECD.SDD.TPS:DSD_PRICES@DF_PRICES_ALL(1.0),FRA,A,N,CPI,PA,SERV,N,GY,2024,2.744377,A,,,,2
OECD.SDD.TPS:DSD_PRICES@DF_PRICES_ALL(1.0),FRA,A,N,CPI,PA,SERV,N,GY,2025,2.302525,A,,,,2
OECD.SDD.TPS:DSD_PRICES@DF_PRICES_ALL(1.0),GRC,A,N,CPI,PA,SERV,N,GY,2015,-0.6930677,A,,,,2
OECD.SDD.TPS:DSD_PRICES@DF_PRICES_ALL(1.0),GRC,A,N,CPI,PA,SERV,N,GY,2016,0.2606392,A,,,,2
OECD.SDD.TPS:DSD_PRICES@DF_PRICES_ALL(1.0),GRC,A,N,CPI,PA,SERV,N,GY,2017,1.133804,A,,,,2
OECD.SDD.TPS:DSD_PRICES@DF_PRICES_ALL(1.0),GRC,A,N,CPI,PA,SERV,N,GY,2018,0.3391876,A,,,,2
OECD.SDD.TPS:DSD_PRICES@DF_PRICES_ALL(1.0),GRC,A,N,CPI,PA,SERV,N,GY,2020,-0.6463953,A,,,,2
OECD.SDD.TPS:DSD_PRICES@DF_PRICES_ALL(1.0),GRC,A,N,CPI,PA,SERV,N,GY,2021,0.3178482,A,,,,2
OECD.SDD.TPS:DSD_PRICES@DF_PRICES_ALL(1.0),GRC,A,N,CPI,PA,SERV,N,GY,2022,6.643461,A,,,,2
OECD.SDD.TPS:DSD_PRICES@DF_PRICES_ALL(1.0),GRC,A,N,CPI,PA,SERV,N,GY,2023,1.285576,A,,,,2
OECD.SDD.TPS:DSD_PRICES@DF_PRICES_ALL(1.0),GRC,A,N,CPI,PA,SERV,N,GY,2024,4.078945,A,,,,2
OECD.SDD.TPS:DSD_PRICES@DF_PRICES_ALL(1.0),HUN,A,N,CPI,PA,SERV,N,GY,2015,2.038699,A,,,,2
OECD.SDD.TPS:DSD_PRICES@DF_PRICES_ALL(1.0),HUN,A,N,CPI,PA,SERV,N,GY,2017,1.884706,A,,,,2
OECD.SDD.TPS:DSD_PRICES@DF_PRICES_ALL(1.0),HUN,A,N,CPI,PA,SERV,N,GY,2018,2.122353,A,,,,2
OECD.SDD.TPS:DSD_PRICES@DF_PRICES_ALL(1.0),HUN,A,N,CPI,PA,SERV,N,GY,2019,3.810493,A,,,,2
OECD.SDD.TPS:DSD_PRICES@DF_PRICES_ALL(1.0),HUN,A,N,CPI,PA,SERV,N,GY,2020,3.632502,A,,,,2
OECD.SDD.TPS:DSD_PRICES@DF_PRICES_ALL(1.0),HUN,A,N,CPI,PA,SERV,N,GY,2021,3.568238,A,,,,2
OECD.SDD.TPS:DSD_PRICES@DF_PRICES_ALL(1.0),HUN,A,N,CPI,PA,SERV,N,GY,2022,9.569717,A,,,,2
OECD.SDD.TPS:DSD_PRICES@DF_PRICES_ALL(1.0),HUN,A,N,CPI,PA,SERV,N,GY,2023,15.73122,A,,,,2
OECD.SDD.TPS:DSD_PRICES@DF_PRICES_ALL(1.0),HUN,A,N,CPI,PA,SERV,N,GY,2024,8.823176,A,,,,2
OECD.SDD.TPS:DSD_PRICES@DF_PRICES_ALL(1.0),HUN,A,N,CPI,PA,SERV,N,GY,2025,7.229004,A,,,,2
OECD.SDD.TPS:DSD_PRICES@DF_PRICES_ALL(1.0),IRL,A,N,CPI,PA,SERV,N,GY,2018,1.316069,A,,,,2
OECD.SDD.TPS:DSD_PRICES@DF_PRICES_ALL(1.0),IRL,A,N,CPI,PA,SERV,N,GY,2019,2.482715,A,,,,2
OECD.SDD.TPS:DSD_PRICES@DF_PRICES_ALL(1.0),IRL,A,N,CPI,PA,SERV,N,GY,2020,0.9710723,A,,,,2
OECD.SDD.TPS:DSD_PRICES@DF_PRICES_ALL(1.0),IRL,A,N,CPI,PA,SERV,N,GY,2021,2.753594,A,,,,2
OECD.SDD.TPS:DSD_PRICES@DF_PRICES_ALL(1.0),IRL,A,N,CPI,PA,SERV,N,GY,2023,8.672812,A,,,,2
OECD.SDD.TPS:DSD_PRICES@DF_PRICES_ALL(1.0),IRL,A,N,CPI,PA,SERV,N,GY,2024,3.468747,A,,,,2
OECD.SDD.TPS:DSD_PRICES@DF_PRICES_ALL(1.0),IRL,A,N,CPI,PA,SERV,N,GY,2025,2.926229,A,,,,2
OECD.SDD.TPS:DSD_PRICES@DF_PRICES_ALL(1.0),ISR,A,N,CPI,PA,SERV,N,GY,2015,0.3025276,A,,,,2
OECD.SDD.TPS:DSD_PRICES@DF_PRICES_ALL(1.0),ISR,A,N,CPI,PA,SERV,N,GY,2016,0.06810664,A,,,,2
OECD.SDD.TPS:DSD_PRICES@DF_PRICES_ALL(1.0),ISR,A,N,CPI,PA,SERV,N,GY,2019,0.8261287,A,,,,2
OECD.SDD.TPS:DSD_PRICES@DF_PRICES_ALL(1.0),ISR,A,N,CPI,PA,SERV,N,GY,2020,-0.4668445,A,,,,2
OECD.SDD.TPS:DSD_PRICES@DF_PRICES_ALL(1.0),ISR,A,N,CPI,PA,SERV,N,GY,2021,1.253948,A,,,,2
OECD.SDD.TPS:DSD_PRICES@DF_PRICES_ALL(1.0),ISR,A,N,CPI,PA,SERV,N,GY,2023,5.380435,A,,,,2
OECD.SDD.TPS:DSD_PRICES@DF_PRICES_ALL(1.0),ISR,A,N,CPI,PA,SERV,N,GY,2024,3.163142,A,,,,2
OECD.SDD.TPS:DSD_PRICES@DF_PRICES_ALL(1.0),ISR,A,N,CPI,PA,SERV,N,GY,2025,3.877457,A,,,,2
OECD.SDD.TPS:DSD_PRICES@DF_PRICES_ALL(1.0),AUT,A,N,CPI,PA,GD,N,GY,2015,-0.4435144,A,,,,2
OECD.SDD.TPS:DSD_PRICES@DF_PRICES_ALL(1.0),AUT,A,N,CPI,PA,GD,N,GY,2016,-0.1999833,A,,,,2
OECD.SDD.TPS:DSD_PRICES@DF_PRICES_ALL(1.0),AUT,A,N,CPI,PA,GD,N,GY,2017,1.88695,A,,,,2
OECD.SDD.TPS:DSD_PRICES@DF_PRICES_ALL(1.0),AUT,A,N,CPI,PA,GD,N,GY,2018,2.065066,A,,,,2
OECD.SDD.TPS:DSD_PRICES@DF_PRICES_ALL(1.0),AUT,A,N,CPI,PA,GD,N,GY,2019,1.011642,A,,,,2
OECD.SDD.TPS:DSD_PRICES@DF_PRICES_ALL(1.0),AUT,A,N,CPI,PA,GD,N,GY,2020,0.6447023,A,,,,2
OECD.SDD.TPS:DSD_PRICES@DF_PRICES_ALL(1.0),AUT,A,N,CPI,PA,GD,N,GY,2021,3.25779,A,,,,2
OECD.SDD.TPS:DSD_PRICES@DF_PRICES_ALL(1.0),AUT,A,N,CPI,PA,GD,N,GY,2022,12.39409,A,,,,2
OECD.SDD.TPS:DSD_PRICES@DF_PRICES_ALL(1.0),AUT,A,N,CPI,PA,GD,N,GY,2023,7.746428,A,,,,2
OECD.SDD.TPS:DSD_PRICES@DF_PRICES_ALL(1.0),AUT,A,N,CPI,PA,GD,N,GY,2024,0.7529318,A,,,,2
OECD.SDD.TPS:DSD_PRICES@DF_PRICES_ALL(1.0),AUT,A,N,CPI,PA,GD,N,GY,2025,2.605648,A,,,,2
OECD.SDD.TPS:DSD_PRICES@DF_PRICES_ALL(1.0),CAN,A,N,CPI,PA,GD,N,GY,2015,0.2216819,A,,,,2
OECD.SDD.TPS:DSD_PRICES@DF_PRICES_ALL(1.0),CAN,A,N,CPI,PA,GD,N,GY,2016,0.941848,A,,,,2
OECD.SDD.TPS:DSD_PRICES@DF_PRICES_ALL(1.0),CAN,A,N,CPI,PA,GD,N,GY,2017,0.8694423,A,,,,2
OECD.SDD.TPS:DSD_PRICES@DF_PRICES_ALL(1.0),CAN,A,N,CPI,PA,GD,N,GY,2018,1.800981,A,,,,2
OECD.SDD.TPS:DSD_PRICES@DF_PRICES_ALL(1.0),CAN,A,N,CPI,PA,GD,N,GY,2019,1.314793,A,,,,2
OECD.SDD.TPS:DSD_PRICES@DF_PRICES_ALL(1.0),CAN,A,N,CPI,PA,GD,N,GY,2020,-0.1630656,A,,,,2
OECD.SDD.TPS:DSD_PRICES@DF_PRICES_ALL(1.0),CAN,A,N,CPI,PA,GD,N,GY,2021,4.770655,A,,,,2
OECD.SDD.TPS:DSD_PRICES@DF_PRICES_ALL(1.0),CAN,A,N,CPI,PA,GD,N,GY,2022,8.678143,A,,,,2
OECD.SDD.TPS:DSD_PRICES@DF_PRICES_ALL(1.0),CAN,A,N,CPI,PA,GD,N,GY,2023,3.102026,A,,,,2
OECD.SDD.TPS:DSD_PRICES@DF_PRICES_ALL(1.0),CAN,A,N,CPI,PA,GD,N,GY,2024,0.3594203,A,,,,2
OECD.SDD.TPS:DSD_PRICES@DF_PRICES_ALL(1.0),CHL,A,N,CPI,PA,GD,N,GY,2015,3.523065,A,,,,2
OECD.SDD.TPS:DSD_PRICES@DF_PRICES_ALL(1.0),CHL,A,N,CPI,PA,GD,N,GY,2016,2.850254,A,,,,2
OECD.SDD.TPS:DSD_PRICES@DF_PRICES_ALL(1.0),CHL,A,N,CPI,PA,GD,N,GY,2017,1.308772,A,,,,2
OECD.SDD.TPS:DSD_PRICES@DF_PRICES_ALL(1.0),CHL,A,N,CPI,PA,GD,N,GY,2018,1.707228,A,,,,2
OECD.SDD.TPS:DSD_PRICES@DF_PRICES_ALL(1.0),CHL,A,N,CPI,PA,GD,N,GY,2019,1.219339,A,,,,2
OECD.SDD.TPS:DSD_PRICES@DF_PRICES_ALL(1.0),CHL,A,N,CPI,PA,GD,N,GY,2020,3.791809,A,,,,2
OECD.SDD.TPS:DSD_PRICES@DF_PRICES_ALL(1.0),CHL,A,N,CPI,PA,GD,N,GY,2021,5.714354,A,,,,2
OECD.SDD.TPS:DSD_PRICES@DF_PRICES_ALL(1.0),CHL,A,N,CPI,PA,GD,N,GY,2022,14.02209,A,,,,2
OECD.SDD.TPS:DSD_PRICES@DF_PRICES_ALL(1.0),CHL,A,N,CPI,PA,GD,N,GY,2023,7.876187,A,,,,2
OECD.SDD.TPS:DSD_PRICES@DF_PRICES_ALL(1.0),CRI,A,N,CPI,PA,GD,N,GY,2015,-0.567314,A,,,,2
OECD.SDD.TPS:DSD_PRICES@DF_PRICES_ALL(1.0),CRI,A,N,CPI,PA,GD,N,GY,2016,-1.698644,A,,,,2
OECD.SDD.TPS:DSD_PRICES@DF_PRICES_ALL(1.0),CRI,A,N,CPI,PA,GD,N,GY,2017,1.522053,A,,,,2
OECD.SDD.TPS:DSD_PRICES@DF_PRICES_ALL(1.0),CRI,A,N,CPI,PA,GD,N,GY,2018,1.634587,A,,,,2
OECD.SDD.TPS:DSD_PRICES@DF_PRICES_ALL(1.0),CRI,A,N,CPI,PA,GD,N,GY,2019,0.7573506,A,,,,2
OECD.SDD.TPS:DSD_PRICES@DF_PRICES_ALL(1.0),CRI,A,N,CPI,PA,GD,N,GY,2020,-0.5116702,A,,,,2
OECD.SDD.TPS:DSD_PRICES@DF_PRICES_ALL(1.0),CRI,A,N,CPI,PA,GD,N,GY,2021,3.116906,A,,,,2
OECD.SDD.TPS:DSD_PRICES@DF_PRICES_ALL(1.0),CZE,A,N,CPI,PA,GD,N,GY,2015,-0.2908426,A,,,,2
OECD.SDD.TPS:DSD_PRICES@DF_PRICES_ALL(1.0),CZE,A,N,CPI,PA,GD,N,GY,2016,0.1250104,A,,,,2
OECD.SDD.TPS:DSD_PRICES@DF_PRICES_ALL(1.0),CZE,A,N,CPI,PA,GD,N,GY,2017,2.189113,A,,,,2
OECD.SDD.TPS:DSD_PRICES@DF_PRICES_ALL(1.0),CZE,A,N,CPI,PA,GD,N,GY,2018,1.783823,A,,,,2
OECD.SDD.TPS:DSD_PRICES@DF_PRICES_ALL(1.0),CZE,A,N,CPI,PA,GD,N,GY,2019,2.320743,A,,,,2
OECD.SDD.TPS:DSD_PRICES@DF_PRICES_ALL(1.0),CZE,A,N,CPI,PA,GD,N,GY,2020,3.151885,A,,,,2
OECD.SDD.TPS:DSD_PRICES@DF_PRICES_ALL(1.0),CZE,A,N,CPI,PA,GD,N,GY,2021,3.502919,A,,,,2
OECD.SDD.TPS:DSD_PRICES@DF_PRICES_ALL(1.0),CZE,A,N,CPI,PA,GD,N,GY,2022,15.63988,A,,,,2
OECD.SDD.TPS:DSD_PRICES@DF_PRICES_ALL(1.0),CZE,A,N,CPI,PA,GD,N,GY,2023,11.45319,A,,,,2
OECD.SDD.TPS:DSD_PRICES@DF_PRICES_ALL(1.0),CZE,A,N,CPI,PA,GD,N,GY,2024,1.688075,A,,,,2
OECD.SDD.TPS:DSD_PRICES@DF_PRICES_ALL(1.0),CZE,A,N,CPI,PA,GD,N,GY,2025,0.9949136,A,,,,2
OECD.SDD.TPS:DSD_PRICES@DF_PRICES_ALL(1.0),DNK,A,N,CPI,PA,GD,N,GY,2015,-0.7198411,A,,,,2
OECD.SDD.TPS:DSD_PRICES@DF_PRICES_ALL(1.0),DNK,A,N,CPI,PA,GD,N,GY,2016,-1.150096,A,,,,2
OECD.SDD.TPS:DSD_PRICES@DF_PRICES_ALL(1.0),DNK,A,N,CPI,PA,GD,N,GY,2017,0.2192058,A,,,,2
OECD.SDD.TPS:DSD_PRICES@DF_PRICES_ALL(1.0),DNK,A,N,CPI,PA,GD,N,GY,2018,-0.0336502,A,,,,2
OECD.SDD.TPS:DSD_PRICES@DF_PRICES_ALL(1.0),DNK,A,N,CPI,PA,GD,N,GY,2019,0.176723,A,,,,2
OECD.SDD.TPS:DSD_PRICES@DF_PRICES_ALL(1.0),DNK,A,N,CPI,PA,GD,N,GY,2020,-0.3696237,A,,,,2
OECD.SDD.TPS:DSD_PRICES@DF_PRICES_ALL(1.0),DNK,A,N,CPI,PA,GD,N,GY,2021,2.470489,A,,,,2
OECD.SDD.TPS:DSD_PRICES@DF_PRICES_ALL(1.0),DNK,A,N,CPI,PA,GD,N,GY,2022,11.75841,A,,,,2
OECD.SDD.TPS:DSD_PRICES@DF_PRICES_ALL(1.0),DNK,A,N,CPI,PA,GD,N,GY,2023,1.553527,A,,,,2
OECD.SDD.TPS:DSD_PRICES@DF_PRICES_ALL(1.0),DNK,A,N,CPI,PA,GD,N,GY,2024,-0.1087508,A,,,,2
OECD.SDD.TPS:DSD_PRICES@DF_PRICES_ALL(1.0),DNK,A,N,CPI,PA,GD,N,GY,2025,1.037887,A,,,,2
OECD.SDD.TPS:DSD_PRICES@DF_PRICES_ALL(1.0),FIN,A,N,CPI,PA,GD,N,GY,2015,-1.591348,A,,,,2
OECD.SDD.TPS:DSD_PRICES@DF_PRICES_ALL(1.0),FIN,A,N,CPI,PA,GD,N,GY,2016,-1.161734,A,,,,2
OECD.SDD.TPS:DSD_PRICES@DF_PRICES_ALL(1.0),FIN,A,N,CPI,PA,GD,N,GY,2017,0.1762241,A,,,,2
OECD.SDD.TPS:DSD_PRICES@DF_PRICES_ALL(1.0),FIN,A,N,CPI,PA,GD,N,GY,2018,1.031917,A,,,,2
OECD.SDD.TPS:DSD_PRICES@DF_PRICES_ALL(1.0),FIN,A,N,CPI,PA,GD,N,GY,2019,0.5989969,A,,,,2
OECD.SDD.TPS:DSD_PRICES@DF_PRICES_ALL(1.0),FIN,A,N,CPI,PA,GD,N,GY,2020,-0.2037216,A,,,,2
OECD.SDD.TPS:DSD_PRICES@DF_PRICES_ALL(1.0),FIN,A,N,CPI,PA,GD,N,GY,2021,2.084526,A,,,,2
OECD.SDD.TPS:DSD_PRICES@DF_PRICES_ALL(1.0),FIN,A,N,CPI,PA,GD,N,GY,2022,10.10982,A,,,,2
OECD.SDD.TPS:DSD_PRICES@DF_PRICES_ALL(1.0),FIN,A,N,CPI,PA,GD,N,GY,2023,4.536529,A,,,,2
OECD.SDD.TPS:DSD_PRICES@DF_PRICES_ALL(1.0),FIN,A,N,CPI,PA,GD,N,GY,2024,-0.6687806,A,,,,2
OECD.SDD.TPS:DSD_PRICES@DF_PRICES_ALL(1.0),FIN,A,N,CPI,PA,GD,N,GY,2025,0.7500675,A,,,,2
OECD.SDD.TPS:DSD_PRICES@DF_PRICES_ALL(1.0),FRA,A,N,CPI,PA,GD,N,GY,2015,-0.9181584,A,,,,2
OECD.SDD.TPS:DSD_PRICES@DF_PRICES_ALL(1.0),FRA,A,N,CPI,PA,GD,N,GY,2016,-0.4833333,A,,,,2
OECD.SDD.TPS:DSD_PRICES@DF_PRICES_ALL(1.0),FRA,A,N,CPI,PA,GD,N,GY,2017,-0.5593703,A,,,,2
OECD.SDD.TPS:DSD_PRICES@DF_PRICES_ALL(1.0),FRA,A,N,CPI,PA,GD,N,GY,2018,-0.2155753,A,,,,2
OECD.SDD.TPS:DSD_PRICES@DF_PRICES_ALL(1.0),FRA,A,N,CPI,PA,GD,N,GY,2019,-0.5806103,A,,,,2
OECD.SDD.TPS:DSD_PRICES@DF_PRICES_ALL(1.0),FRA,A,N,CPI,PA,GD,N,GY,2021,0.2807531,A,,,,2
OECD.SDD.TPS:DSD_PRICES@DF_PRICES_ALL(1.0),FRA,A,N,CPI,PA,GD,N,GY,2022,3.013464,A,,,,2
OECD.SDD.TPS:DSD_PRICES@DF_PRICES_ALL(1.0),FRA,A,N,CPI,PA,GD,N,GY,2023,3.472159,A,,,,2
OECD.SDD.TPS:DSD_PRICES@DF_PRICES_ALL(1.0),FRA,A,N,CPI,PA,GD,N,GY,2024,-0.01114304,A,,,,2
OECD.SDD.TPS:DSD_PRICES@DF_PRICES_ALL(1.0),FRA,A,N,CPI,PA,GD,N,GY,2025,-0.2547264,A,,,,2
OECD.SDD.TPS:DSD_PRICES@DF_PRICES_ALL(1.0),GRC,A,N,CPI,PA,GD,N,GY,2015,-2.464169,A,,,,2
OECD.SDD.TPS:DSD_PRICES@DF_PRICES_ALL(1.0),GRC,A,N,CPI,PA,GD,N,GY,2016,-1.641644,A,,,,2
OECD.SDD.TPS:DSD_PRICES@DF_PRICES_ALL(1.0),GRC,A,N,CPI,PA,GD,N,GY,2017,1.102143,A,,,,2
OECD.SDD.TPS:DSD_PRICES@DF_PRICES_ALL(1.0),GRC,A,N,CPI,PA,GD,N,GY,2018,0.8694304,A,,,,2
OECD.SDD.TPS:DSD_PRICES@DF_PRICES_ALL(1.0),GRC,A,N,CPI,PA,GD,N,GY,2019,-0.2241769,A,,,,2
OECD.SDD.TPS:DSD_PRICES@DF_PRICES_ALL(1.0),GRC,A,N,CPI,PA,GD,N,GY,2020,-1.728791,A,,,,2
OECD.SDD.TPS:DSD_PRICES@DF_PRICES_ALL(1.0),GRC,A,N,CPI,PA,GD,N,GY,2021,1.921135,A,,,,2
OECD.SDD.TPS:DSD_PRICES@DF_PRICES_ALL(1.0),GRC,A,N,CPI,PA,GD,N,GY,2022,11.71847,A,,,,2
OECD.SDD.TPS:DSD_PRICES@DF_PRICES_ALL(1.0),GRC,A,N,CPI,PA,GD,N,GY,2023,4.887038,A,,,,2
OECD.SDD.TPS:DSD_PRICES@DF_PRICES_ALL(1.0),GRC,A,N,CPI,PA,GD,N,GY,2024,1.743374,A,,,,2
OECD.SDD.TPS:DSD_PRICES@DF_PRICES_ALL(1.0),GRC,A,N,CPI,PA,GD,N,GY,2025,0.6348706,A,,,,2
OECD.SDD.TPS:DSD_PRICES@DF_PRICES_ALL(1.0),HUN,A,N,CPI,PA,GD,N,GY,2015,-1.065345,A,,,,2
OECD.SDD.TPS:DSD_PRICES@DF_PRICES_ALL(1.0),HUN,A,N,CPI,PA,GD,N,GY,2016,-0.2191198,A,,,,2
OECD.SDD.TPS:DSD_PRICES@DF_PRICES_ALL(1.0),HUN,A,N,CPI,PA,GD,N,GY,2017,2.588154,A,,,,2
OECD.SDD.TPS:DSD_PRICES@DF_PRICES_ALL(1.0),HUN,A,N,CPI,PA,GD,N,GY,2018,3.183389,A,,,,2
OECD.SDD.TPS:DSD_PRICES@DF_PRICES_ALL(1.0),HUN,A,N,CPI,PA,GD,N,GY,2019,3.123703,A,,,,2
OECD.SDD.TPS:DSD_PRICES@DF_PRICES_ALL(1.0),HUN,A,N,CPI,PA,GD,N,GY,2020,3.178526,A,,,,2
OECD.SDD.TPS:DSD_PRICES@DF_PRICES_ALL(1.0),HUN,A,N,CPI,PA,GD,N,GY,2021,5.815832,A,,,,2
OECD.SDD.TPS:DSD_PRICES@DF_PRICES_ALL(1.0),HUN,A,N,CPI,PA,GD,N,GY,2022,16.88339,A,,,,2
OECD.SDD.TPS:DSD_PRICES@DF_PRICES_ALL(1.0),HUN,A,N,CPI,PA,GD,N,GY,2023,17.30925,A,,,,2
OECD.SDD.TPS:DSD_PRICES@DF_PRICES_ALL(1.0),HUN,A,N,CPI,PA,GD,N,GY,2024,1.01747,A,,,,2
OECD.SDD.TPS:DSD_PRICES@DF_PRICES_ALL(1.0),HUN,A,N,CPI,PA,GD,N,GY,2025,2.873432,A,,,,2
OECD.SDD.TPS:DSD_PRICES@DF_PRICES_ALL(1.0),IRL,A,N,CPI,PA,GD,N,GY,2015,-3.735632,A,,,,2
OECD.SDD.TPS:DSD_PRICES@DF_PRICES_ALL(1.0),IRL,A,N,CPI,PA,GD,N,GY,2016,-2.932397,A,,,,2
OECD.SDD.TPS:DSD_PRICES@DF_PRICES_ALL(1.0),IRL,A,N,CPI,PA,GD,N,GY,2017,-2.098408,A,,,,2
OECD.SDD.TPS:DSD_PRICES@DF_PRICES_ALL(1.0),IRL,A,N,CPI,PA,GD,N,GY,2018,-0.7021434,A,,,,2
OECD.SDD.TPS:DSD_PRICES@DF_PRICES_ALL(1.0),IRL,A,N,CPI,PA,GD,N,GY,2019,-1.116487,A,,,,2
OECD.SDD.TPS:DSD_PRICES@DF_PRICES_ALL(1.0),IRL,A,N,CPI,PA,GD,N,GY,2020,-2.192322,A,,,,2
OECD.SDD.TPS:DSD_PRICES@DF_PRICES_ALL(1.0),IRL,A,N,CPI,PA,GD,N,GY,2021,1.491102,A,,,,2
OECD.SDD.TPS:DSD_PRICES@DF_PRICES_ALL(1.0),IRL,A,N,CPI,PA,GD,N,GY,2022,8.99526,A,,,,2
OECD.SDD.TPS:DSD_PRICES@DF_PRICES_ALL(1.0),IRL,A,N,CPI,PA,GD,N,GY,2023,3.287242,A,,,,2
OECD.SDD.TPS:DSD_PRICES@DF_PRICES_ALL(1.0),IRL,A,N,CPI,PA,GD,N,GY,2024,0.185232,A,,,,2
OECD.SDD.TPS:DSD_PRICES@DF_PRICES_ALL(1.0),IRL,A,N,CPI,PA,GD,N,GY,2025,1.092529,A,,,,2
OECD.SDD.TPS:DSD_PRICES@DF_PRICES_ALL(1.0),ISR,A,N,CPI,PA,GD,N,GY,2015,-1.444712,A,,,,2
OECD.SDD.TPS:DSD_PRICES@DF_PRICES_ALL(1.0),ISR,A,N,CPI,PA,GD,N,GY,2016,-0.9678632,A,,,,2
OECD.SDD.TPS:DSD_PRICES@DF_PRICES_ALL(1.0),ISR,A,N,CPI,PA,GD,N,GY,2017,0.284657,A,,,,2
OECD.SDD.TPS:DSD_PRICES@DF_PRICES_ALL(1.0),ISR,A,N,CPI,PA,GD,N,GY,2018,0.46362,A,,,,2
OECD.SDD.TPS:DSD_PRICES@DF_PRICES_ALL(1.0),ISR,A,N,CPI,PA,GD,N,GY,2019,0.8381993,A,,,,2
OECD.SDD.TPS:DSD_PRICES@DF_PRICES_ALL(1.0),ISR,A,N,CPI,PA,GD,N,GY,2020,-0.6724573,A,,,,2
OECD.SDD.TPS:DSD_PRICES@DF_PRICES_ALL(1.0),ISR,A,N,CPI,PA,GD,N,GY,2021,1.598495,A,,,,2
OECD.SDD.TPS:DSD_PRICES@DF_PRICES_ALL(1.0),ISR,A,N,CPI,PA,GD,N,GY,2022,4.386858,A,,,,2
OECD.SDD.TPS:DSD_PRICES@DF_PRICES_ALL(1.0),ISR,A,N,CPI,PA,GD,N,GY,2023,3.298165,A,,,,2
OECD.SDD.TPS:DSD_PRICES@DF_PRICES_ALL(1.0),ISR,A,N,CPI,PA,GD,N,GY,2024,2.995451,A,,,,2
OECD.SDD.TPS:DSD_PRICES@DF_PRICES_ALL(1.0),ISR,A,N,CPI,PA,GD,N,GY,2025,2.361334,A,,,,2
OECD.SDD.TPS:DSD_PRICES@DF_PRICES_ALL(1.0),AUT,A,N,CPI,IX,GD,N,_Z,2015,100,A,,2015,,2
OECD.SDD.TPS:DSD_PRICES@DF_PRICES_ALL(1.0),AUT,A,N,CPI,IX,GD,N,_Z,2016,99.80002,A,,2015,,2
OECD.SDD.TPS:DSD_PRICES@DF_PRICES_ALL(1.0),AUT,A,N,CPI,IX,GD,N,_Z,2017,101.6832,A,,2015,,2
OECD.SDD.TPS:DSD_PRICES@DF_PRICES_ALL(1.0),AUT,A,N,CPI,IX,GD,N,_Z,2018,103.783,A,,2015,,2
OECD.SDD.TPS:DSD_PRICES@DF_PRICES_ALL(1.0),AUT,A,N,CPI,IX,GD,N,_Z,2019,104.8329,A,,2015,,2
OECD.SDD.TPS:DSD_PRICES@DF_PRICES_ALL(1.0),AUT,A,N,CPI,IX,GD,N,_Z,2020,105.5088,A,,2015,,2
OECD.SDD.TPS:DSD_PRICES@DF_PRICES_ALL(1.0),AUT,A,N,CPI,IX,GD,N,_Z,2021,108.946,A,,2015,,2
OECD.SDD.TPS:DSD_PRICES@DF_PRICES_ALL(1.0),AUT,A,N,CPI,IX,GD,N,_Z,2022,122.4489,A,,2015,,2
OECD.SDD.TPS:DSD_PRICES@DF_PRICES_ALL(1.0),AUT,A,N,CPI,IX,GD,N,_Z,2023,131.9343,A,,2015,,2
OECD.SDD.TPS:DSD_PRICES@DF_PRICES_ALL(1.0),AUT,A,N,CPI,IX,GD,N,_Z,2024,132.9277,A,,2015,,2
OECD.SDD.TPS:DSD_PRICES@DF_PRICES_ALL(1.0),AUT,A,N,CPI,IX,GD,N,_Z,2025,136.3913,A,,2015,,2
OECD.SDD.TPS:DSD_PRICES@DF_PRICES_ALL(1.0),CHL,A,N,CPI,IX,GD,N,_Z,2015,100,A,,2015,,2
OECD.SDD.TPS:DSD_PRICES@DF_PRICES_ALL(1.0),CHL,A,N,CPI,IX,GD,N,_Z,2016,102.8503,A,,2015,,2
OECD.SDD.TPS:DSD_PRICES@DF_PRICES_ALL(1.0),CHL,A,N,CPI,IX,GD,N,_Z,2017,104.1963,A,,2015,,2
OECD.SDD.TPS:DSD_PRICES@DF_PRICES_ALL(1.0),CHL,A,N,CPI,IX,GD,N,_Z,2018,105.9752,A,,2015,,2
OECD.SDD.TPS:DSD_PRICES@DF_PRICES_ALL(1.0),CHL,A,N,CPI,IX,GD,N,_Z,2019,107.2674,A,,2015,,2
OECD.SDD.TPS:DSD_PRICES@DF_PRICES_ALL(1.0),CHL,A,N,CPI,IX,GD,N,_Z,2020,111.3348,A,,2015,,2
OECD.SDD.TPS:DSD_PRICES@DF_PRICES_ALL(1.0),CHL,A,N,CPI,IX,GD,N,_Z,2021,117.6968,A,,2015,,2
OECD.SDD.TPS:DSD_PRICES@DF_PRICES_ALL(1.0),CHL,A,N,CPI,IX,GD,N,_Z,2022,134.2004,A,,2015,,2
OECD.SDD.TPS:DSD_PRICES@DF_PRICES_ALL(1.0),CHL,A,N,CPI,IX,GD,N,_Z,2023,144.7703,A,,2015,,2
OECD.SDD.TPS:DSD_PRICES@DF_PRICES_ALL(1.0),CRI,A,N,CPI,IX,GD,N,_Z,2015,100,A,,2015,,2
OECD.SDD.TPS:DSD_PRICES@DF_PRICES_ALL(1.0),CRI,A,N,CPI,IX,GD,N,_Z,2016,98.30135,A,,2015,,2
OECD.SDD.TPS:DSD_PRICES@DF_PRICES_ALL(1.0),CRI,A,N,CPI,IX,GD,N,_Z,2017,99.79755,A,,2015,,2
OECD.SDD.TPS:DSD_PRICES@DF_PRICES_ALL(1.0),CRI,A,N,CPI,IX,GD,N,_Z,2018,101.4288,A,,2015,,2
OECD.SDD.TPS:DSD_PRICES@DF_PRICES_ALL(1.0),CRI,A,N,CPI,IX,GD,N,_Z,2019,102.197,A,,2015,,2
OECD.SDD.TPS:DSD_PRICES@DF_PRICES_ALL(1.0),CRI,A,N,CPI,IX,GD,N,_Z,2020,101.6741,A,,2015,,2
OECD.SDD.TPS:DSD_PRICES@DF_PRICES_ALL(1.0),CRI,A,N,CPI,IX,GD,N,_Z,2021,104.8432,A,,2015,,2
OECD.SDD.TPS:DSD_PRICES@DF_PRICES_ALL(1.0),CZE,A,N,CPI,IX,GD,N,_Z,2015,99.99167,A,,2015,,2
OECD.SDD.TPS:DSD_PRICES@DF_PRICES_ALL(1.0),CZE,A,N,CPI,IX,GD,N,_Z,2016,100.1167,A,,2015,,2
OECD.SDD.TPS:DSD_PRICES@DF_PRICES_ALL(1.0),CZE,A,N,CPI,IX,GD,N,_Z,2017,102.3083,A,,2015,,2
OECD.SDD.TPS:DSD_PRICES@DF_PRICES_ALL(1.0),CZE,A,N,CPI,IX,GD,N,_Z,2018,104.1333,A,,2015,,2
OECD.SDD.TPS:DSD_PRICES@DF_PRICES_ALL(1.0),CZE,A,N,CPI,IX,GD,N,_Z,2019,106.55,A,,2015,,2
OECD.SDD.TPS:DSD_PRICES@DF_PRICES_ALL(1.0),CZE,A,N,CPI,IX,GD,N,_Z,2020,109.9083,A,,2015,,2
OECD.SDD.TPS:DSD_PRICES@DF_PRICES_ALL(1.0),CZE,A,N,CPI,IX,GD,N,_Z,2021,113.7583,A,,2015,,2
OECD.SDD.TPS:DSD_PRICES@DF_PRICES_ALL(1.0),CZE,A,N,CPI,IX,GD,N,_Z,2022,131.55,A,,2015,,2
OECD.SDD.TPS:DSD_PRICES@DF_PRICES_ALL(1.0),CZE,A,N,CPI,IX,GD,N,_Z,2023,146.6167,A,,2015,,2
OECD.SDD.TPS:DSD_PRICES@DF_PRICES_ALL(1.0),CZE,A,N,CPI,IX,GD,N,_Z,2024,149.0917,A,,2015,,2
OECD.SDD.TPS:DSD_PRICES@DF_PRICES_ALL(1.0),CZE,A,N,CPI,IX,GD,N,_Z,2025,150.575,A,,2015,,2
OECD.SDD.TPS:DSD_PRICES@DF_PRICES_ALL(1.0),DNK,A,N,CPI,IX,GD,N,_Z,2015,99.99167,A,,2015,,2
OECD.SDD.TPS:DSD_PRICES@DF_PRICES_ALL(1.0),DNK,A,N,CPI,IX,GD,N,_Z,2016,98.84167,A,,2015,,2
OECD.SDD.TPS:DSD_PRICES@DF_PRICES_ALL(1.0),DNK,A,N,CPI,IX,GD,N,_Z,2017,99.05833,A,,2015,,2
OECD.SDD.TPS:DSD_PRICES@DF_PRICES_ALL(1.0),DNK,A,N,CPI,IX,GD,N,_Z,2018,99.025,A,,2015,,2
OECD.SDD.TPS:DSD_PRICES@DF_PRICES_ALL(1.0),DNK,A,N,CPI,IX,GD,N,_Z,2019,99.2,A,,2015,,2
OECD.SDD.TPS:DSD_PRICES@DF_PRICES_ALL(1.0),DNK,A,N,CPI,IX,GD,N,_Z,2020,98.83334,A,,2015,,2
OECD.SDD.TPS:DSD_PRICES@DF_PRICES_ALL(1.0),DNK,A,N,CPI,IX,GD,N,_Z,2021,101.275,A,,2015,,2
OECD.SDD.TPS:DSD_PRICES@DF_PRICES_ALL(1.0),DNK,A,N,CPI,IX,GD,N,_Z,2022,113.1833,A,,2015,,2
OECD.SDD.TPS:DSD_PRICES@DF_PRICES_ALL(1.0),DNK,A,N,CPI,IX,GD,N,_Z,2023,114.9417,A,,2015,,2
OECD.SDD.TPS:DSD_PRICES@DF_PRICES_ALL(1.0),DNK,A,N,CPI,IX,GD,N,_Z,2024,114.8167,A,,2015,,2
OECD.SDD.TPS:DSD_PRICES@DF_PRICES_ALL(1.0),DNK,A,N,CPI,IX,GD,N,_Z,2025,116.0083,A,,2015,,2
OECD.SDD.TPS:DSD_PRICES@DF_PRICES_ALL(1.0),FRA,A,N,CPI,IX,GD,N,_Z,2015,100,A,,2015,,2
OECD.SDD.TPS:DSD_PRICES@DF_PRICES_ALL(1.0),FRA,A,N,CPI,IX,GD,N,_Z,2016,99.51667,A,,2015,,2
OECD.SDD.TPS:DSD_PRICES@DF_PRICES_ALL(1.0),FRA,A,N,CPI,IX,GD,N,_Z,2017,98.96,A,,2015,,2
OECD.SDD.TPS:DSD_PRICES@DF_PRICES_ALL(1.0),FRA,A,N,CPI,IX,GD,N,_Z,2018,98.74667,A,,2015,,2
OECD.SDD.TPS:DSD_PRICES@DF_PRICES_ALL(1.0),FRA,A,N,CPI,IX,GD,N,_Z,2019,98.17333,A,,2015,,2
OECD.SDD.TPS:DSD_PRICES@DF_PRICES_ALL(1.0),FRA,A,N,CPI,IX,GD,N,_Z,2021,98.22583,A,,2015,,2
OECD.SDD.TPS:DSD_PRICES@DF_PRICES_ALL(1.0),FRA,A,N,CPI,IX,GD,N,_Z,2022,101.1858,A,,2015,,2
OECD.SDD.TPS:DSD_PRICES@DF_PRICES_ALL(1.0),FRA,A,N,CPI,IX,GD,N,_Z,2023,104.6992,A,,2015,,2
OECD.SDD.TPS:DSD_PRICES@DF_PRICES_ALL(1.0),FRA,A,N,CPI,IX,GD,N,_Z,2024,104.6875,A,,2015,,2
OECD.SDD.TPS:DSD_PRICES@DF_PRICES_ALL(1.0),FRA,A,N,CPI,IX,GD,N,_Z,2025,104.4208,A,,2015,,2
OECD.SDD.TPS:DSD_PRICES@DF_PRICES_ALL(1.0),GRC,A,N,CPI,IX,GD,N,_Z,2015,100,A,,2015,,2
OECD.SDD.TPS:DSD_PRICES@DF_PRICES_ALL(1.0),GRC,A,N,CPI,IX,GD,N,_Z,2016,98.35835,A,,2015,,2
OECD.SDD.TPS:DSD_PRICES@DF_PRICES_ALL(1.0),GRC,A,N,CPI,IX,GD,N,_Z,2017,99.44241,A,,2015,,2
OECD.SDD.TPS:DSD_PRICES@DF_PRICES_ALL(1.0),GRC,A,N,CPI,IX,GD,N,_Z,2018,100.307,A,,2015,,2
OECD.SDD.TPS:DSD_PRICES@DF_PRICES_ALL(1.0),GRC,A,N,CPI,IX,GD,N,_Z,2019,100.0821,A,,2015,,2
OECD.SDD.TPS:DSD_PRICES@DF_PRICES_ALL(1.0),GRC,A,N,CPI,IX,GD,N,_Z,2020,98.35191,A,,2015,,2
OECD.SDD.TPS:DSD_PRICES@DF_PRICES_ALL(1.0),GRC,A,N,CPI,IX,GD,N,_Z,2021,100.2414,A,,2015,,2
OECD.SDD.TPS:DSD_PRICES@DF_PRICES_ALL(1.0),GRC,A,N,CPI,IX,GD,N,_Z,2022,111.9881,A,,2015,,2
OECD.SDD.TPS:DSD_PRICES@DF_PRICES_ALL(1.0),GRC,A,N,CPI,IX,GD,N,_Z,2023,117.461,A,,2015,,2
OECD.SDD.TPS:DSD_PRICES@DF_PRICES_ALL(1.0),GRC,A,N,CPI,IX,GD,N,_Z,2024,119.5088,A,,2015,,2
OECD.SDD.TPS:DSD_PRICES@DF_PRICES_ALL(1.0),GRC,A,N,CPI,IX,GD,N,_Z,2025,120.2676,A,,2015,,2
OECD.SDD.TPS:DSD_PRICES@DF_PRICES_ALL(1.0),HUN,A,N,CPI,IX,GD,N,_Z,2015,100,A,,2015,,2
OECD.SDD.TPS:DSD_PRICES@DF_PRICES_ALL(1.0),HUN,A,N,CPI,IX,GD,N,_Z,2016,99.78088,A,,2015,,2
OECD.SDD.TPS:DSD_PRICES@DF_PRICES_ALL(1.0),HUN,A,N,CPI,IX,GD,N,_Z,2017,102.3634,A,,2015,,2
OECD.SDD.TPS:DSD_PRICES@DF_PRICES_ALL(1.0),HUN,A,N,CPI,IX,GD,N,_Z,2018,105.622,A,,2015,,2
OECD.SDD.TPS:DSD_PRICES@DF_PRICES_ALL(1.0),HUN,A,N,CPI,IX,GD,N,_Z,2019,108.9213,A,,2015,,2
OECD.SDD.TPS:DSD_PRICES@DF_PRICES_ALL(1.0),HUN,A,N,CPI,IX,GD,N,_Z,2020,112.3834,A,,2015,,2
OECD.SDD.TPS:DSD_PRICES@DF_PRICES_ALL(1.0),HUN,A,N,CPI,IX,GD,N,_Z,2021,118.9194,A,,2015,,2
OECD.SDD.TPS:DSD_PRICES@DF_PRICES_ALL(1.0),HUN,A,N,CPI,IX,GD,N,_Z,2022,138.9971,A,,2015,,2
OECD.SDD.TPS:DSD_PRICES@DF_PRICES_ALL(1.0),HUN,A,N,CPI,IX,GD,N,_Z,2023,163.0564,A,,2015,,2
OECD.SDD.TPS:DSD_PRICES@DF_PRICES_ALL(1.0),HUN,A,N,CPI,IX,GD,N,_Z,2024,164.7155,A,,2015,,2
OECD.SDD.TPS:DSD_PRICES@DF_PRICES_ALL(1.0),HUN,A,N,CPI,IX,GD,N,_Z,2025,169.4484,A,,2015,,2
OECD.SDD.TPS:DSD_PRICES@DF_PRICES_ALL(1.0),IRL,A,N,CPI,IX,GD,N,_Z,2015,100,A,,2015,,2
OECD.SDD.TPS:DSD_PRICES@DF_PRICES_ALL(1.0),IRL,A,N,CPI,IX,GD,N,_Z,2016,97.0676,A,,2015,,2
OECD.SDD.TPS:DSD_PRICES@DF_PRICES_ALL(1.0),IRL,A,N,CPI,IX,GD,N,_Z,2017,95.03073,A,,2015,,2
OECD.SDD.TPS:DSD_PRICES@DF_PRICES_ALL(1.0),IRL,A,N,CPI,IX,GD,N,_Z,2018,94.36348,A,,2015,,2
OECD.SDD.TPS:DSD_PRICES@DF_PRICES_ALL(1.0),IRL,A,N,CPI,IX,GD,N,_Z,2019,93.30992,A,,2015,,2
OECD.SDD.TPS:DSD_PRICES@DF_PRICES_ALL(1.0),IRL,A,N,CPI,IX,GD,N,_Z,2020,91.26427,A,,2015,,2
OECD.SDD.TPS:DSD_PRICES@DF_PRICES_ALL(1.0),IRL,A,N,CPI,IX,GD,N,_Z,2021,92.62511,A,,2015,,2
OECD.SDD.TPS:DSD_PRICES@DF_PRICES_ALL(1.0),IRL,A,N,CPI,IX,GD,N,_Z,2022,100.957,A,,2015,,2
OECD.SDD.TPS:DSD_PRICES@DF_PRICES_ALL(1.0),IRL,A,N,CPI,IX,GD,N,_Z,2023,104.2757,A,,2015,,2
OECD.SDD.TPS:DSD_PRICES@DF_PRICES_ALL(1.0),IRL,A,N,CPI,IX,GD,N,_Z,2024,104.4688,A,,2015,,2
OECD.SDD.TPS:DSD_PRICES@DF_PRICES_ALL(1.0),IRL,A,N,CPI,IX,GD,N,_Z,2025,105.6102,A,,2015,,2
OECD.SDD.TPS:DSD_PRICES@DF_PRICES_ALL(1.0),ISR,A,N,CPI,IX,GD,N,_Z,2015,100,A,,2015,,2
OECD.SDD.TPS:DSD_PRICES@DF_PRICES_ALL(1.0),ISR,A,N,CPI,IX,GD,N,_Z,2016,99.03214,A,,2015,,2
OECD.SDD.TPS:DSD_PRICES@DF_PRICES_ALL(1.0),ISR,A,N,CPI,IX,GD,N,_Z,2017,99.31404,A,,2015,,2
OECD.SDD.TPS:DSD_PRICES@DF_PRICES_ALL(1.0),ISR,A,N,CPI,IX,GD,N,_Z,2018,99.77448,A,,2015,,2
OECD.SDD.TPS:DSD_PRICES@DF_PRICES_ALL(1.0),ISR,A,N,CPI,IX,GD,N,_Z,2019,100.6108,A,,2015,,2
OECD.SDD.TPS:DSD_PRICES@DF_PRICES_ALL(1.0),ISR,A,N,CPI,IX,GD,N,_Z,2020,99.93422,A,,2015,,2
OECD.SDD.TPS:DSD_PRICES@DF_PRICES_ALL(1.0),ISR,A,N,CPI,IX,GD,N,_Z,2021,101.5317,A,,2015,,2
OECD.SDD.TPS:DSD_PRICES@DF_PRICES_ALL(1.0),ISR,A,N,CPI,IX,GD,N,_Z,2022,105.9857,A,,2015,,2
OECD.SDD.TPS:DSD_PRICES@DF_PRICES_ALL(1.0),ISR,A,N,CPI,IX,GD,N,_Z,2023,109.4813,A,,2015,,2
OECD.SDD.TPS:DSD_PRICES@DF_PRICES_ALL(1.0),ISR,A,N,CPI,IX,GD,N,_Z,2024,112.7608,A,,2015,,2
OECD.SDD.TPS:DSD_PRICES@DF_PRICES_ALL(1.0),ISR,A,N,CPI,IX,GD,N,_Z,2025,115.4234,A,,2015,,2
OECD.SDD.TPS:DSD_PRICES@DF_PRICES_ALL(1.0),CAN,A,N,CPI,IX,GD,N,_Z,2015,100,A,,2015,,2
OECD.SDD.TPS:DSD_PRICES@DF_PRICES_ALL(1.0),CAN,A,N,CPI,IX,GD,N,_Z,2016,100.9418,A,,2015,,2
OECD.SDD.TPS:DSD_PRICES@DF_PRICES_ALL(1.0),CAN,A,N,CPI,IX,GD,N,_Z,2017,101.8195,A,,2015,,2
OECD.SDD.TPS:DSD_PRICES@DF_PRICES_ALL(1.0),CAN,A,N,CPI,IX,GD,N,_Z,2018,103.6532,A,,2015,,2
OECD.SDD.TPS:DSD_PRICES@DF_PRICES_ALL(1.0),CAN,A,N,CPI,IX,GD,N,_Z,2019,105.0161,A,,2015,,2
OECD.SDD.TPS:DSD_PRICES@DF_PRICES_ALL(1.0),CAN,A,N,CPI,IX,GD,N,_Z,2020,104.8448,A,,2015,,2
OECD.SDD.TPS:DSD_PRICES@DF_PRICES_ALL(1.0),CAN,A,N,CPI,IX,GD,N,_Z,2021,109.8466,A,,2015,,2
OECD.SDD.TPS:DSD_PRICES@DF_PRICES_ALL(1.0),CAN,A,N,CPI,IX,GD,N,_Z,2022,119.3792,A,,2015,,2
OECD.SDD.TPS:DSD_PRICES@DF_PRICES_ALL(1.0),CAN,A,N,CPI,IX,GD,N,_Z,2023,123.0824,A,,2015,,2
OECD.SDD.TPS:DSD_PRICES@DF_PRICES_ALL(1.0),CAN,A,N,CPI,IX,GD,N,_Z,2024,123.5248,A,,2015,,2
OECD.SDD.TPS:DSD_PRICES@DF_PRICES_ALL(1.0),AUT,A,N,CPI,IX,SERV,N,_Z,2015,100,A,,2015,,2
OECD.SDD.TPS:DSD_PRICES@DF_PRICES_ALL(1.0),AUT,A,N,CPI,IX,SERV,N,_Z,2016,102.1748,A,,2015,,2
OECD.SDD.TPS:DSD_PRICES@DF_PRICES_ALL(1.0),AUT,A,N,CPI,IX,SERV,N,_Z,2017,104.4663,A,,2015,,2
OECD.SDD.TPS:DSD_PRICES@DF_PRICES_ALL(1.0),AUT,A,N,CPI,IX,SERV,N,_Z,2018,106.5495,A,,2015,,2
OECD.SDD.TPS:DSD_PRICES@DF_PRICES_ALL(1.0),AUT,A,N,CPI,IX,SERV,N,_Z,2019,108.7243,A,,2015,,2
OECD.SDD.TPS:DSD_PRICES@DF_PRICES_ALL(1.0),AUT,A,N,CPI,IX,SERV,N,_Z,2020,111.3175,A,,2015,,2
OECD.SDD.TPS:DSD_PRICES@DF_PRICES_ALL(1.0),AUT,A,N,CPI,IX,SERV,N,_Z,2021,113.813,A,,2015,,2
OECD.SDD.TPS:DSD_PRICES@DF_PRICES_ALL(1.0),AUT,A,N,CPI,IX,SERV,N,_Z,2022,118.9619,A,,2015,,2
OECD.SDD.TPS:DSD_PRICES@DF_PRICES_ALL(1.0),AUT,A,N,CPI,IX,SERV,N,_Z,2023,128.369,A,,2015,,2
OECD.SDD.TPS:DSD_PRICES@DF_PRICES_ALL(1.0),AUT,A,N,CPI,IX,SERV,N,_Z,2024,135.1507,A,,2015,,2
OECD.SDD.TPS:DSD_PRICES@DF_PRICES_ALL(1.0),AUT,A,N,CPI,IX,SERV,N,_Z,2025,141.2458,A,,2015,,2
OECD.SDD.TPS:DSD_PRICES@DF_PRICES_ALL(1.0),BEL,A,N,CPI,IX,SERV,N,_Z,2015,100,A,,2015,,2
OECD.SDD.TPS:DSD_PRICES@DF_PRICES_ALL(1.0),BEL,A,N,CPI,IX,SERV,N,_Z,2017,104.7531,A,,2015,,2
OECD.SDD.TPS:DSD_PRICES@DF_PRICES_ALL(1.0),BEL,A,N,CPI,IX,SERV,N,_Z,2018,106.563,A,,2015,,2
OECD.SDD.TPS:DSD_PRICES@DF_PRICES_ALL(1.0),BEL,A,N,CPI,IX,SERV,N,_Z,2019,108.8693,A,,2015,,2
OECD.SDD.TPS:DSD_PRICES@DF_PRICES_ALL(1.0),BEL,A,N,CPI,IX,SERV,N,_Z,2020,110.4949,A,,2015,,2
OECD.SDD.TPS:DSD_PRICES@DF_PRICES_ALL(1.0),BEL,A,N,CPI,IX,SERV,N,_Z,2021,112.5195,A,,2015,,2
OECD.SDD.TPS:DSD_PRICES@DF_PRICES_ALL(1.0),BEL,A,N,CPI,IX,SERV,N,_Z,2022,117.7393,A,,2015,,2
OECD.SDD.TPS:DSD_PRICES@DF_PRICES_ALL(1.0),BEL,A,N,CPI,IX,SERV,N,_Z,2023,126.0452,A,,2015,,2
OECD.SDD.TPS:DSD_PRICES@DF_PRICES_ALL(1.0),BEL,A,N,CPI,IX,SERV,N,_Z,2024,131.5165,A,,2015,,2
OECD.SDD.TPS:DSD_PRICES@DF_PRICES_ALL(1.0),BEL,A,N,CPI,IX,SERV,N,_Z,2025,136.6047,A,,2015,,2
OECD.SDD.TPS:DSD_PRICES@DF_PRICES_ALL(1.0),CAN,A,N,CPI,IX,SERV,N,_Z,2015,100,A,,2015,,2
OECD.SDD.TPS:DSD_PRICES@DF_PRICES_ALL(1.0),CAN,A,N,CPI,IX,SERV,N,_Z,2016,101.8515,A,,2015,,2
OECD.SDD.TPS:DSD_PRICES@DF_PRICES_ALL(1.0),CAN,A,N,CPI,IX,SERV,N,_Z,2018,106.8805,A,,2015,,2
OECD.SDD.TPS:DSD_PRICES@DF_PRICES_ALL(1.0),CAN,A,N,CPI,IX,SERV,N,_Z,2019,109.4042,A,,2015,,2
OECD.SDD.TPS:DSD_PRICES@DF_PRICES_ALL(1.0),CAN,A,N,CPI,IX,SERV,N,_Z,2020,110.9746,A,,2015,,2
OECD.SDD.TPS:DSD_PRICES@DF_PRICES_ALL(1.0),CAN,A,N,CPI,IX,SERV,N,_Z,2021,113.5289,A,,2015,,2
OECD.SDD.TPS:DSD_PRICES@DF_PRICES_ALL(1.0),CAN,A,N,CPI,IX,SERV,N,_Z,2022,119.2178,A,,2015,,2
OECD.SDD.TPS:DSD_PRICES@DF_PRICES_ALL(1.0),CAN,A,N,CPI,IX,SERV,N,_Z,2023,124.6991,A,,2015,,2
OECD.SDD.TPS:DSD_PRICES@DF_PRICES_ALL(1.0),CAN,A,N,CPI,IX,SERV,N,_Z,2024,129.8625,A,,2015,,2
OECD.SDD.TPS:DSD_PRICES@DF_PRICES_ALL(1.0),CHL,A,N,CPI,IX,SERV,N,_Z,2015,100,A,,2015,,2
OECD.SDD.TPS:DSD_PRICES@DF_PRICES_ALL(1.0),CHL,A,N,CPI,IX,SERV,N,_Z,2016,104.7842,A,,2015,,2
OECD.SDD.TPS:DSD_PRICES@DF_PRICES_ALL(1.0),CHL,A,N,CPI,IX,SERV,N,_Z,2017,108.0298,A,,2015,,2
OECD.SDD.TPS:DSD_PRICES@DF_PRICES_ALL(1.0),CHL,A,N,CPI,IX,SERV,N,_Z,2018,111.4687,A,,2015,,2
OECD.SDD.TPS:DSD_PRICES@DF_PRICES_ALL(1.0),CHL,A,N,CPI,IX,SERV,N,_Z,2020,118.5026,A,,2015,,2
OECD.SDD.TPS:DSD_PRICES@DF_PRICES_ALL(1.0),CHL,A,N,CPI,IX,SERV,N,_Z,2021,122.4245,A,,2015,,2
OECD.SDD.TPS:DSD_PRICES@DF_PRICES_ALL(1.0),CHL,A,N,CPI,IX,SERV,N,_Z,2022,133.641,A,,2015,,2
OECD.SDD.TPS:DSD_PRICES@DF_PRICES_ALL(1.0),CHL,A,N,CPI,IX,SERV,N,_Z,2023,143.3496,A,,2015,,2
OECD.SDD.TPS:DSD_PRICES@DF_PRICES_ALL(1.0),COL,A,N,CPI,IX,SERV,N,_Z,2016,105.3987,A,,2015,,2
OECD.SDD.TPS:DSD_PRICES@DF_PRICES_ALL(1.0),COL,A,N,CPI,IX,SERV,N,_Z,2018,116.0809,A,,2015,,2
OECD.SDD.TPS:DSD_PRICES@DF_PRICES_ALL(1.0),COL,A,N,CPI,IX,SERV,N,_Z,2019,120.1799,A,,2015,,2
OECD.SDD.TPS:DSD_PRICES@DF_PRICES_ALL(1.0),COL,A,N,CPI,IX,SERV,N,_Z,2021,125.523,A,,2015,,2
OECD.SDD.TPS:DSD_PRICES@DF_PRICES_ALL(1.0),COL,A,N,CPI,IX,SERV,N,_Z,2022,132.2372,A,,2015,,2
OECD.SDD.TPS:DSD_PRICES@DF_PRICES_ALL(1.0),COL,A,N,CPI,IX,SERV,N,_Z,2023,144.4516,A,,2015,,2
OECD.SDD.TPS:DSD_PRICES@DF_PRICES_ALL(1.0),COL,A,N,CPI,IX,SERV,N,_Z,2025,166.4946,A,,2015,,2
OECD.SDD.TPS:DSD_PRICES@DF_PRICES_ALL(1.0),CRI,A,N,CPI,IX,SERV,N,_Z,2015,100,A,,2015,,2
OECD.SDD.TPS:DSD_PRICES@DF_PRICES_ALL(1.0),CRI,A,N,CPI,IX,SERV,N,_Z,2016,101.9195,A,,2015,,2
OECD.SDD.TPS:DSD_PRICES@DF_PRICES_ALL(1.0),CRI,A,N,CPI,IX,SERV,N,_Z,2017,103.6914,A,,2015,,2
OECD.SDD.TPS:DSD_PRICES@DF_PRICES_ALL(1.0),CRI,A,N,CPI,IX,SERV,N,_Z,2018,106.6551,A,,2015,,2
OECD.SDD.TPS:DSD_PRICES@DF_PRICES_ALL(1.0),CRI,A,N,CPI,IX,SERV,N,_Z,2019,110.4229,A,,2015,,2
OECD.SDD.TPS:DSD_PRICES@DF_PRICES_ALL(1.0),CRI,A,N,CPI,IX,SERV,N,_Z,2020,112.6491,A,,2015,,2
OECD.SDD.TPS:DSD_PRICES@DF_PRICES_ALL(1.0),CRI,A,N,CPI,IX,SERV,N,_Z,2021,112.8507,A,,2015,,2
OECD.SDD.TPS:DSD_PRICES@DF_PRICES_ALL(1.0),CZE,A,N,CPI,IX,SERV,N,_Z,2016,101.475,A,,2015,,2
OECD.SDD.TPS:DSD_PRICES@DF_PRICES_ALL(1.0),CZE,A,N,CPI,IX,SERV,N,_Z,2017,104.45,A,,2015,,2
OECD.SDD.TPS:DSD_PRICES@DF_PRICES_ALL(1.0),CZE,A,N,CPI,IX,SERV,N,_Z,2019,111.975,A,,2015,,2
OECD.SDD.TPS:DSD_PRICES@DF_PRICES_ALL(1.0),CZE,A,N,CPI,IX,SERV,N,_Z,2020,115.7583,A,,2015,,2
OECD.SDD.TPS:DSD_PRICES@DF_PRICES_ALL(1.0),CZE,A,N,CPI,IX,SERV,N,_Z,2021,121.0083,A,,2015,,2
OECD.SDD.TPS:DSD_PRICES@DF_PRICES_ALL(1.0),CZE,A,N,CPI,IX,SERV,N,_Z,2022,137.4083,A,,2015,,2
OECD.SDD.TPS:DSD_PRICES@DF_PRICES_ALL(1.0),CZE,A,N,CPI,IX,SERV,N,_Z,2023,148.7417,A,,2015,,2
OECD.SDD.TPS:DSD_PRICES@DF_PRICES_ALL(1.0),CZE,A,N,CPI,IX,SERV,N,_Z,2024,157.3417,A,,2015,,2
OECD.SDD.TPS:DSD_PRICES@DF_PRICES_ALL(1.0),DNK,A,N,CPI,IX,SERV,N,_Z,2015,100,A,,2015,,2
OECD.SDD.TPS:DSD_PRICES@DF_PRICES_ALL(1.0),DNK,A,N,CPI,IX,SERV,N,_Z,2016,101.6083,A,,2015,,2
OECD.SDD.TPS:DSD_PRICES@DF_PRICES_ALL(1.0),DNK,A,N,CPI,IX,SERV,N,_Z,2017,103.5917,A,,2015,,2
OECD.SDD.TPS:DSD_PRICES@DF_PRICES_ALL(1.0),DNK,A,N,CPI,IX,SERV,N,_Z,2018,105.25,A,,2015,,2
OECD.SDD.TPS:DSD_PRICES@DF_PRICES_ALL(1.0),DNK,A,N,CPI,IX,SERV,N,_Z,2019,106.575,A,,2015,,2
OECD.SDD.TPS:DSD_PRICES@DF_PRICES_ALL(1.0),DNK,A,N,CPI,IX,SERV,N,_Z,2020,107.75,A,,2015,,2
OECD.SDD.TPS:DSD_PRICES@DF_PRICES_ALL(1.0),DNK,A,N,CPI,IX,SERV,N,_Z,2021,109.1417,A,,2015,,2
OECD.SDD.TPS:DSD_PRICES@DF_PRICES_ALL(1.0),DNK,A,N,CPI,IX,SERV,N,_Z,2022,112.8,A,,2015,,2
OECD.SDD.TPS:DSD_PRICES@DF_PRICES_ALL(1.0),DNK,A,N,CPI,IX,SERV,N,_Z,2023,118.275,A,,2015,,2
OECD.SDD.TPS:DSD_PRICES@DF_PRICES_ALL(1.0),DNK,A,N,CPI,IX,SERV,N,_Z,2024,121.575,A,,2015,,2
OECD.SDD.TPS:DSD_PRICES@DF_PRICES_ALL(1.0),EST,A,N,CPI,IX,SERV,N,_Z,2015,100,A,,2015,,2
OECD.SDD.TPS:DSD_PRICES@DF_PRICES_ALL(1.0),EST,A,N,CPI,IX,SERV,N,_Z,2016,101.5314,A,,2015,,2
OECD.SDD.TPS:DSD_PRICES@DF_PRICES_ALL(1.0),EST,A,N,CPI,IX,SERV,N,_Z,2017,104.6637,A,,2015,,2
OECD.SDD.TPS:DSD_PRICES@DF_PRICES_ALL(1.0),EST,A,N,CPI,IX,SERV,N,_Z,2018,107.9011,A,,2015,,2
OECD.SDD.TPS:DSD_PRICES@DF_PRICES_ALL(1.0),EST,A,N,CPI,IX,SERV,N,_Z,2020,113.0577,A,,2015,,2
OECD.SDD.TPS:DSD_PRICES@DF_PRICES_ALL(1.0),EST,A,N,CPI,IX,SERV,N,_Z,2021,116.4942,A,,2015,,2
OECD.SDD.TPS:DSD_PRICES@DF_PRICES_ALL(1.0),EST,A,N,CPI,IX,SERV,N,_Z,2022,128.3602,A,,2015,,2
OECD.SDD.TPS:DSD_PRICES@DF_PRICES_ALL(1.0),EST,A,N,CPI,IX,SERV,N,_Z,2023,138.7574,A,,2015,,2
OECD.SDD.TPS:DSD_PRICES@DF_PRICES_ALL(1.0),EST,A,N,CPI,IX,SERV,N,_Z,2024,148.8678,A,,2015,,2
OECD.SDD.TPS:DSD_PRICES@DF_PRICES_ALL(1.0),EST,A,N,CPI,IX,SERV,N,_Z,2025,164.6307,A,,2015,,2
OECD.SDD.TPS:DSD_PRICES@DF_PRICES_ALL(1.0),FRA,A,N,CPI,IX,SERV,N,_Z,2015,99.99917,A,,2015,,2
OECD.SDD.TPS:DSD_PRICES@DF_PRICES_ALL(1.0),FRA,A,N,CPI,IX,SERV,N,_Z,2016,100.9475,A,,2015,,2
OECD.SDD.TPS:DSD_PRICES@DF_PRICES_ALL(1.0),FRA,A,N,CPI,IX,SERV,N,_Z,2018,103.215,A,,2015,,2
OECD.SDD.TPS:DSD_PRICES@DF_PRICES_ALL(1.0),FRA,A,N,CPI,IX,SERV,N,_Z,2019,104.2858,A,,2015,,2
OECD.SDD.TPS:DSD_PRICES@DF_PRICES_ALL(1.0),FRA,A,N,CPI,IX,SERV,N,_Z,2020,105.22,A,,2015,,2
OECD.SDD.TPS:DSD_PRICES@DF_PRICES_ALL(1.0),FRA,A,N,CPI,IX,SERV,N,_Z,2021,106.4375,A,,2015,,2
OECD.SDD.TPS:DSD_PRICES@DF_PRICES_ALL(1.0),FRA,A,N,CPI,IX,SERV,N,_Z,2022,109.625,A,,2015,,2
OECD.SDD.TPS:DSD_PRICES@DF_PRICES_ALL(1.0),FRA,A,N,CPI,IX,SERV,N,_Z,2023,112.8975,A,,2015,,2
OECD.SDD.TPS:DSD_PRICES@DF_PRICES_ALL(1.0),FRA,A,N,CPI,IX,SERV,N,_Z,2024,115.9958,A,,2015,,2
OECD.SDD.TPS:DSD_PRICES@DF_PRICES_ALL(1.0),FRA,A,N,CPI,IX,SERV,N,_Z,2025,118.6667,A,,2015,,2
OECD.SDD.TPS:DSD_PRICES@DF_PRICES_ALL(1.0),GRC,A,N,CPI,IX,SERV,N,_Z,2015,100,A,,2015,,2
OECD.SDD.TPS:DSD_PRICES@DF_PRICES_ALL(1.0),GRC,A,N,CPI,IX,SERV,N,_Z,2016,100.2606,A,,2015,,2
OECD.SDD.TPS:DSD_PRICES@DF_PRICES_ALL(1.0),GRC,A,N,CPI,IX,SERV,N,_Z,2017,101.3974,A,,2015,,2
OECD.SDD.TPS:DSD_PRICES@DF_PRICES_ALL(1.0),GRC,A,N,CPI,IX,SERV,N,_Z,2018,101.7413,A,,2015,,2
OECD.SDD.TPS:DSD_PRICES@DF_PRICES_ALL(1.0),GRC,A,N,CPI,IX,SERV,N,_Z,2019,102.6435,A,,2015,,2
OECD.SDD.TPS:DSD_PRICES@DF_PRICES_ALL(1.0),GRC,A,N,CPI,IX,SERV,N,_Z,2020,101.98,A,,2015,,2
OECD.SDD.TPS:DSD_PRICES@DF_PRICES_ALL(1.0),GRC,A,N,CPI,IX,SERV,N,_Z,2021,102.3042,A,,2015,,2
OECD.SDD.TPS:DSD_PRICES@DF_PRICES_ALL(1.0),GRC,A,N,CPI,IX,SERV,N,_Z,2023,110.5033,A,,2015,,2
OECD.SDD.TPS:DSD_PRICES@DF_PRICES_ALL(1.0),GRC,A,N,CPI,IX,SERV,N,_Z,2024,115.0106,A,,2015,,2
OECD.SDD.TPS:DSD_PRICES@DF_PRICES_ALL(1.0),GRC,A,N,CPI,IX,SERV,N,_Z,2025,120.6408,A,,2015,,2
OECD.SDD.TPS:DSD_PRICES@DF_PRICES_ALL(1.0),HUN,A,N,CPI,IX,SERV,N,_Z,2015,100,A,,2015,,2
OECD.SDD.TPS:DSD_PRICES@DF_PRICES_ALL(1.0),HUN,A,N,CPI,IX,SERV,N,_Z,2016,101.6929,A,,2015,,2
OECD.SDD.TPS:DSD_PRICES@DF_PRICES_ALL(1.0),HUN,A,N,CPI,IX,SERV,N,_Z,2018,105.8085,A,,2015,,2
OECD.SDD.TPS:DSD_PRICES@DF_PRICES_ALL(1.0),HUN,A,N,CPI,IX,SERV,N,_Z,2019,109.8403,A,,2015,,2
OECD.SDD.TPS:DSD_PRICES@DF_PRICES_ALL(1.0),HUN,A,N,CPI,IX,SERV,N,_Z,2020,113.8302,A,,2015,,2
OECD.SDD.TPS:DSD_PRICES@DF_PRICES_ALL(1.0),HUN,A,N,CPI,IX,SERV,N,_Z,2022,129.1739,A,,2015,,2
OECD.SDD.TPS:DSD_PRICES@DF_PRICES_ALL(1.0),HUN,A,N,CPI,IX,SERV,N,_Z,2023,149.4945,A,,2015,,2
OECD.SDD.TPS:DSD_PRICES@DF_PRICES_ALL(1.0),HUN,A,N,CPI,IX,SERV,N,_Z,2024,162.6847,A,,2015,,2
OECD.SDD.TPS:DSD_PRICES@DF_PRICES_ALL(1.0),HUN,A,N,CPI,IX,SERV,N,_Z,2025,174.4452,A,,2015,,2
OECD.SDD.TPS:DSD_PRICES@DF_PRICES_ALL(1.0),IRL,A,N,CPI,IX,SERV,N,_Z,2015,100,A,,2015,,2
OECD.SDD.TPS:DSD_PRICES@DF_PRICES_ALL(1.0),IRL,A,N,CPI,IX,SERV,N,_Z,2017,104.3873,A,,2015,,2
OECD.SDD.TPS:DSD_PRICES@DF_PRICES_ALL(1.0),IRL,A,N,CPI,IX,SERV,N,_Z,2018,105.7611,A,,2015,,2
OECD.SDD.TPS:DSD_PRICES@DF_PRICES_ALL(1.0),IRL,A,N,CPI,IX,SERV,N,_Z,2019,108.3869,A,,2015,,2
OECD.SDD.TPS:DSD_PRICES@DF_PRICES_ALL(1.0),IRL,A,N,CPI,IX,SERV,N,_Z,2021,112.4529,A,,2015,,2
OECD.SDD.TPS:DSD_PRICES@DF_PRICES_ALL(1.0),IRL,A,N,CPI,IX,SERV,N,_Z,2022,120.2083,A,,2015,,2
OECD.SDD.TPS:DSD_PRICES@DF_PRICES_ALL(1.0),IRL,A,N,CPI,IX,SERV,N,_Z,2023,130.6337,A,,2015,,2
OECD.SDD.TPS:DSD_PRICES@DF_PRICES_ALL(1.0),IRL,A,N,CPI,IX,SERV,N,_Z,2024,135.1651,A,,2015,,2
OECD.SDD.TPS:DSD_PRICES@DF_PRICES_ALL(1.0),IRL,A,N,CPI,IX,SERV,N,_Z,2025,139.1203,A,,2015,,2
OECD.SDD.TPS:DSD_PRICES@DF_PRICES_ALL(1.0),ISR,A,N,CPI,IX,SERV,N,_Z,2015,100,A,,2015,,2
OECD.SDD.TPS:DSD_PRICES@DF_PRICES_ALL(1.0),ISR,A,N,CPI,IX,SERV,N,_Z,2017,100.1265,A,,2015,,2
OECD.SDD.TPS:DSD_PRICES@DF_PRICES_ALL(1.0),ISR,A,N,CPI,IX,SERV,N,_Z,2018,101.2843,A,,2015,,2
OECD.SDD.TPS:DSD_PRICES@DF_PRICES_ALL(1.0),ISR,A,N,CPI,IX,SERV,N,_Z,2020,101.6443,A,,2015,,2
OECD.SDD.TPS:DSD_PRICES@DF_PRICES_ALL(1.0),ISR,A,N,CPI,IX,SERV,N,_Z,2021,102.9189,A,,2015,,2
OECD.SDD.TPS:DSD_PRICES@DF_PRICES_ALL(1.0),ISR,A,N,CPI,IX,SERV,N,_Z,2022,107.4139,A,,2015,,2
OECD.SDD.TPS:DSD_PRICES@DF_PRICES_ALL(1.0),ISR,A,N,CPI,IX,SERV,N,_Z,2023,113.1932,A,,2015,,2
OECD.SDD.TPS:DSD_PRICES@DF_PRICES_ALL(1.0),ISR,A,N,CPI,IX,SERV,N,_Z,2024,116.7737,A,,2015,,2
OECD.SDD.TPS:DSD_PRICES@DF_PRICES_ALL(1.0),ISR,A,N,CPI,IX,SERV,N,_Z,2025,121.3015,A,,2015,,2
OECD.SDD.TPS:DSD_PRICES@DF_PRICES_ALL(1.0),CAN,A,N,CPI,PC,_T,N,G1,2015,1.125241,A,,,,2
OECD.SDD.TPS:DSD_PRICES@DF_PRICES_ALL(1.0),CAN,A,N,CPI,PC,_T,N,G1,2016,1.42876,A,,,,2
OECD.SDD.TPS:DSD_PRICES@DF_PRICES_ALL(1.0),CAN,A,N,CPI,PC,_T,N,G1,2017,1.596884,A,,,,2
OECD.SDD.TPS:DSD_PRICES@DF_PRICES_ALL(1.0),CAN,A,N,CPI,PC,_T,N,G1,2018,2.268226,A,,,,2
OECD.SDD.TPS:DSD_PRICES@DF_PRICES_ALL(1.0),CAN,A,N,CPI,PC,_T,N,G1,2019,1.949269,A,,,,2
OECD.SDD.TPS:DSD_PRICES@DF_PRICES_ALL(1.0),CAN,A,N,CPI,PC,_T,N,G1,2020,0.7169997,A,,,,2
OECD.SDD.TPS:DSD_PRICES@DF_PRICES_ALL(1.0),CAN,A,N,CPI,PC,_T,N,G1,2021,3.395193,A,,,,2
OECD.SDD.TPS:DSD_PRICES@DF_PRICES_ALL(1.0),CAN,A,N,CPI,PC,_T,N,G1,2022,6.802801,A,,,,2
OECD.SDD.TPS:DSD_PRICES@DF_PRICES_ALL(1.0),CAN,A,N,CPI,PC,_T,N,G1,2023,3.879002,A,,,,2
OECD.SDD.TPS:DSD_PRICES@DF_PRICES_ALL(1.0),CAN,A,N,CPI,PC,_T,N,G1,2024,2.381584,A,,,,2
OECD.SDD.TPS:DSD_PRICES@DF_PRICES_ALL(1.0),CAN,A,N,CPI,PC,_T,N,G1,2025,2.072324,A,,,,2
OECD.SDD.TPS:DSD_PRICES@DF_PRICES_ALL(1.0),BEL,A,N,CPI,PC,_T,N,G1,2015,0.5614291,A,,,,2
OECD.SDD.TPS:DSD_PRICES@DF_PRICES_ALL(1.0),BEL,A,N,CPI,PC,_T,N,G1,2016,1.973853,A,,,,2
OECD.SDD.TPS:DSD_PRICES@DF_PRICES_ALL(1.0),BEL,A,N,CPI,PC,_T,N,G1,2017,2.125971,A,,,,2
OECD.SDD.TPS:DSD_PRICES@DF_PRICES_ALL(1.0),BEL,A,N,CPI,PC,_T,N,G1,2018,2.053165,A,,,,2
OECD.SDD.TPS:DSD_PRICES@DF_PRICES_ALL(1.0),BEL,A,N,CPI,PC,_T,N,G1,2019,1.43682,A,,,,2
OECD.SDD.TPS:DSD_PRICES@DF_PRICES_ALL(1.0),BEL,A,N,CPI,PC,_T,N,G1,2020,0.7407918,A,,,,2
OECD.SDD.TPS:DSD_PRICES@DF_PRICES_ALL(1.0),BEL,A,N,CPI,PC,_T,N,G1,2021,2.440248,A,,,,2
OECD.SDD.TPS:DSD_PRICES@DF_PRICES_ALL(1.0),BEL,A,N,CPI,PC,_T,N,G1,2022,9.597511,A,,,,2
OECD.SDD.TPS:DSD_PRICES@DF_PRICES_ALL(1.0),BEL,A,N,CPI,PC,_T,N,G1,2023,4.049011,A,,,,2
OECD.SDD.TPS:DSD_PRICES@DF_PRICES_ALL(1.0),BEL,A,N,CPI,PC,_T,N,G1,2024,3.143491,A,,,,2
OECD.SDD.TPS:DSD_PRICES@DF_PRICES_ALL(1.0),BEL,A,N,CPI,PC,_T,N,G1,2025,2.467055,A,,,,2
OECD.SDD.TPS:DSD_PRICES@DF_PRICES_ALL(1.0),FIN,A,N,CPI,PC,_T,N,G1,2015,-0.207932,A,,,,2
OECD.SDD.TPS:DSD_PRICES@DF_PRICES_ALL(1.0),FIN,A,N,CPI,PC,_T,N,G1,2016,0.3566845,A,,,,2
OECD.SDD.TPS:DSD_PRICES@DF_PRICES_ALL(1.0),FIN,A,N,CPI,PC,_T,N,G1,2017,0.754015,A,,,,2
OECD.SDD.TPS:DSD_PRICES@DF_PRICES_ALL(1.0),FIN,A,N,CPI,PC,_T,N,G1,2018,1.083821,A,,,,2
OECD.SDD.TPS:DSD_PRICES@DF_PRICES_ALL(1.0),FIN,A,N,CPI,PC,_T,N,G1,2019,1.024094,A,,,,2
OECD.SDD.TPS:DSD_PRICES@DF_PRICES_ALL(1.0),FIN,A,N,CPI,PC,_T,N,G1,2020,0.2905546,A,,,,2
OECD.SDD.TPS:DSD_PRICES@DF_PRICES_ALL(1.0),FIN,A,N,CPI,PC,_T,N,G1,2021,2.194574,A,,,,2
OECD.SDD.TPS:DSD_PRICES@DF_PRICES_ALL(1.0),FIN,A,N,CPI,PC,_T,N,G1,2022,7.123507,A,,,,2
OECD.SDD.TPS:DSD_PRICES@DF_PRICES_ALL(1.0),FIN,A,N,CPI,PC,_T,N,G1,2023,6.250643,A,,,,2
OECD.SDD.TPS:DSD_PRICES@DF_PRICES_ALL(1.0),FIN,A,N,CPI,PC,_T,N,G1,2024,1.565689,A,,,,2
OECD.SDD.TPS:DSD_PRICES@DF_PRICES_ALL(1.0),FIN,A,N,CPI,PC,_T,N,G1,2025,0.3378747,A,,,,2
OECD.SDD.TPS:DSD_PRICES@DF_PRICES_ALL(1.0),FRA,A,N,CPI,PC,_T,N,G1,2015,0.03751438,A,,,,2
OECD.SDD.TPS:DSD_PRICES@DF_PRICES_ALL(1.0),FRA,A,N,CPI,PC,_T,N,G1,2016,0.1833349,A,,,,2
OECD.SDD.TPS:DSD_PRICES@DF_PRICES_ALL(1.0),FRA,A,N,CPI,PC,_T,N,G1,2017,1.032283,A,,,,2
OECD.SDD.TPS:DSD_PRICES@DF_PRICES_ALL(1.0),FRA,A,N,CPI,PC,_T,N,G1,2018,1.850815,A,,,,2
OECD.SDD.TPS:DSD_PRICES@DF_PRICES_ALL(1.0),FRA,A,N,CPI,PC,_T,N,G1,2019,1.108255,A,,,,2
OECD.SDD.TPS:DSD_PRICES@DF_PRICES_ALL(1.0),FRA,A,N,CPI,PC,_T,N,G1,2020,0.4764988,A,,,,2
OECD.SDD.TPS:DSD_PRICES@DF_PRICES_ALL(1.0),FRA,A,N,CPI,PC,_T,N,G1,2021,1.642331,A,,,,2
OECD.SDD.TPS:DSD_PRICES@DF_PRICES_ALL(1.0),FRA,A,N,CPI,PC,_T,N,G1,2022,5.222367,A,,,,2
OECD.SDD.TPS:DSD_PRICES@DF_PRICES_ALL(1.0),FRA,A,N,CPI,PC,_T,N,G1,2023,4.878357,A,,,,2
OECD.SDD.TPS:DSD_PRICES@DF_PRICES_ALL(1.0),FRA,A,N,CPI,PC,_T,N,G1,2024,1.999049,A,,,,2
OECD.SDD.TPS:DSD_PRICES@DF_PRICES_ALL(1.0),FRA,A,N,CPI,PC,_T,N,G1,2025,0.9437702,A,,,,2
OECD.SDD.TPS:DSD_PRICES@DF_PRICES_ALL(1.0),DEU,A,N,CPI,PC,_T,N,G1,2015,0.514421,A,,,,2
OECD.SDD.TPS:DSD_PRICES@DF_PRICES_ALL(1.0),DEU,A,N,CPI,PC,_T,N,G1,2016,0.4917486,A,,,,2
OECD.SDD.TPS:DSD_PRICES@DF_PRICES_ALL(1.0),DEU,A,N,CPI,PC,_T,N,G1,2017,1.509497,A,,,,2
OECD.SDD.TPS:DSD_PRICES@DF_PRICES_ALL(1.0),DEU,A,N,CPI,PC,_T,N,G1,2018,1.732168,A,,,,2
OECD.SDD.TPS:DSD_PRICES@DF_PRICES_ALL(1.0),DEU,A,N,CPI,PC,_T,N,G1,2019,1.445667,A,,,,2
OECD.SDD.TPS:DSD_PRICES@DF_PRICES_ALL(1.0),DEU,A,N,CPI,PC,_T,N,G1,2020,0.1448705,A,,,,2
OECD.SDD.TPS:DSD_PRICES@DF_PRICES_ALL(1.0),DEU,A,N,CPI,PC,_T,N,G1,2021,3.066667,A,,,,2
OECD.SDD.TPS:DSD_PRICES@DF_PRICES_ALL(1.0),DEU,A,N,CPI,PC,_T,N,G1,2022,6.872574,A,,,,2
OECD.SDD.TPS:DSD_PRICES@DF_PRICES_ALL(1.0),DEU,A,N,CPI,PC,_T,N,G1,2023,5.946437,A,,,,2
OECD.SDD.TPS:DSD_PRICES@DF_PRICES_ALL(1.0),DEU,A,N,CPI,PC,_T,N,G1,2024,2.256498,A,,,,2
OECD.SDD.TPS:DSD_PRICES@DF_PRICES_ALL(1.0),DEU,A,N,CPI,PC,_T,N,G1,2025,2.171788,A,,,,2
OECD.SDD.TPS:DSD_PRICES@DF_PRICES_ALL(1.0),GRC,A,N,CPI,PC,_T,N,G1,2015,-1.735902,A,,,,2
OECD.SDD.TPS:DSD_PRICES@DF_PRICES_ALL(1.0),GRC,A,N,CPI,PC,_T,N,G1,2016,-0.8256576,A,,,,2
OECD.SDD.TPS:DSD_PRICES@DF_PRICES_ALL(1.0),GRC,A,N,CPI,PC,_T,N,G1,2017,1.121259,A,,,,2
OECD.SDD.TPS:DSD_PRICES@DF_PRICES_ALL(1.0),GRC,A,N,CPI,PC,_T,N,G1,2018,0.6256205,A,,,,2
OECD.SDD.TPS:DSD_PRICES@DF_PRICES_ALL(1.0),GRC,A,N,CPI,PC,_T,N,G1,2019,0.2529927,A,,,,2
OECD.SDD.TPS:DSD_PRICES@DF_PRICES_ALL(1.0),GRC,A,N,CPI,PC,_T,N,G1,2020,-1.247972,A,,,,2
OECD.SDD.TPS:DSD_PRICES@DF_PRICES_ALL(1.0),GRC,A,N,CPI,PC,_T,N,G1,2021,1.223826,A,,,,2
OECD.SDD.TPS:DSD_PRICES@DF_PRICES_ALL(1.0),GRC,A,N,CPI,PC,_T,N,G1,2022,9.645261,A,,,,2
OECD.SDD.TPS:DSD_PRICES@DF_PRICES_ALL(1.0),GRC,A,N,CPI,PC,_T,N,G1,2023,3.464802,A,,,,2
OECD.SDD.TPS:DSD_PRICES@DF_PRICES_ALL(1.0),GRC,A,N,CPI,PC,_T,N,G1,2024,2.741496,A,,,,2
OECD.SDD.TPS:DSD_PRICES@DF_PRICES_ALL(1.0),GRC,A,N,CPI,PC,_T,N,G1,2025,2.481621,A,,,,2
OECD.SDD.TPS:DSD_PRICES@DF_PRICES_ALL(1.0),ISL,A,N,CPI,PC,_T,N,G1,2015,1.633058,A,,,,2
OECD.SDD.TPS:DSD_PRICES@DF_PRICES_ALL(1.0),ISL,A,N,CPI,PC,_T,N,G1,2016,1.69693,A,,,,2
OECD.SDD.TPS:DSD_PRICES@DF_PRICES_ALL(1.0),ISL,A,N,CPI,PC,_T,N,G1,2017,1.760413,A,,,,2
OECD.SDD.TPS:DSD_PRICES@DF_PRICES_ALL(1.0),ISL,A,N,CPI,PC,_T,N,G1,2018,2.682915,A,,,,2
OECD.SDD.TPS:DSD_PRICES@DF_PRICES_ALL(1.0),ISL,A,N,CPI,PC,_T,N,G1,2019,3.013977,A,,,,2
OECD.SDD.TPS:DSD_PRICES@DF_PRICES_ALL(1.0),ISL,A,N,CPI,PC,_T,N,G1,2020,2.847919,A,,,,2
OECD.SDD.TPS:DSD_PRICES@DF_PRICES_ALL(1.0),ISL,A,N,CPI,PC,_T,N,G1,2021,4.444243,A,,,,2
OECD.SDD.TPS:DSD_PRICES@DF_PRICES_ALL(1.0),ISL,A,N,CPI,PC,_T,N,G1,2022,8.308754,A,,,,2
OECD.SDD.TPS:DSD_PRICES@DF_PRICES_ALL(1.0),ISL,A,N,CPI,PC,_T,N,G1,2023,8.736306,A,,,,2
OECD.SDD.TPS:DSD_PRICES@DF_PRICES_ALL(1.0),ISL,A,N,CPI,PC,_T,N,G1,2024,5.856838,A,,,,2
OECD.SDD.TPS:DSD_PRICES@DF_PRICES_ALL(1.0),ISL,A,N,CPI,PC,_T,N,G1,2025,4.090915,A,,,,2
OECD.SDD.TPS:DSD_PRICES@DF_PRICES_ALL(1.0),AUT,A,N,CPI,PC,_T,N,G1,2015,0.8965653,A,,,,2
OECD.SDD.TPS:DSD_PRICES@DF_PRICES_ALL(1.0),AUT,A,N,CPI,PC,_T,N,G1,2016,0.8915924,A,,,,2
OECD.SDD.TPS:DSD_PRICES@DF_PRICES_ALL(1.0),AUT,A,N,CPI,PC,_T,N,G1,2017,2.081269,A,,,,2
OECD.SDD.TPS:DSD_PRICES@DF_PRICES_ALL(1.0),AUT,A,N,CPI,PC,_T,N,G1,2018,1.998382,A,,,,2
OECD.SDD.TPS:DSD_PRICES@DF_PRICES_ALL(1.0),AUT,A,N,CPI,PC,_T,N,G1,2019,1.530896,A,,,,2
OECD.SDD.TPS:DSD_PRICES@DF_PRICES_ALL(1.0),AUT,A,N,CPI,PC,_T,N,G1,2020,1.381909,A,,,,2
OECD.SDD.TPS:DSD_PRICES@DF_PRICES_ALL(1.0),AUT,A,N,CPI,PC,_T,N,G1,2021,2.766667,A,,,,2
OECD.SDD.TPS:DSD_PRICES@DF_PRICES_ALL(1.0),AUT,A,N,CPI,PC,_T,N,G1,2022,8.54687,A,,,,2
OECD.SDD.TPS:DSD_PRICES@DF_PRICES_ALL(1.0),AUT,A,N,CPI,PC,_T,N,G1,2023,7.814134,A,,,,2
OECD.SDD.TPS:DSD_PRICES@DF_PRICES_ALL(1.0),AUT,A,N,CPI,PC,_T,N,G1,2024,2.937916,A,,,,2
OECD.SDD.TPS:DSD_PRICES@DF_PRICES_ALL(1.0),AUT,A,N,CPI,PC,_T,N,G1,2025,3.527194,A,,,,2
OECD.SDD.TPS:DSD_PRICES@DF_PRICES_ALL(1.0),CHL,A,N,CPI,PC,_T,N,G1,2015,4.348773,A,,,,2
OECD.SDD.TPS:DSD_PRICES@DF_PRICES_ALL(1.0),CHL,A,N,CPI,PC,_T,N,G1,2016,3.786194,A,,,,2
OECD.SDD.TPS:DSD_PRICES@DF_PRICES_ALL(1.0),CHL,A,N,CPI,PC,_T,N,G1,2017,2.182719,A,,,,2
OECD.SDD.TPS:DSD_PRICES@DF_PRICES_ALL(1.0),CHL,A,N,CPI,PC,_T,N,G1,2018,2.43489,A,,,,2
OECD.SDD.TPS:DSD_PRICES@DF_PRICES_ALL(1.0),CHL,A,N,CPI,PC,_T,N,G1,2019,2.557545,A,,,,2
OECD.SDD.TPS:DSD_PRICES@DF_PRICES_ALL(1.0),CHL,A,N,CPI,PC,_T,N,G1,2020,3.045491,A,,,,2
OECD.SDD.TPS:DSD_PRICES@DF_PRICES_ALL(1.0),CHL,A,N,CPI,PC,_T,N,G1,2021,4.524569,A,,,,2
OECD.SDD.TPS:DSD_PRICES@DF_PRICES_ALL(1.0),CHL,A,N,CPI,PC,_T,N,G1,2022,11.64387,A,,,,2
OECD.SDD.TPS:DSD_PRICES@DF_PRICES_ALL(1.0),CHL,A,N,CPI,PC,_T,N,G1,2023,7.581683,A,,,,2
OECD.SDD.TPS:DSD_PRICES@DF_PRICES_ALL(1.0),COL,A,N,CPI,PC,_T,N,G1,2015,4.989829,A,,,,2
OECD.SDD.TPS:DSD_PRICES@DF_PRICES_ALL(1.0),COL,A,N,CPI,PC,_T,N,G1,2016,7.513461,A,,,,2
OECD.SDD.TPS:DSD_PRICES@DF_PRICES_ALL(1.0),COL,A,N,CPI,PC,_T,N,G1,2017,4.314313,A,,,,2
OECD.SDD.TPS:DSD_PRICES@DF_PRICES_ALL(1.0),COL,A,N,CPI,PC,_T,N,G1,2018,3.24057,A,,,,2
OECD.SDD.TPS:DSD_PRICES@DF_PRICES_ALL(1.0),COL,A,N,CPI,PC,_T,N,G1,2019,3.52302,A,,,,2
OECD.SDD.TPS:DSD_PRICES@DF_PRICES_ALL(1.0),COL,A,N,CPI,PC,_T,N,G1,2020,2.52662,A,,,,2
OECD.SDD.TPS:DSD_PRICES@DF_PRICES_ALL(1.0),COL,A,N,CPI,PC,_T,N,G1,2021,3.495073,A,,,,2
OECD.SDD.TPS:DSD_PRICES@DF_PRICES_ALL(1.0),COL,A,N,CPI,PC,_T,N,G1,2022,10.17724,A,,,,2
OECD.SDD.TPS:DSD_PRICES@DF_PRICES_ALL(1.0),COL,A,N,CPI,PC,_T,N,G1,2023,11.7359,A,,,,2
OECD.SDD.TPS:DSD_PRICES@DF_PRICES_ALL(1.0),COL,A,N,CPI,PC,_T,N,G1,2024,6.609091,A,,,,2
OECD.SDD.TPS:DSD_PRICES@DF_PRICES_ALL(1.0),COL,A,N,CPI,PC,_T,N,G1,2025,5.142237,A,,,,2
OECD.SDD.TPS:DSD_PRICES@DF_PRICES_ALL(1.0),CRI,A,N,CPI,PC,_T,N,G1,2015,0.801982,A,,,,2
OECD.SDD.TPS:DSD_PRICES@DF_PRICES_ALL(1.0),CRI,A,N,CPI,PC,_T,N,G1,2016,-0.01747885,A,,,,2
OECD.SDD.TPS:DSD_PRICES@DF_PRICES_ALL(1.0),CRI,A,N,CPI,PC,_T,N,G1,2017,1.625907,A,,,,2
OECD.SDD.TPS:DSD_PRICES@DF_PRICES_ALL(1.0),CRI,A,N,CPI,PC,_T,N,G1,2018,2.221115,A,,,,2
OECD.SDD.TPS:DSD_PRICES@DF_PRICES_ALL(1.0),CRI,A,N,CPI,PC,_T,N,G1,2019,2.096046,A,,,,2
OECD.SDD.TPS:DSD_PRICES@DF_PRICES_ALL(1.0),CRI,A,N,CPI,PC,_T,N,G1,2020,0.7249115,A,,,,2
OECD.SDD.TPS:DSD_PRICES@DF_PRICES_ALL(1.0),CRI,A,N,CPI,PC,_T,N,G1,2021,1.726478,A,,,,2
OECD.SDD.TPS:DSD_PRICES@DF_PRICES_ALL(1.0),CZE,A,N,CPI,PC,_T,N,G1,2015,0.3093646,A,,,,2
OECD.SDD.TPS:DSD_PRICES@DF_PRICES_ALL(1.0),CZE,A,N,CPI,PC,_T,N,G1,2016,0.6835042,A,,,,2
OECD.SDD.TPS:DSD_PRICES@DF_PRICES_ALL(1.0),CZE,A,N,CPI,PC,_T,N,G1,2017,2.450534,A,,,,2
OECD.SDD.TPS:DSD_PRICES@DF_PRICES_ALL(1.0),CZE,A,N,CPI,PC,_T,N,G1,2018,2.149495,A,,,,2
OECD.SDD.TPS:DSD_PRICES@DF_PRICES_ALL(1.0),CZE,A,N,CPI,PC,_T,N,G1,2019,2.847876,A,,,,2
OECD.SDD.TPS:DSD_PRICES@DF_PRICES_ALL(1.0),CZE,A,N,CPI,PC,_T,N,G1,2020,3.161295,A,,,,2
OECD.SDD.TPS:DSD_PRICES@DF_PRICES_ALL(1.0),CZE,A,N,CPI,PC,_T,N,G1,2021,3.839845,A,,,,2
OECD.SDD.TPS:DSD_PRICES@DF_PRICES_ALL(1.0),CZE,A,N,CPI,PC,_T,N,G1,2022,15.10017,A,,,,2
OECD.SDD.TPS:DSD_PRICES@DF_PRICES_ALL(1.0),CZE,A,N,CPI,PC,_T,N,G1,2023,10.66126,A,,,,2
OECD.SDD.TPS:DSD_PRICES@DF_PRICES_ALL(1.0),CZE,A,N,CPI,PC,_T,N,G1,2024,2.435312,A,,,,2
OECD.SDD.TPS:DSD_PRICES@DF_PRICES_ALL(1.0),CZE,A,N,CPI,PC,_T,N,G1,2025,2.459964,A,,,,2
OECD.SDD.TPS:DSD_PRICES@DF_PRICES_ALL(1.0),DNK,A,N,CPI,PC,_T,N,G1,2015,0.4520341,A,,,,2
OECD.SDD.TPS:DSD_PRICES@DF_PRICES_ALL(1.0),DNK,A,N,CPI,PC,_T,N,G1,2016,0.25,A,,,,2
OECD.SDD.TPS:DSD_PRICES@DF_PRICES_ALL(1.0),DNK,A,N,CPI,PC,_T,N,G1,2017,1.147132,A,,,,2
OECD.SDD.TPS:DSD_PRICES@DF_PRICES_ALL(1.0),DNK,A,N,CPI,PC,_T,N,G1,2018,0.8136095,A,,,,2
OECD.SDD.TPS:DSD_PRICES@DF_PRICES_ALL(1.0),DNK,A,N,CPI,PC,_T,N,G1,2019,0.7581316,A,,,,2
OECD.SDD.TPS:DSD_PRICES@DF_PRICES_ALL(1.0),DNK,A,N,CPI,PC,_T,N,G1,2020,0.420712,A,,,,2
OECD.SDD.TPS:DSD_PRICES@DF_PRICES_ALL(1.0),DNK,A,N,CPI,PC,_T,N,G1,2021,1.853045,A,,,,2
OECD.SDD.TPS:DSD_PRICES@DF_PRICES_ALL(1.0),DNK,A,N,CPI,PC,_T,N,G1,2022,7.696567,A,,,,2
OECD.SDD.TPS:DSD_PRICES@DF_PRICES_ALL(1.0),DNK,A,N,CPI,PC,_T,N,G1,2023,3.305178,A,,,,2
OECD.SDD.TPS:DSD_PRICES@DF_PRICES_ALL(1.0),DNK,A,N,CPI,PC,_T,N,G1,2024,1.3722,A,,,,2
OECD.SDD.TPS:DSD_PRICES@DF_PRICES_ALL(1.0),DNK,A,N,CPI,PC,_T,N,G1,2025,1.893674,A,,,,2
OECD.SDD.TPS:DSD_PRICES@DF_PRICES_ALL(1.0),EST,A,N,CPI,PC,_T,N,G1,2015,-0.492326,A,,,,2
OECD.SDD.TPS:DSD_PRICES@DF_PRICES_ALL(1.0),EST,A,N,CPI,PC,_T,N,G1,2016,0.1486849,A,,,,2
OECD.SDD.TPS:DSD_PRICES@DF_PRICES_ALL(1.0),EST,A,N,CPI,PC,_T,N,G1,2017,3.417236,A,,,,2
OECD.SDD.TPS:DSD_PRICES@DF_PRICES_ALL(1.0),EST,A,N,CPI,PC,_T,N,G1,2018,3.436327,A,,,,2
OECD.SDD.TPS:DSD_PRICES@DF_PRICES_ALL(1.0),EST,A,N,CPI,PC,_T,N,G1,2019,2.277259,A,,,,2
OECD.SDD.TPS:DSD_PRICES@DF_PRICES_ALL(1.0),EST,A,N,CPI,PC,_T,N,G1,2020,-0.4445311,A,,,,2
OECD.SDD.TPS:DSD_PRICES@DF_PRICES_ALL(1.0),EST,A,N,CPI,PC,_T,N,G1,2021,4.653167,A,,,,2
OECD.SDD.TPS:DSD_PRICES@DF_PRICES_ALL(1.0),EST,A,N,CPI,PC,_T,N,G1,2022,19.39826,A,,,,2
OECD.SDD.TPS:DSD_PRICES@DF_PRICES_ALL(1.0),EST,A,N,CPI,PC,_T,N,G1,2023,9.159226,A,,,,2
OECD.SDD.TPS:DSD_PRICES@DF_PRICES_ALL(1.0),EST,A,N,CPI,PC,_T,N,G1,2024,3.520561,A,,,,2
OECD.SDD.TPS:DSD_PRICES@DF_PRICES_ALL(1.0),EST,A,N,CPI,PC,_T,N,G1,2025,4.828044,A,,,,2
OECD.SDD.TPS:DSD_PRICES@DF_PRICES_ALL(1.0),HUN,A,N,CPI,PC,_T,N,G1,2015,-0.06164468,A,,,,2
OECD.SDD.TPS:DSD_PRICES@DF_PRICES_ALL(1.0),HUN,A,N,CPI,PC,_T,N,G1,2016,0.3947693,A,,,,2
OECD.SDD.TPS:DSD_PRICES@DF_PRICES_ALL(1.0),HUN,A,N,CPI,PC,_T,N,G1,2017,2.348243,A,,,,2
OECD.SDD.TPS:DSD_PRICES@DF_PRICES_ALL(1.0),HUN,A,N,CPI,PC,_T,N,G1,2018,2.850248,A,,,,2
OECD.SDD.TPS:DSD_PRICES@DF_PRICES_ALL(1.0),HUN,A,N,CPI,PC,_T,N,G1,2019,3.338586,A,,,,2
OECD.SDD.TPS:DSD_PRICES@DF_PRICES_ALL(1.0),HUN,A,N,CPI,PC,_T,N,G1,2020,3.326744,A,,,,2
OECD.SDD.TPS:DSD_PRICES@DF_PRICES_ALL(1.0),HUN,A,N,CPI,PC,_T,N,G1,2021,5.110965,A,,,,2
OECD.SDD.TPS:DSD_PRICES@DF_PRICES_ALL(1.0),HUN,A,N,CPI,PC,_T,N,G1,2022,14.60814,A,,,,2
OECD.SDD.TPS:DSD_PRICES@DF_PRICES_ALL(1.0),HUN,A,N,CPI,PC,_T,N,G1,2023,17.12497,A,,,,2
OECD.SDD.TPS:DSD_PRICES@DF_PRICES_ALL(1.0),HUN,A,N,CPI,PC,_T,N,G1,2024,3.703704,A,,,,2
OECD.SDD.TPS:DSD_PRICES@DF_PRICES_ALL(1.0),HUN,A,N,CPI,PC,_T,N,G1,2025,4.411984,A,,,,2
OECD.SDD.TPS:DSD_PRICES@DF_PRICES_ALL(1.0),IRL,A,N,CPI,PC,_T,N,G1,2015,-0.3309598,A,,,,2
OECD.SDD.TPS:DSD_PRICES@DF_PRICES_ALL(1.0),IRL,A,N,CPI,PC,_T,N,G1,2016,0.02012477,A,,,,2
OECD.SDD.TPS:DSD_PRICES@DF_PRICES_ALL(1.0),IRL,A,N,CPI,PC,_T,N,G1,2017,0.3621731,A,,,,2
OECD.SDD.TPS:DSD_PRICES@DF_PRICES_ALL(1.0),IRL,A,N,CPI,PC,_T,N,G1,2018,0.4711307,A,,,,2
OECD.SDD.TPS:DSD_PRICES@DF_PRICES_ALL(1.0),IRL,A,N,CPI,PC,_T,N,G1,2019,0.937843,A,,,,2
OECD.SDD.TPS:DSD_PRICES@DF_PRICES_ALL(1.0),IRL,A,N,CPI,PC,_T,N,G1,2020,-0.3261836,A,,,,2
OECD.SDD.TPS:DSD_PRICES@DF_PRICES_ALL(1.0),IRL,A,N,CPI,PC,_T,N,G1,2021,2.340341,A,,,,2
OECD.SDD.TPS:DSD_PRICES@DF_PRICES_ALL(1.0),IRL,A,N,CPI,PC,_T,N,G1,2022,7.829457,A,,,,2
OECD.SDD.TPS:DSD_PRICES@DF_PRICES_ALL(1.0),IRL,A,N,CPI,PC,_T,N,G1,2023,6.299425,A,,,,2
OECD.SDD.TPS:DSD_PRICES@DF_PRICES_ALL(1.0),IRL,A,N,CPI,PC,_T,N,G1,2024,2.11345,A,,,,2
OECD.SDD.TPS:DSD_PRICES@DF_PRICES_ALL(1.0),IRL,A,N,CPI,PC,_T,N,G1,2025,2.210448,A,,,,2
OECD.SDD.TPS:DSD_PRICES@DF_PRICES_ALL(1.0),ISR,A,N,CPI,PC,_T,N,G1,2015,-0.6173426,A,,,,2
OECD.SDD.TPS:DSD_PRICES@DF_PRICES_ALL(1.0),ISR,A,N,CPI,PC,_T,N,G1,2016,-0.5351682,A,,,,2
OECD.SDD.TPS:DSD_PRICES@DF_PRICES_ALL(1.0),ISR,A,N,CPI,PC,_T,N,G1,2017,0.2498078,A,,,,2
OECD.SDD.TPS:DSD_PRICES@DF_PRICES_ALL(1.0),ISR,A,N,CPI,PC,_T,N,G1,2018,0.8050604,A,,,,2
OECD.SDD.TPS:DSD_PRICES@DF_PRICES_ALL(1.0),ISR,A,N,CPI,PC,_T,N,G1,2019,0.817646,A,,,,2
OECD.SDD.TPS:DSD_PRICES@DF_PRICES_ALL(1.0),ISR,A,N,CPI,PC,_T,N,G1,2020,-0.5752546,A,,,,2
OECD.SDD.TPS:DSD_PRICES@DF_PRICES_ALL(1.0),ISR,A,N,CPI,PC,_T,N,G1,2021,1.479655,A,,,,2
OECD.SDD.TPS:DSD_PRICES@DF_PRICES_ALL(1.0),ISR,A,N,CPI,PC,_T,N,G1,2022,4.411627,A,,,,2
OECD.SDD.TPS:DSD_PRICES@DF_PRICES_ALL(1.0),ISR,A,N,CPI,PC,_T,N,G1,2023,4.225226,A,,,,2
OECD.SDD.TPS:DSD_PRICES@DF_PRICES_ALL(1.0),ISR,A,N,CPI,PC,_T,N,G1,2024,3.074809,A,,,,2
OECD.SDD.TPS:DSD_PRICES@DF_PRICES_ALL(1.0),ISR,A,N,CPI,PC,_T,N,G1,2025,3.041413,A,,,,2
OECD.SDD.TPS:DSD_PRICES@DF_PRICES_ALL(1.0),FRA,A,N,CPI,PA,_T,N,GY,2015,0.03751438,A,,,,2
OECD.SDD.TPS:DSD_PRICES@DF_PRICES_ALL(1.0),FRA,A,N,CPI,PA,_T,N,GY,2016,0.1833349,A,,,,2
OECD.SDD.TPS:DSD_PRICES@DF_PRICES_ALL(1.0),FRA,A,N,CPI,PA,_T,N,GY,2017,1.032283,A,,,,2
OECD.SDD.TPS:DSD_PRICES@DF_PRICES_ALL(1.0),FRA,A,N,CPI,PA,_T,N,GY,2018,1.850815,A,,,,2
OECD.SDD.TPS:DSD_PRICES@DF_PRICES_ALL(1.0),FRA,A,N,CPI,PA,_T,N,GY,2019,1.108255,A,,,,2
OECD.SDD.TPS:DSD_PRICES@DF_PRICES_ALL(1.0),FRA,A,N,CPI,PA,_T,N,GY,2020,0.4764988,A,,,,2
OECD.SDD.TPS:DSD_PRICES@DF_PRICES_ALL(1.0),FRA,A,N,CPI,PA,_T,N,GY,2021,1.642331,A,,,,2
OECD.SDD.TPS:DSD_PRICES@DF_PRICES_ALL(1.0),FRA,A,N,CPI,PA,_T,N,GY,2022,5.222367,A,,,,2
OECD.SDD.TPS:DSD_PRICES@DF_PRICES_ALL(1.0),FRA,A,N,CPI,PA,_T,N,GY,2023,4.878357,A,,,,2
OECD.SDD.TPS:DSD_PRICES@DF_PRICES_ALL(1.0),FRA,A,N,CPI,PA,_T,N,GY,2024,1.999049,A,,,,2
OECD.SDD.TPS:DSD_PRICES@DF_PRICES_ALL(1.0),FRA,A,N,CPI,PA,_T,N,GY,2025,0.9437702,A,,,,2
OECD.SDD.TPS:DSD_PRICES@DF_PRICES_ALL(1.0),DEU,A,N,CPI,PA,_T,N,GY,2015,0.514421,A,,,,2
OECD.SDD.TPS:DSD_PRICES@DF_PRICES_ALL(1.0),DEU,A,N,CPI,PA,_T,N,GY,2016,0.4917486,A,,,,2
OECD.SDD.TPS:DSD_PRICES@DF_PRICES_ALL(1.0),DEU,A,N,CPI,PA,_T,N,GY,2017,1.509497,A,,,,2
OECD.SDD.TPS:DSD_PRICES@DF_PRICES_ALL(1.0),DEU,A,N,CPI,PA,_T,N,GY,2018,1.732168,A,,,,2
OECD.SDD.TPS:DSD_PRICES@DF_PRICES_ALL(1.0),DEU,A,N,CPI,PA,_T,N,GY,2019,1.445667,A,,,,2
OECD.SDD.TPS:DSD_PRICES@DF_PRICES_ALL(1.0),DEU,A,N,CPI,PA,_T,N,GY,2020,0.1448705,A,,,,2
OECD.SDD.TPS:DSD_PRICES@DF_PRICES_ALL(1.0),DEU,A,N,CPI,PA,_T,N,GY,2021,3.066667,A,,,,2
OECD.SDD.TPS:DSD_PRICES@DF_PRICES_ALL(1.0),DEU,A,N,CPI,PA,_T,N,GY,2022,6.872574,A,,,,2
OECD.SDD.TPS:DSD_PRICES@DF_PRICES_ALL(1.0),DEU,A,N,CPI,PA,_T,N,GY,2023,5.946437,A,,,,2
OECD.SDD.TPS:DSD_PRICES@DF_PRICES_ALL(1.0),DEU,A,N,CPI,PA,_T,N,GY,2024,2.256498,A,,,,2
OECD.SDD.TPS:DSD_PRICES@DF_PRICES_ALL(1.0),DEU,A,N,CPI,PA,_T,N,GY,2025,2.171788,A,,,,2
OECD.SDD.TPS:DSD_PRICES@DF_PRICES_ALL(1.0),GRC,A,N,CPI,PA,_T,N,GY,2015,-1.735902,A,,,,2
OECD.SDD.TPS:DSD_PRICES@DF_PRICES_ALL(1.0),GRC,A,N,CPI,PA,_T,N,GY,2016,-0.8256576,A,,,,2
OECD.SDD.TPS:DSD_PRICES@DF_PRICES_ALL(1.0),GRC,A,N,CPI,PA,_T,N,GY,2017,1.121259,A,,,,2
OECD.SDD.TPS:DSD_PRICES@DF_PRICES_ALL(1.0),GRC,A,N,CPI,PA,_T,N,GY,2018,0.6256205,A,,,,2
OECD.SDD.TPS:DSD_PRICES@DF_PRICES_ALL(1.0),GRC,A,N,CPI,PA,_T,N,GY,2019,0.2529927,A,,,,2
OECD.SDD.TPS:DSD_PRICES@DF_PRICES_ALL(1.0),GRC,A,N,CPI,PA,_T,N,GY,2020,-1.247972,A,,,,2
OECD.SDD.TPS:DSD_PRICES@DF_PRICES_ALL(1.0),GRC,A,N,CPI,PA,_T,N,GY,2021,1.223826,A,,,,2
OECD.SDD.TPS:DSD_PRICES@DF_PRICES_ALL(1.0),GRC,A,N,CPI,PA,_T,N,GY,2022,9.645261,A,,,,2
OECD.SDD.TPS:DSD_PRICES@DF_PRICES_ALL(1.0),GRC,A,N,CPI,PA,_T,N,GY,2023,3.464802,A,,,,2
OECD.SDD.TPS:DSD_PRICES@DF_PRICES_ALL(1.0),GRC,A,N,CPI,PA,_T,N,GY,2024,2.741496,A,,,,2
OECD.SDD.TPS:DSD_PRICES@DF_PRICES_ALL(1.0),GRC,A,N,CPI,PA,_T,N,GY,2025,2.481621,A,,,,2
OECD.SDD.TPS:DSD_PRICES@DF_PRICES_ALL(1.0),ISL,A,N,CPI,PA,_T,N,GY,2015,1.633058,A,,,,2
OECD.SDD.TPS:DSD_PRICES@DF_PRICES_ALL(1.0),ISL,A,N,CPI,PA,_T,N,GY,2016,1.69693,A,,,,2
OECD.SDD.TPS:DSD_PRICES@DF_PRICES_ALL(1.0),ISL,A,N,CPI,PA,_T,N,GY,2017,1.760413,A,,,,2
OECD.SDD.TPS:DSD_PRICES@DF_PRICES_ALL(1.0),ISL,A,N,CPI,PA,_T,N,GY,2018,2.682915,A,,,,2
OECD.SDD.TPS:DSD_PRICES@DF_PRICES_ALL(1.0),ISL,A,N,CPI,PA,_T,N,GY,2019,3.013977,A,,,,2
OECD.SDD.TPS:DSD_PRICES@DF_PRICES_ALL(1.0),ISL,A,N,CPI,PA,_T,N,GY,2020,2.847919,A,,,,2
OECD.SDD.TPS:DSD_PRICES@DF_PRICES_ALL(1.0),ISL,A,N,CPI,PA,_T,N,GY,2021,4.444243,A,,,,2
OECD.SDD.TPS:DSD_PRICES@DF_PRICES_ALL(1.0),ISL,A,N,CPI,PA,_T,N,GY,2022,8.308754,A,,,,2
OECD.SDD.TPS:DSD_PRICES@DF_PRICES_ALL(1.0),ISL,A,N,CPI,PA,_T,N,GY,2023,8.736306,A,,,,2
OECD.SDD.TPS:DSD_PRICES@DF_PRICES_ALL(1.0),ISL,A,N,CPI,PA,_T,N,GY,2024,5.856838,A,,,,2
OECD.SDD.TPS:DSD_PRICES@DF_PRICES_ALL(1.0),ISL,A,N,CPI,PA,_T,N,GY,2025,4.090915,A,,,,2
OECD.SDD.TPS:DSD_PRICES@DF_PRICES_ALL(1.0),AUT,A,N,CPI,PA,_T,N,GY,2015,0.8965653,A,,,,2
OECD.SDD.TPS:DSD_PRICES@DF_PRICES_ALL(1.0),AUT,A,N,CPI,PA,_T,N,GY,2016,0.8915924,A,,,,2
OECD.SDD.TPS:DSD_PRICES@DF_PRICES_ALL(1.0),AUT,A,N,CPI,PA,_T,N,GY,2017,2.081269,A,,,,2
OECD.SDD.TPS:DSD_PRICES@DF_PRICES_ALL(1.0),AUT,A,N,CPI,PA,_T,N,GY,2018,1.998382,A,,,,2
OECD.SDD.TPS:DSD_PRICES@DF_PRICES_ALL(1.0),AUT,A,N,CPI,PA,_T,N,GY,2019,1.530896,A,,,,2
OECD.SDD.TPS:DSD_PRICES@DF_PRICES_ALL(1.0),AUT,A,N,CPI,PA,_T,N,GY,2020,1.381909,A,,,,2
OECD.SDD.TPS:DSD_PRICES@DF_PRICES_ALL(1.0),AUT,A,N,CPI,PA,_T,N,GY,2021,2.766667,A,,,,2
OECD.SDD.TPS:DSD_PRICES@DF_PRICES_ALL(1.0),AUT,A,N,CPI,PA,_T,N,GY,2022,8.54687,A,,,,2
OECD.SDD.TPS:DSD_PRICES@DF_PRICES_ALL(1.0),AUT,A,N,CPI,PA,_T,N,GY,2023,7.814134,A,,,,2
OECD.SDD.TPS:DSD_PRICES@DF_PRICES_ALL(1.0),AUT,A,N,CPI,PA,_T,N,GY,2024,2.937916,A,,,,2
OECD.SDD.TPS:DSD_PRICES@DF_PRICES_ALL(1.0),AUT,A,N,CPI,PA,_T,N,GY,2025,3.527194,A,,,,2
OECD.SDD.TPS:DSD_PRICES@DF_PRICES_ALL(1.0),CHL,A,N,CPI,PA,_T,N,GY,2015,4.348773,A,,,,2
OECD.SDD.TPS:DSD_PRICES@DF_PRICES_ALL(1.0),CHL,A,N,CPI,PA,_T,N,GY,2016,3.786194,A,,,,2
OECD.SDD.TPS:DSD_PRICES@DF_PRICES_ALL(1.0),CHL,A,N,CPI,PA,_T,N,GY,2017,2.182719,A,,,,2
OECD.SDD.TPS:DSD_PRICES@DF_PRICES_ALL(1.0),CHL,A,N,CPI,PA,_T,N,GY,2018,2.43489,A,,,,2
OECD.SDD.TPS:DSD_PRICES@DF_PRICES_ALL(1.0),CHL,A,N,CPI,PA,_T,N,GY,2019,2.557545,A,,,,2
OECD.SDD.TPS:DSD_PRICES@DF_PRICES_ALL(1.0),CHL,A,N,CPI,PA,_T,N,GY,2020,3.045491,A,,,,2
OECD.SDD.TPS:DSD_PRICES@DF_PRICES_ALL(1.0),CHL,A,N,CPI,PA,_T,N,GY,2021,4.524569,A,,,,2
OECD.SDD.TPS:DSD_PRICES@DF_PRICES_ALL(1.0),CHL,A,N,CPI,PA,_T,N,GY,2022,11.64387,A,,,,2
OECD.SDD.TPS:DSD_PRICES@DF_PRICES_ALL(1.0),CHL,A,N,CPI,PA,_T,N,GY,2023,7.581683,A,,,,2
OECD.SDD.TPS:DSD_PRICES@DF_PRICES_ALL(1.0),COL,A,N,CPI,PA,_T,N,GY,2015,4.989829,A,,,,2
OECD.SDD.TPS:DSD_PRICES@DF_PRICES_ALL(1.0),COL,A,N,CPI,PA,_T,N,GY,2016,7.513461,A,,,,2
OECD.SDD.TPS:DSD_PRICES@DF_PRICES_ALL(1.0),COL,A,N,CPI,PA,_T,N,GY,2017,4.314313,A,,,,2
OECD.SDD.TPS:DSD_PRICES@DF_PRICES_ALL(1.0),COL,A,N,CPI,PA,_T,N,GY,2018,3.24057,A,,,,2
OECD.SDD.TPS:DSD_PRICES@DF_PRICES_ALL(1.0),COL,A,N,CPI,PA,_T,N,GY,2019,3.52302,A,,,,2
OECD.SDD.TPS:DSD_PRICES@DF_PRICES_ALL(1.0),COL,A,N,CPI,PA,_T,N,GY,2020,2.52662,A,,,,2
OECD.SDD.TPS:DSD_PRICES@DF_PRICES_ALL(1.0),COL,A,N,CPI,PA,_T,N,GY,2021,3.495073,A,,,,2
OECD.SDD.TPS:DSD_PRICES@DF_PRICES_ALL(1.0),COL,A,N,CPI,PA,_T,N,GY,2022,10.17724,A,,,,2
OECD.SDD.TPS:DSD_PRICES@DF_PRICES_ALL(1.0),COL,A,N,CPI,PA,_T,N,GY,2023,11.7359,A,,,,2
OECD.SDD.TPS:DSD_PRICES@DF_PRICES_ALL(1.0),COL,A,N,CPI,PA,_T,N,GY,2024,6.609091,A,,,,2
OECD.SDD.TPS:DSD_PRICES@DF_PRICES_ALL(1.0),COL,A,N,CPI,PA,_T,N,GY,2025,5.142237,A,,,,2
OECD.SDD.TPS:DSD_PRICES@DF_PRICES_ALL(1.0),CRI,A,N,CPI,PA,_T,N,GY,2015,0.801982,A,,,,2
OECD.SDD.TPS:DSD_PRICES@DF_PRICES_ALL(1.0),CRI,A,N,CPI,PA,_T,N,GY,2016,-0.01747885,A,,,,2
OECD.SDD.TPS:DSD_PRICES@DF_PRICES_ALL(1.0),CRI,A,N,CPI,PA,_T,N,GY,2017,1.625907,A,,,,2
OECD.SDD.TPS:DSD_PRICES@DF_PRICES_ALL(1.0),CRI,A,N,CPI,PA,_T,N,GY,2018,2.221115,A,,,,2
OECD.SDD.TPS:DSD_PRICES@DF_PRICES_ALL(1.0),CRI,A,N,CPI,PA,_T,N,GY,2019,2.096046,A,,,,2
OECD.SDD.TPS:DSD_PRICES@DF_PRICES_ALL(1.0),CRI,A,N,CPI,PA,_T,N,GY,2020,0.7249115,A,,,,2
OECD.SDD.TPS:DSD_PRICES@DF_PRICES_ALL(1.0),CRI,A,N,CPI,PA,_T,N,GY,2021,1.726478,A,,,,2
OECD.SDD.TPS:DSD_PRICES@DF_PRICES_ALL(1.0),CZE,A,N,CPI,PA,_T,N,GY,2015,0.3093646,A,,,,2
OECD.SDD.TPS:DSD_PRICES@DF_PRICES_ALL(1.0),CZE,A,N,CPI,PA,_T,N,GY,2016,0.6835042,A,,,,2
OECD.SDD.TPS:DSD_PRICES@DF_PRICES_ALL(1.0),CZE,A,N,CPI,PA,_T,N,GY,2017,2.450534,A,,,,2
OECD.SDD.TPS:DSD_PRICES@DF_PRICES_ALL(1.0),CZE,A,N,CPI,PA,_T,N,GY,2018,2.149495,A,,,,2
OECD.SDD.TPS:DSD_PRICES@DF_PRICES_ALL(1.0),CZE,A,N,CPI,PA,_T,N,GY,2019,2.847876,A,,,,2
OECD.SDD.TPS:DSD_PRICES@DF_PRICES_ALL(1.0),CZE,A,N,CPI,PA,_T,N,GY,2020,3.161295,A,,,,2
OECD.SDD.TPS:DSD_PRICES@DF_PRICES_ALL(1.0),CZE,A,N,CPI,PA,_T,N,GY,2021,3.839845,A,,,,2
OECD.SDD.TPS:DSD_PRICES@DF_PRICES_ALL(1.0),CZE,A,N,CPI,PA,_T,N,GY,2022,15.10017,A,,,,2
OECD.SDD.TPS:DSD_PRICES@DF_PRICES_ALL(1.0),CZE,A,N,CPI,PA,_T,N,GY,2023,10.66126,A,,,,2
OECD.SDD.TPS:DSD_PRICES@DF_PRICES_ALL(1.0),CZE,A,N,CPI,PA,_T,N,GY,2024,2.435312,A,,,,2
OECD.SDD.TPS:DSD_PRICES@DF_PRICES_ALL(1.0),CZE,A,N,CPI,PA,_T,N,GY,2025,2.459964,A,,,,2
OECD.SDD.TPS:DSD_PRICES@DF_PRICES_ALL(1.0),DNK,A,N,CPI,PA,_T,N,GY,2015,0.4520341,A,,,,2
OECD.SDD.TPS:DSD_PRICES@DF_PRICES_ALL(1.0),DNK,A,N,CPI,PA,_T,N,GY,2016,0.25,A,,,,2
OECD.SDD.TPS:DSD_PRICES@DF_PRICES_ALL(1.0),DNK,A,N,CPI,PA,_T,N,GY,2017,1.147132,A,,,,2
OECD.SDD.TPS:DSD_PRICES@DF_PRICES_ALL(1.0),DNK,A,N,CPI,PA,_T,N,GY,2018,0.8136095,A,,,,2
OECD.SDD.TPS:DSD_PRICES@DF_PRICES_ALL(1.0),DNK,A,N,CPI,PA,_T,N,GY,2019,0.7581316,A,,,,2
OECD.SDD.TPS:DSD_PRICES@DF_PRICES_ALL(1.0),DNK,A,N,CPI,PA,_T,N,GY,2020,0.420712,A,,,,2
OECD.SDD.TPS:DSD_PRICES@DF_PRICES_ALL(1.0),DNK,A,N,CPI,PA,_T,N,GY,2021,1.853045,A,,,,2
OECD.SDD.TPS:DSD_PRICES@DF_PRICES_ALL(1.0),DNK,A,N,CPI,PA,_T,N,GY,2022,7.696567,A,,,,2
OECD.SDD.TPS:DSD_PRICES@DF_PRICES_ALL(1.0),DNK,A,N,CPI,PA,_T,N,GY,2023,3.305178,A,,,,2
OECD.SDD.TPS:DSD_PRICES@DF_PRICES_ALL(1.0),DNK,A,N,CPI,PA,_T,N,GY,2024,1.3722,A,,,,2
OECD.SDD.TPS:DSD_PRICES@DF_PRICES_ALL(1.0),DNK,A,N,CPI,PA,_T,N,GY,2025,1.893674,A,,,,2
OECD.SDD.TPS:DSD_PRICES@DF_PRICES_ALL(1.0),EST,A,N,CPI,PA,_T,N,GY,2015,-0.492326,A,,,,2
OECD.SDD.TPS:DSD_PRICES@DF_PRICES_ALL(1.0),EST,A,N,CPI,PA,_T,N,GY,2016,0.1486849,A,,,,2
OECD.SDD.TPS:DSD_PRICES@DF_PRICES_ALL(1.0),EST,A,N,CPI,PA,_T,N,GY,2017,3.417236,A,,,,2
OECD.SDD.TPS:DSD_PRICES@DF_PRICES_ALL(1.0),EST,A,N,CPI,PA,_T,N,GY,2018,3.436327,A,,,,2
OECD.SDD.TPS:DSD_PRICES@DF_PRICES_ALL(1.0),EST,A,N,CPI,PA,_T,N,GY,2019,2.277259,A,,,,2
OECD.SDD.TPS:DSD_PRICES@DF_PRICES_ALL(1.0),EST,A,N,CPI,PA,_T,N,GY,2020,-0.4445311,A,,,,2
OECD.SDD.TPS:DSD_PRICES@DF_PRICES_ALL(1.0),EST,A,N,CPI,PA,_T,N,GY,2021,4.653167,A,,,,2
OECD.SDD.TPS:DSD_PRICES@DF_PRICES_ALL(1.0),EST,A,N,CPI,PA,_T,N,GY,2022,19.39826,A,,,,2
OECD.SDD.TPS:DSD_PRICES@DF_PRICES_ALL(1.0),EST,A,N,CPI,PA,_T,N,GY,2023,9.159226,A,,,,2
OECD.SDD.TPS:DSD_PRICES@DF_PRICES_ALL(1.0),EST,A,N,CPI,PA,_T,N,GY,2024,3.520561,A,,,,2
OECD.SDD.TPS:DSD_PRICES@DF_PRICES_ALL(1.0),EST,A,N,CPI,PA,_T,N,GY,2025,4.828044,A,,,,2
OECD.SDD.TPS:DSD_PRICES@DF_PRICES_ALL(1.0),HUN,A,N,CPI,PA,_T,N,GY,2015,-0.06164468,A,,,,2
OECD.SDD.TPS:DSD_PRICES@DF_PRICES_ALL(1.0),HUN,A,N,CPI,PA,_T,N,GY,2016,0.3947693,A,,,,2
OECD.SDD.TPS:DSD_PRICES@DF_PRICES_ALL(1.0),HUN,A,N,CPI,PA,_T,N,GY,2017,2.348243,A,,,,2
OECD.SDD.TPS:DSD_PRICES@DF_PRICES_ALL(1.0),HUN,A,N,CPI,PA,_T,N,GY,2018,2.850248,A,,,,2
OECD.SDD.TPS:DSD_PRICES@DF_PRICES_ALL(1.0),HUN,A,N,CPI,PA,_T,N,GY,2019,3.338586,A,,,,2
OECD.SDD.TPS:DSD_PRICES@DF_PRICES_ALL(1.0),HUN,A,N,CPI,PA,_T,N,GY,2020,3.326744,A,,,,2
OECD.SDD.TPS:DSD_PRICES@DF_PRICES_ALL(1.0),HUN,A,N,CPI,PA,_T,N,GY,2021,5.110965,A,,,,2
OECD.SDD.TPS:DSD_PRICES@DF_PRICES_ALL(1.0),HUN,A,N,CPI,PA,_T,N,GY,2022,14.60814,A,,,,2
OECD.SDD.TPS:DSD_PRICES@DF_PRICES_ALL(1.0),HUN,A,N,CPI,PA,_T,N,GY,2023,17.12497,A,,,,2
OECD.SDD.TPS:DSD_PRICES@DF_PRICES_ALL(1.0),HUN,A,N,CPI,PA,_T,N,GY,2024,3.703704,A,,,,2
OECD.SDD.TPS:DSD_PRICES@DF_PRICES_ALL(1.0),HUN,A,N,CPI,PA,_T,N,GY,2025,4.411984,A,,,,2
OECD.SDD.TPS:DSD_PRICES@DF_PRICES_ALL(1.0),IRL,A,N,CPI,PA,_T,N,GY,2015,-0.3309598,A,,,,2
OECD.SDD.TPS:DSD_PRICES@DF_PRICES_ALL(1.0),IRL,A,N,CPI,PA,_T,N,GY,2016,0.02012477,A,,,,2
OECD.SDD.TPS:DSD_PRICES@DF_PRICES_ALL(1.0),IRL,A,N,CPI,PA,_T,N,GY,2017,0.3621731,A,,,,2
OECD.SDD.TPS:DSD_PRICES@DF_PRICES_ALL(1.0),IRL,A,N,CPI,PA,_T,N,GY,2018,0.4711307,A,,,,2
OECD.SDD.TPS:DSD_PRICES@DF_PRICES_ALL(1.0),IRL,A,N,CPI,PA,_T,N,GY,2019,0.937843,A,,,,2
OECD.SDD.TPS:DSD_PRICES@DF_PRICES_ALL(1.0),IRL,A,N,CPI,PA,_T,N,GY,2020,-0.3261836,A,,,,2
OECD.SDD.TPS:DSD_PRICES@DF_PRICES_ALL(1.0),IRL,A,N,CPI,PA,_T,N,GY,2021,2.340341,A,,,,2
OECD.SDD.TPS:DSD_PRICES@DF_PRICES_ALL(1.0),IRL,A,N,CPI,PA,_T,N,GY,2022,7.829457,A,,,,2
OECD.SDD.TPS:DSD_PRICES@DF_PRICES_ALL(1.0),IRL,A,N,CPI,PA,_T,N,GY,2023,6.299425,A,,,,2
OECD.SDD.TPS:DSD_PRICES@DF_PRICES_ALL(1.0),IRL,A,N,CPI,PA,_T,N,GY,2024,2.11345,A,,,,2
OECD.SDD.TPS:DSD_PRICES@DF_PRICES_ALL(1.0),IRL,A,N,CPI,PA,_T,N,GY,2025,2.210448,A,,,,2
OECD.SDD.TPS:DSD_PRICES@DF_PRICES_ALL(1.0),ISR,A,N,CPI,PA,_T,N,GY,2015,-0.6173426,A,,,,2
OECD.SDD.TPS:DSD_PRICES@DF_PRICES_ALL(1.0),ISR,A,N,CPI,PA,_T,N,GY,2016,-0.5351682,A,,,,2
OECD.SDD.TPS:DSD_PRICES@DF_PRICES_ALL(1.0),ISR,A,N,CPI,PA,_T,N,GY,2017,0.2498078,A,,,,2
OECD.SDD.TPS:DSD_PRICES@DF_PRICES_ALL(1.0),ISR,A,N,CPI,PA,_T,N,GY,2018,0.8050604,A,,,,2
OECD.SDD.TPS:DSD_PRICES@DF_PRICES_ALL(1.0),ISR,A,N,CPI,PA,_T,N,GY,2019,0.817646,A,,,,2
OECD.SDD.TPS:DSD_PRICES@DF_PRICES_ALL(1.0),ISR,A,N,CPI,PA,_T,N,GY,2020,-0.5752546,A,,,,2
OECD.SDD.TPS:DSD_PRICES@DF_PRICES_ALL(1.0),ISR,A,N,CPI,PA,_T,N,GY,2021,1.479655,A,,,,2
OECD.SDD.TPS:DSD_PRICES@DF_PRICES_ALL(1.0),ISR,A,N,CPI,PA,_T,N,GY,2022,4.411627,A,,,,2
OECD.SDD.TPS:DSD_PRICES@DF_PRICES_ALL(1.0),ISR,A,N,CPI,PA,_T,N,GY,2023,4.225226,A,,,,2
OECD.SDD.TPS:DSD_PRICES@DF_PRICES_ALL(1.0),ISR,A,N,CPI,PA,_T,N,GY,2024,3.074809,A,,,,2
OECD.SDD.TPS:DSD_PRICES@DF_PRICES_ALL(1.0),ISR,A,N,CPI,PA,_T,N,GY,2025,3.041413,A,,,,2
OECD.SDD.TPS:DSD_PRICES@DF_PRICES_ALL(1.0),FIN,A,N,CPI,PA,_T,N,GY,2015,-0.207932,A,,,,2
OECD.SDD.TPS:DSD_PRICES@DF_PRICES_ALL(1.0),FIN,A,N,CPI,PA,_T,N,GY,2016,0.3566845,A,,,,2
OECD.SDD.TPS:DSD_PRICES@DF_PRICES_ALL(1.0),FIN,A,N,CPI,PA,_T,N,GY,2017,0.754015,A,,,,2
OECD.SDD.TPS:DSD_PRICES@DF_PRICES_ALL(1.0),FIN,A,N,CPI,PA,_T,N,GY,2018,1.083821,A,,,,2
OECD.SDD.TPS:DSD_PRICES@DF_PRICES_ALL(1.0),FIN,A,N,CPI,PA,_T,N,GY,2019,1.024094,A,,,,2
OECD.SDD.TPS:DSD_PRICES@DF_PRICES_ALL(1.0),FIN,A,N,CPI,PA,_T,N,GY,2020,0.2905546,A,,,,2
OECD.SDD.TPS:DSD_PRICES@DF_PRICES_ALL(1.0),FIN,A,N,CPI,PA,_T,N,GY,2021,2.194574,A,,,,2
OECD.SDD.TPS:DSD_PRICES@DF_PRICES_ALL(1.0),FIN,A,N,CPI,PA,_T,N,GY,2022,7.123507,A,,,,2
OECD.SDD.TPS:DSD_PRICES@DF_PRICES_ALL(1.0),FIN,A,N,CPI,PA,_T,N,GY,2023,6.250643,A,,,,2
OECD.SDD.TPS:DSD_PRICES@DF_PRICES_ALL(1.0),FIN,A,N,CPI,PA,_T,N,GY,2024,1.565689,A,,,,2
OECD.SDD.TPS:DSD_PRICES@DF_PRICES_ALL(1.0),FIN,A,N,CPI,PA,_T,N,GY,2025,0.3378747,A,,,,2
OECD.SDD.TPS:DSD_PRICES@DF_PRICES_ALL(1.0),BEL,A,N,CPI,PA,_T,N,GY,2015,0.5614291,A,,,,2
OECD.SDD.TPS:DSD_PRICES@DF_PRICES_ALL(1.0),BEL,A,N,CPI,PA,_T,N,GY,2016,1.973853,A,,,,2
OECD.SDD.TPS:DSD_PRICES@DF_PRICES_ALL(1.0),BEL,A,N,CPI,PA,_T,N,GY,2017,2.125971,A,,,,2
OECD.SDD.TPS:DSD_PRICES@DF_PRICES_ALL(1.0),BEL,A,N,CPI,PA,_T,N,GY,2018,2.053165,A,,,,2
OECD.SDD.TPS:DSD_PRICES@DF_PRICES_ALL(1.0),BEL,A,N,CPI,PA,_T,N,GY,2019,1.43682,A,,,,2
OECD.SDD.TPS:DSD_PRICES@DF_PRICES_ALL(1.0),BEL,A,N,CPI,PA,_T,N,GY,2020,0.7407918,A,,,,2
OECD.SDD.TPS:DSD_PRICES@DF_PRICES_ALL(1.0),BEL,A,N,CPI,PA,_T,N,GY,2021,2.440248,A,,,,2
OECD.SDD.TPS:DSD_PRICES@DF_PRICES_ALL(1.0),BEL,A,N,CPI,PA,_T,N,GY,2022,9.597511,A,,,,2
OECD.SDD.TPS:DSD_PRICES@DF_PRICES_ALL(1.0),BEL,A,N,CPI,PA,_T,N,GY,2023,4.049011,A,,,,2
OECD.SDD.TPS:DSD_PRICES@DF_PRICES_ALL(1.0),BEL,A,N,CPI,PA,_T,N,GY,2024,3.143491,A,,,,2
OECD.SDD.TPS:DSD_PRICES@DF_PRICES_ALL(1.0),BEL,A,N,CPI,PA,_T,N,GY,2025,2.467055,A,,,,2
OECD.SDD.TPS:DSD_PRICES@DF_PRICES_ALL(1.0),CAN,A,N,CPI,PA,_T,N,GY,2015,1.125241,A,,,,2
OECD.SDD.TPS:DSD_PRICES@DF_PRICES_ALL(1.0),CAN,A,N,CPI,PA,_T,N,GY,2016,1.42876,A,,,,2
OECD.SDD.TPS:DSD_PRICES@DF_PRICES_ALL(1.0),CAN,A,N,CPI,PA,_T,N,GY,2017,1.596884,A,,,,2
OECD.SDD.TPS:DSD_PRICES@DF_PRICES_ALL(1.0),CAN,A,N,CPI,PA,_T,N,GY,2018,2.268226,A,,,,2
OECD.SDD.TPS:DSD_PRICES@DF_PRICES_ALL(1.0),CAN,A,N,CPI,PA,_T,N,GY,2019,1.949269,A,,,,2
OECD.SDD.TPS:DSD_PRICES@DF_PRICES_ALL(1.0),CAN,A,N,CPI,PA,_T,N,GY,2020,0.7169997,A,,,,2
OECD.SDD.TPS:DSD_PRICES@DF_PRICES_ALL(1.0),CAN,A,N,CPI,PA,_T,N,GY,2021,3.395193,A,,,,2
OECD.SDD.TPS:DSD_PRICES@DF_PRICES_ALL(1.0),CAN,A,N,CPI,PA,_T,N,GY,2022,6.802801,A,,,,2
OECD.SDD.TPS:DSD_PRICES@DF_PRICES_ALL(1.0),CAN,A,N,CPI,PA,_T,N,GY,2023,3.879002,A,,,,2
OECD.SDD.TPS:DSD_PRICES@DF_PRICES_ALL(1.0),CAN,A,N,CPI,PA,_T,N,GY,2024,2.381584,A,,,,2
OECD.SDD.TPS:DSD_PRICES@DF_PRICES_ALL(1.0),CAN,A,N,CPI,PA,_T,N,GY,2025,2.072324,A,,,,2
OECD.SDD.TPS:DSD_PRICES@DF_PRICES_ALL(1.0),AUT,A,N,CPI,IX,_T,N,_Z,2015,100,A,,2015,,2
OECD.SDD.TPS:DSD_PRICES@DF_PRICES_ALL(1.0),AUT,A,N,CPI,IX,_T,N,_Z,2016,100.8916,A,,2015,,2
OECD.SDD.TPS:DSD_PRICES@DF_PRICES_ALL(1.0),AUT,A,N,CPI,IX,_T,N,_Z,2017,102.9914,A,,2015,,2
OECD.SDD.TPS:DSD_PRICES@DF_PRICES_ALL(1.0),AUT,A,N,CPI,IX,_T,N,_Z,2018,105.0496,A,,2015,,2
OECD.SDD.TPS:DSD_PRICES@DF_PRICES_ALL(1.0),AUT,A,N,CPI,IX,_T,N,_Z,2019,106.6578,A,,2015,,2
OECD.SDD.TPS:DSD_PRICES@DF_PRICES_ALL(1.0),AUT,A,N,CPI,IX,_T,N,_Z,2020,108.1317,A,,2015,,2
OECD.SDD.TPS:DSD_PRICES@DF_PRICES_ALL(1.0),AUT,A,N,CPI,IX,_T,N,_Z,2021,111.1233,A,,2015,,2
OECD.SDD.TPS:DSD_PRICES@DF_PRICES_ALL(1.0),AUT,A,N,CPI,IX,_T,N,_Z,2022,120.6209,A,,2015,,2
OECD.SDD.TPS:DSD_PRICES@DF_PRICES_ALL(1.0),AUT,A,N,CPI,IX,_T,N,_Z,2023,130.0464,A,,2015,,2
OECD.SDD.TPS:DSD_PRICES@DF_PRICES_ALL(1.0),AUT,A,N,CPI,IX,_T,N,_Z,2024,133.867,A,,2015,,2
OECD.SDD.TPS:DSD_PRICES@DF_PRICES_ALL(1.0),AUT,A,N,CPI,IX,_T,N,_Z,2025,138.5888,A,,2015,,2
OECD.SDD.TPS:DSD_PRICES@DF_PRICES_ALL(1.0),CAN,A,N,CPI,IX,_T,S,_Z,2015,100,A,,2015,,2
OECD.SDD.TPS:DSD_PRICES@DF_PRICES_ALL(1.0),CAN,A,N,CPI,IX,_T,S,_Z,2016,101.4288,A,,2015,,2
OECD.SDD.TPS:DSD_PRICES@DF_PRICES_ALL(1.0),CAN,A,N,CPI,IX,_T,S,_Z,2017,103.0485,A,,2015,,2
OECD.SDD.TPS:DSD_PRICES@DF_PRICES_ALL(1.0),CAN,A,N,CPI,IX,_T,S,_Z,2018,105.3858,A,,2015,,2
OECD.SDD.TPS:DSD_PRICES@DF_PRICES_ALL(1.0),CAN,A,N,CPI,IX,_T,S,_Z,2019,107.4401,A,,2015,,2
OECD.SDD.TPS:DSD_PRICES@DF_PRICES_ALL(1.0),CAN,A,N,CPI,IX,_T,S,_Z,2020,108.2104,A,,2015,,2
OECD.SDD.TPS:DSD_PRICES@DF_PRICES_ALL(1.0),CAN,A,N,CPI,IX,_T,S,_Z,2021,111.8844,A,,2015,,2
OECD.SDD.TPS:DSD_PRICES@DF_PRICES_ALL(1.0),CAN,A,N,CPI,IX,_T,S,_Z,2022,119.4957,A,,2015,,2
OECD.SDD.TPS:DSD_PRICES@DF_PRICES_ALL(1.0),CAN,A,N,CPI,IX,_T,S,_Z,2023,124.1309,A,,2015,,2
OECD.SDD.TPS:DSD_PRICES@DF_PRICES_ALL(1.0),CAN,A,N,CPI,IX,_T,S,_Z,2024,127.0872,A,,2015,,2
OECD.SDD.TPS:DSD_PRICES@DF_PRICES_ALL(1.0),CHL,A,N,CPI,IX,_T,N,_Z,2015,100,A,,2015,,2
OECD.SDD.TPS:DSD_PRICES@DF_PRICES_ALL(1.0),CHL,A,N,CPI,IX,_T,N,_Z,2016,103.7862,A,,2015,,2
OECD.SDD.TPS:DSD_PRICES@DF_PRICES_ALL(1.0),CHL,A,N,CPI,IX,_T,N,_Z,2017,106.0516,A,,2015,,2
OECD.SDD.TPS:DSD_PRICES@DF_PRICES_ALL(1.0),CHL,A,N,CPI,IX,_T,N,_Z,2018,108.6338,A,,2015,,2
OECD.SDD.TPS:DSD_PRICES@DF_PRICES_ALL(1.0),CHL,A,N,CPI,IX,_T,N,_Z,2019,111.4121,A,,2015,,2
OECD.SDD.TPS:DSD_PRICES@DF_PRICES_ALL(1.0),CHL,A,N,CPI,IX,_T,N,_Z,2020,114.8052,A,,2015,,2
OECD.SDD.TPS:DSD_PRICES@DF_PRICES_ALL(1.0),CHL,A,N,CPI,IX,_T,N,_Z,2021,119.9996,A,,2015,,2
OECD.SDD.TPS:DSD_PRICES@DF_PRICES_ALL(1.0),CHL,A,N,CPI,IX,_T,N,_Z,2022,133.9722,A,,2015,,2
OECD.SDD.TPS:DSD_PRICES@DF_PRICES_ALL(1.0),CHL,A,N,CPI,IX,_T,N,_Z,2023,144.1296,A,,2015,,2
OECD.SDD.TPS:DSD_PRICES@DF_PRICES_ALL(1.0),COL,A,N,CPI,IX,_T,N,_Z,2015,100,A,,2015,,2
OECD.SDD.TPS:DSD_PRICES@DF_PRICES_ALL(1.0),COL,A,N,CPI,IX,_T,N,_Z,2016,107.5135,A,,2015,,2
OECD.SDD.TPS:DSD_PRICES@DF_PRICES_ALL(1.0),COL,A,N,CPI,IX,_T,N,_Z,2017,112.1519,A,,2015,,2
OECD.SDD.TPS:DSD_PRICES@DF_PRICES_ALL(1.0),COL,A,N,CPI,IX,_T,N,_Z,2018,115.7863,A,,2015,,2
OECD.SDD.TPS:DSD_PRICES@DF_PRICES_ALL(1.0),COL,A,N,CPI,IX,_T,N,_Z,2019,119.8655,A,,2015,,2
OECD.SDD.TPS:DSD_PRICES@DF_PRICES_ALL(1.0),COL,A,N,CPI,IX,_T,N,_Z,2020,122.894,A,,2015,,2
OECD.SDD.TPS:DSD_PRICES@DF_PRICES_ALL(1.0),COL,A,N,CPI,IX,_T,N,_Z,2021,127.1892,A,,2015,,2
OECD.SDD.TPS:DSD_PRICES@DF_PRICES_ALL(1.0),COL,A,N,CPI,IX,_T,N,_Z,2022,140.1336,A,,2015,,2
OECD.SDD.TPS:DSD_PRICES@DF_PRICES_ALL(1.0),COL,A,N,CPI,IX,_T,N,_Z,2023,156.5795,A,,2015,,2
OECD.SDD.TPS:DSD_PRICES@DF_PRICES_ALL(1.0),COL,A,N,CPI,IX,_T,N,_Z,2024,166.928,A,,2015,,2
OECD.SDD.TPS:DSD_PRICES@DF_PRICES_ALL(1.0),COL,A,N,CPI,IX,_T,N,_Z,2025,175.5118,A,,2015,,2
OECD.SDD.TPS:DSD_PRICES@DF_PRICES_ALL(1.0),CRI,A,N,CPI,IX,_T,N,_Z,2015,100,A,,2015,,2
OECD.SDD.TPS:DSD_PRICES@DF_PRICES_ALL(1.0),CRI,A,N,CPI,IX,_T,N,_Z,2016,99.98252,A,,2015,,2
OECD.SDD.TPS:DSD_PRICES@DF_PRICES_ALL(1.0),CRI,A,N,CPI,IX,_T,N,_Z,2017,101.6081,A,,2015,,2
OECD.SDD.TPS:DSD_PRICES@DF_PRICES_ALL(1.0),CRI,A,N,CPI,IX,_T,N,_Z,2018,103.865,A,,2015,,2
OECD.SDD.TPS:DSD_PRICES@DF_PRICES_ALL(1.0),CRI,A,N,CPI,IX,_T,N,_Z,2019,106.042,A,,2015,,2
OECD.SDD.TPS:DSD_PRICES@DF_PRICES_ALL(1.0),CRI,A,N,CPI,IX,_T,N,_Z,2020,106.8107,A,,2015,,2
OECD.SDD.TPS:DSD_PRICES@DF_PRICES_ALL(1.0),CRI,A,N,CPI,IX,_T,N,_Z,2021,108.6548,A,,2015,,2
OECD.SDD.TPS:DSD_PRICES@DF_PRICES_ALL(1.0),CZE,A,N,CPI,IX,_T,N,_Z,2015,99.975,A,,2015,,2
OECD.SDD.TPS:DSD_PRICES@DF_PRICES_ALL(1.0),CZE,A,N,CPI,IX,_T,N,_Z,2016,100.6583,A,,2015,,2
OECD.SDD.TPS:DSD_PRICES@DF_PRICES_ALL(1.0),CZE,A,N,CPI,IX,_T,N,_Z,2017,103.125,A,,2015,,2
OECD.SDD.TPS:DSD_PRICES@DF_PRICES_ALL(1.0),CZE,A,N,CPI,IX,_T,N,_Z,2018,105.3417,A,,2015,,2
OECD.SDD.TPS:DSD_PRICES@DF_PRICES_ALL(1.0),CZE,A,N,CPI,IX,_T,N,_Z,2019,108.3417,A,,2015,,2
OECD.SDD.TPS:DSD_PRICES@DF_PRICES_ALL(1.0),CZE,A,N,CPI,IX,_T,N,_Z,2020,111.7667,A,,2015,,2
OECD.SDD.TPS:DSD_PRICES@DF_PRICES_ALL(1.0),CZE,A,N,CPI,IX,_T,N,_Z,2021,116.0583,A,,2015,,2
OECD.SDD.TPS:DSD_PRICES@DF_PRICES_ALL(1.0),CZE,A,N,CPI,IX,_T,N,_Z,2022,133.5833,A,,2015,,2
OECD.SDD.TPS:DSD_PRICES@DF_PRICES_ALL(1.0),CZE,A,N,CPI,IX,_T,N,_Z,2023,147.825,A,,2015,,2
OECD.SDD.TPS:DSD_PRICES@DF_PRICES_ALL(1.0),CZE,A,N,CPI,IX,_T,N,_Z,2024,151.425,A,,2015,,2
OECD.SDD.TPS:DSD_PRICES@DF_PRICES_ALL(1.0),CZE,A,N,CPI,IX,_T,N,_Z,2025,155.15,A,,2015,,2
OECD.SDD.TPS:DSD_PRICES@DF_PRICES_ALL(1.0),DNK,A,N,CPI,IX,_T,N,_Z,2015,100,A,,2015,,2
OECD.SDD.TPS:DSD_PRICES@DF_PRICES_ALL(1.0),DNK,A,N,CPI,IX,_T,N,_Z,2016,100.25,A,,2015,,2
OECD.SDD.TPS:DSD_PRICES@DF_PRICES_ALL(1.0),DNK,A,N,CPI,IX,_T,N,_Z,2017,101.4,A,,2015,,2
OECD.SDD.TPS:DSD_PRICES@DF_PRICES_ALL(1.0),DNK,A,N,CPI,IX,_T,N,_Z,2018,102.225,A,,2015,,2
OECD.SDD.TPS:DSD_PRICES@DF_PRICES_ALL(1.0),DNK,A,N,CPI,IX,_T,N,_Z,2019,103,A,,2015,,2
OECD.SDD.TPS:DSD_PRICES@DF_PRICES_ALL(1.0),DNK,A,N,CPI,IX,_T,N,_Z,2020,103.4333,A,,2015,,2
OECD.SDD.TPS:DSD_PRICES@DF_PRICES_ALL(1.0),DNK,A,N,CPI,IX,_T,N,_Z,2021,105.35,A,,2015,,2
OECD.SDD.TPS:DSD_PRICES@DF_PRICES_ALL(1.0),DNK,A,N,CPI,IX,_T,N,_Z,2022,113.4583,A,,2015,,2
OECD.SDD.TPS:DSD_PRICES@DF_PRICES_ALL(1.0),DNK,A,N,CPI,IX,_T,N,_Z,2023,117.2083,A,,2015,,2
OECD.SDD.TPS:DSD_PRICES@DF_PRICES_ALL(1.0),DNK,A,N,CPI,IX,_T,N,_Z,2024,118.8167,A,,2015,,2
OECD.SDD.TPS:DSD_PRICES@DF_PRICES_ALL(1.0),DNK,A,N,CPI,IX,_T,N,_Z,2025,121.0667,A,,2015,,2
OECD.SDD.TPS:DSD_PRICES@DF_PRICES_ALL(1.0),EST,A,N,CPI,IX,_T,N,_Z,2015,100,A,,2015,,2
OECD.SDD.TPS:DSD_PRICES@DF_PRICES_ALL(1.0),EST,A,N,CPI,IX,_T,N,_Z,2016,100.1487,A,,2015,,2
OECD.SDD.TPS:DSD_PRICES@DF_PRICES_ALL(1.0),EST,A,N,CPI,IX,_T,N,_Z,2017,103.571,A,,2015,,2
OECD.SDD.TPS:DSD_PRICES@DF_PRICES_ALL(1.0),EST,A,N,CPI,IX,_T,N,_Z,2018,107.13,A,,2015,,2
OECD.SDD.TPS:DSD_PRICES@DF_PRICES_ALL(1.0),EST,A,N,CPI,IX,_T,N,_Z,2019,109.5697,A,,2015,,2
OECD.SDD.TPS:DSD_PRICES@DF_PRICES_ALL(1.0),EST,A,N,CPI,IX,_T,N,_Z,2020,109.0826,A,,2015,,2
OECD.SDD.TPS:DSD_PRICES@DF_PRICES_ALL(1.0),EST,A,N,CPI,IX,_T,N,_Z,2021,114.1584,A,,2015,,2
OECD.SDD.TPS:DSD_PRICES@DF_PRICES_ALL(1.0),EST,A,N,CPI,IX,_T,N,_Z,2022,136.3031,A,,2015,,2
OECD.SDD.TPS:DSD_PRICES@DF_PRICES_ALL(1.0),EST,A,N,CPI,IX,_T,N,_Z,2023,148.7874,A,,2015,,2
OECD.SDD.TPS:DSD_PRICES@DF_PRICES_ALL(1.0),EST,A,N,CPI,IX,_T,N,_Z,2024,154.0256,A,,2015,,2
OECD.SDD.TPS:DSD_PRICES@DF_PRICES_ALL(1.0),EST,A,N,CPI,IX,_T,N,_Z,2025,161.462,A,,2015,,2
OECD.SDD.TPS:DSD_PRICES@DF_PRICES_ALL(1.0),HUN,A,N,CPI,IX,_T,N,_Z,2015,100,A,,2015,,2
OECD.SDD.TPS:DSD_PRICES@DF_PRICES_ALL(1.0),HUN,A,N,CPI,IX,_T,N,_Z,2016,100.3948,A,,2015,,2
OECD.SDD.TPS:DSD_PRICES@DF_PRICES_ALL(1.0),HUN,A,N,CPI,IX,_T,N,_Z,2017,102.7523,A,,2015,,2
OECD.SDD.TPS:DSD_PRICES@DF_PRICES_ALL(1.0),HUN,A,N,CPI,IX,_T,N,_Z,2018,105.681,A,,2015,,2
OECD.SDD.TPS:DSD_PRICES@DF_PRICES_ALL(1.0),HUN,A,N,CPI,IX,_T,N,_Z,2019,109.2092,A,,2015,,2
OECD.SDD.TPS:DSD_PRICES@DF_PRICES_ALL(1.0),HUN,A,N,CPI,IX,_T,N,_Z,2020,112.8423,A,,2015,,2
OECD.SDD.TPS:DSD_PRICES@DF_PRICES_ALL(1.0),HUN,A,N,CPI,IX,_T,N,_Z,2021,118.6097,A,,2015,,2
OECD.SDD.TPS:DSD_PRICES@DF_PRICES_ALL(1.0),HUN,A,N,CPI,IX,_T,N,_Z,2022,135.9363,A,,2015,,2
OECD.SDD.TPS:DSD_PRICES@DF_PRICES_ALL(1.0),HUN,A,N,CPI,IX,_T,N,_Z,2023,159.2154,A,,2015,,2
OECD.SDD.TPS:DSD_PRICES@DF_PRICES_ALL(1.0),HUN,A,N,CPI,IX,_T,N,_Z,2024,165.1123,A,,2015,,2
OECD.SDD.TPS:DSD_PRICES@DF_PRICES_ALL(1.0),HUN,A,N,CPI,IX,_T,N,_Z,2025,172.397,A,,2015,,2
OECD.SDD.TPS:DSD_PRICES@DF_PRICES_ALL(1.0),IRL,A,N,CPI,IX,_T,N,_Z,2015,100,A,,2015,,2
OECD.SDD.TPS:DSD_PRICES@DF_PRICES_ALL(1.0),IRL,A,N,CPI,IX,_T,N,_Z,2016,100.0201,A,,2015,,2
OECD.SDD.TPS:DSD_PRICES@DF_PRICES_ALL(1.0),IRL,A,N,CPI,IX,_T,N,_Z,2017,100.3824,A,,2015,,2
OECD.SDD.TPS:DSD_PRICES@DF_PRICES_ALL(1.0),IRL,A,N,CPI,IX,_T,N,_Z,2018,100.8553,A,,2015,,2
OECD.SDD.TPS:DSD_PRICES@DF_PRICES_ALL(1.0),IRL,A,N,CPI,IX,_T,N,_Z,2019,101.8012,A,,2015,,2
OECD.SDD.TPS:DSD_PRICES@DF_PRICES_ALL(1.0),IRL,A,N,CPI,IX,_T,N,_Z,2020,101.4691,A,,2015,,2
OECD.SDD.TPS:DSD_PRICES@DF_PRICES_ALL(1.0),IRL,A,N,CPI,IX,_T,N,_Z,2021,103.8438,A,,2015,,2
OECD.SDD.TPS:DSD_PRICES@DF_PRICES_ALL(1.0),IRL,A,N,CPI,IX,_T,N,_Z,2022,111.9742,A,,2015,,2
OECD.SDD.TPS:DSD_PRICES@DF_PRICES_ALL(1.0),IRL,A,N,CPI,IX,_T,N,_Z,2023,119.028,A,,2015,,2
OECD.SDD.TPS:DSD_PRICES@DF_PRICES_ALL(1.0),IRL,A,N,CPI,IX,_T,N,_Z,2024,121.5436,A,,2015,,2
OECD.SDD.TPS:DSD_PRICES@DF_PRICES_ALL(1.0),IRL,A,N,CPI,IX,_T,N,_Z,2025,124.2302,A,,2015,,2
OECD.SDD.TPS:DSD_PRICES@DF_PRICES_ALL(1.0),ISR,A,N,CPI,IX,_T,N,_Z,2015,100,A,,2015,,2
OECD.SDD.TPS:DSD_PRICES@DF_PRICES_ALL(1.0),ISR,A,N,CPI,IX,_T,N,_Z,2016,99.46483,A,,2015,,2
OECD.SDD.TPS:DSD_PRICES@DF_PRICES_ALL(1.0),ISR,A,N,CPI,IX,_T,N,_Z,2017,99.7133,A,,2015,,2
OECD.SDD.TPS:DSD_PRICES@DF_PRICES_ALL(1.0),ISR,A,N,CPI,IX,_T,N,_Z,2018,100.5161,A,,2015,,2
OECD.SDD.TPS:DSD_PRICES@DF_PRICES_ALL(1.0),ISR,A,N,CPI,IX,_T,N,_Z,2019,101.3379,A,,2015,,2
OECD.SDD.TPS:DSD_PRICES@DF_PRICES_ALL(1.0),ISR,A,N,CPI,IX,_T,N,_Z,2020,100.755,A,,2015,,2
OECD.SDD.TPS:DSD_PRICES@DF_PRICES_ALL(1.0),ISR,A,N,CPI,IX,_T,N,_Z,2021,102.2458,A,,2015,,2
OECD.SDD.TPS:DSD_PRICES@DF_PRICES_ALL(1.0),ISR,A,N,CPI,IX,_T,N,_Z,2022,106.7565,A,,2015,,2
OECD.SDD.TPS:DSD_PRICES@DF_PRICES_ALL(1.0),ISR,A,N,CPI,IX,_T,N,_Z,2023,111.2672,A,,2015,,2
OECD.SDD.TPS:DSD_PRICES@DF_PRICES_ALL(1.0),ISR,A,N,CPI,IX,_T,N,_Z,2024,114.6885,A,,2015,,2
OECD.SDD.TPS:DSD_PRICES@DF_PRICES_ALL(1.0),ISR,A,N,CPI,IX,_T,N,_Z,2025,118.1766,A,,2015,,2
OECD.SDD.TPS:DSD_PRICES@DF_PRICES_ALL(1.0),ISL,A,N,CPI,IX,_T,N,_Z,2015,100,A,,2015,,2
OECD.SDD.TPS:DSD_PRICES@DF_PRICES_ALL(1.0),ISL,A,N,CPI,IX,_T,N,_Z,2016,101.6969,A,,2015,,2
OECD.SDD.TPS:DSD_PRICES@DF_PRICES_ALL(1.0),ISL,A,N,CPI,IX,_T,N,_Z,2017,103.4872,A,,2015,,2
OECD.SDD.TPS:DSD_PRICES@DF_PRICES_ALL(1.0),ISL,A,N,CPI,IX,_T,N,_Z,2018,106.2637,A,,2015,,2
OECD.SDD.TPS:DSD_PRICES@DF_PRICES_ALL(1.0),ISL,A,N,CPI,IX,_T,N,_Z,2019,109.4665,A,,2015,,2
OECD.SDD.TPS:DSD_PRICES@DF_PRICES_ALL(1.0),ISL,A,N,CPI,IX,_T,N,_Z,2020,112.584,A,,2015,,2
OECD.SDD.TPS:DSD_PRICES@DF_PRICES_ALL(1.0),ISL,A,N,CPI,IX,_T,N,_Z,2021,117.5875,A,,2015,,2
OECD.SDD.TPS:DSD_PRICES@DF_PRICES_ALL(1.0),ISL,A,N,CPI,IX,_T,N,_Z,2022,127.3575,A,,2015,,2
OECD.SDD.TPS:DSD_PRICES@DF_PRICES_ALL(1.0),ISL,A,N,CPI,IX,_T,N,_Z,2023,138.4839,A,,2015,,2
OECD.SDD.TPS:DSD_PRICES@DF_PRICES_ALL(1.0),ISL,A,N,CPI,IX,_T,N,_Z,2024,146.5947,A,,2015,,2
OECD.SDD.TPS:DSD_PRICES@DF_PRICES_ALL(1.0),ISL,A,N,CPI,IX,_T,N,_Z,2025,152.5917,A,,2015,,2
OECD.SDD.TPS:DSD_PRICES@DF_PRICES_ALL(1.0),GRC,A,N,CPI,IX,_T,N,_Z,2015,100,A,,2015,,2
OECD.SDD.TPS:DSD_PRICES@DF_PRICES_ALL(1.0),GRC,A,N,CPI,IX,_T,N,_Z,2016,99.17434,A,,2015,,2
OECD.SDD.TPS:DSD_PRICES@DF_PRICES_ALL(1.0),GRC,A,N,CPI,IX,_T,N,_Z,2017,100.2863,A,,2015,,2
OECD.SDD.TPS:DSD_PRICES@DF_PRICES_ALL(1.0),GRC,A,N,CPI,IX,_T,N,_Z,2018,100.9138,A,,2015,,2
OECD.SDD.TPS:DSD_PRICES@DF_PRICES_ALL(1.0),GRC,A,N,CPI,IX,_T,N,_Z,2019,101.1691,A,,2015,,2
OECD.SDD.TPS:DSD_PRICES@DF_PRICES_ALL(1.0),GRC,A,N,CPI,IX,_T,N,_Z,2020,99.9065,A,,2015,,2
OECD.SDD.TPS:DSD_PRICES@DF_PRICES_ALL(1.0),GRC,A,N,CPI,IX,_T,N,_Z,2021,101.1292,A,,2015,,2
OECD.SDD.TPS:DSD_PRICES@DF_PRICES_ALL(1.0),GRC,A,N,CPI,IX,_T,N,_Z,2022,110.8834,A,,2015,,2
OECD.SDD.TPS:DSD_PRICES@DF_PRICES_ALL(1.0),GRC,A,N,CPI,IX,_T,N,_Z,2023,114.7252,A,,2015,,2
OECD.SDD.TPS:DSD_PRICES@DF_PRICES_ALL(1.0),GRC,A,N,CPI,IX,_T,N,_Z,2024,117.8704,A,,2015,,2
OECD.SDD.TPS:DSD_PRICES@DF_PRICES_ALL(1.0),GRC,A,N,CPI,IX,_T,N,_Z,2025,120.7955,A,,2015,,2
OECD.SDD.TPS:DSD_PRICES@DF_PRICES_ALL(1.0),DEU,A,N,CPI,IX,_T,N,_Z,2015,100,A,,2015,,2
OECD.SDD.TPS:DSD_PRICES@DF_PRICES_ALL(1.0),DEU,A,N,CPI,IX,_T,N,_Z,2016,100.4917,A,,2015,,2
OECD.SDD.TPS:DSD_PRICES@DF_PRICES_ALL(1.0),DEU,A,N,CPI,IX,_T,N,_Z,2017,102.0087,A,,2015,,2
OECD.SDD.TPS:DSD_PRICES@DF_PRICES_ALL(1.0),DEU,A,N,CPI,IX,_T,N,_Z,2018,103.7756,A,,2015,,2
OECD.SDD.TPS:DSD_PRICES@DF_PRICES_ALL(1.0),DEU,A,N,CPI,IX,_T,N,_Z,2019,105.2759,A,,2015,,2
OECD.SDD.TPS:DSD_PRICES@DF_PRICES_ALL(1.0),DEU,A,N,CPI,IX,_T,N,_Z,2020,105.4284,A,,2015,,2
OECD.SDD.TPS:DSD_PRICES@DF_PRICES_ALL(1.0),DEU,A,N,CPI,IX,_T,N,_Z,2021,108.6615,A,,2015,,2
OECD.SDD.TPS:DSD_PRICES@DF_PRICES_ALL(1.0),DEU,A,N,CPI,IX,_T,N,_Z,2022,116.1294,A,,2015,,2
OECD.SDD.TPS:DSD_PRICES@DF_PRICES_ALL(1.0),DEU,A,N,CPI,IX,_T,N,_Z,2023,123.0349,A,,2015,,2
OECD.SDD.TPS:DSD_PRICES@DF_PRICES_ALL(1.0),DEU,A,N,CPI,IX,_T,N,_Z,2024,125.8112,A,,2015,,2
OECD.SDD.TPS:DSD_PRICES@DF_PRICES_ALL(1.0),DEU,A,N,CPI,IX,_T,N,_Z,2025,128.5436,A,,2015,,2
OECD.SDD.TPS:DSD_PRICES@DF_PRICES_ALL(1.0),FRA,A,N,CPI,IX,_T,S,_Z,2015,99.99917,A,,2015,,2
OECD.SDD.TPS:DSD_PRICES@DF_PRICES_ALL(1.0),FRA,A,N,CPI,IX,_T,S,_Z,2016,100.1825,A,,2015,,2
OECD.SDD.TPS:DSD_PRICES@DF_PRICES_ALL(1.0),FRA,A,N,CPI,IX,_T,S,_Z,2017,101.2167,A,,2015,,2
OECD.SDD.TPS:DSD_PRICES@DF_PRICES_ALL(1.0),FRA,A,N,CPI,IX,_T,S,_Z,2018,103.09,A,,2015,,2
OECD.SDD.TPS:DSD_PRICES@DF_PRICES_ALL(1.0),FRA,A,N,CPI,IX,_T,S,_Z,2019,104.2325,A,,2015,,2
OECD.SDD.TPS:DSD_PRICES@DF_PRICES_ALL(1.0),FRA,A,N,CPI,IX,_T,S,_Z,2020,104.7292,A,,2015,,2
OECD.SDD.TPS:DSD_PRICES@DF_PRICES_ALL(1.0),FRA,A,N,CPI,IX,_T,S,_Z,2021,106.4492,A,,2015,,2
OECD.SDD.TPS:DSD_PRICES@DF_PRICES_ALL(1.0),FRA,A,N,CPI,IX,_T,S,_Z,2022,112.0083,A,,2015,,2
OECD.SDD.TPS:DSD_PRICES@DF_PRICES_ALL(1.0),FRA,A,N,CPI,IX,_T,S,_Z,2023,117.4725,A,,2015,,2
OECD.SDD.TPS:DSD_PRICES@DF_PRICES_ALL(1.0),FRA,A,N,CPI,IX,_T,S,_Z,2024,119.8208,A,,2015,,2
OECD.SDD.TPS:DSD_PRICES@DF_PRICES_ALL(1.0),FRA,A,N,CPI,IX,_T,S,_Z,2025,120.9517,A,,2015,,2
OECD.SDD.TPS:DSD_PRICES@DF_PRICES_ALL(1.0),FRA,A,N,CPI,IX,_T,N,_Z,2015,99.99917,A,,2015,,2
OECD.SDD.TPS:DSD_PRICES@DF_PRICES_ALL(1.0),FRA,A,N,CPI,IX,_T,N,_Z,2016,100.1825,A,,2015,,2
OECD.SDD.TPS:DSD_PRICES@DF_PRICES_ALL(1.0),FRA,A,N,CPI,IX,_T,N,_Z,2017,101.2167,A,,2015,,2
OECD.SDD.TPS:DSD_PRICES@DF_PRICES_ALL(1.0),FRA,A,N,CPI,IX,_T,N,_Z,2018,103.09,A,,2015,,2
OECD.SDD.TPS:DSD_PRICES@DF_PRICES_ALL(1.0),FRA,A,N,CPI,IX,_T,N,_Z,2019,104.2325,A,,2015,,2
OECD.SDD.TPS:DSD_PRICES@DF_PRICES_ALL(1.0),FRA,A,N,CPI,IX,_T,N,_Z,2020,104.7292,A,,2015,,2
OECD.SDD.TPS:DSD_PRICES@DF_PRICES_ALL(1.0),FRA,A,N,CPI,IX,_T,N,_Z,2021,106.4492,A,,2015,,2
OECD.SDD.TPS:DSD_PRICES@DF_PRICES_ALL(1.0),FRA,A,N,CPI,IX,_T,N,_Z,2022,112.0083,A,,2015,,2
OECD.SDD.TPS:DSD_PRICES@DF_PRICES_ALL(1.0),FRA,A,N,CPI,IX,_T,N,_Z,2023,117.4725,A,,2015,,2
OECD.SDD.TPS:DSD_PRICES@DF_PRICES_ALL(1.0),FRA,A,N,CPI,IX,_T,N,_Z,2024,119.8208,A,,2015,,2
OECD.SDD.TPS:DSD_PRICES@DF_PRICES_ALL(1.0),FRA,A,N,CPI,IX,_T,N,_Z,2025,120.9517,A,,2015,,2
OECD.SDD.TPS:DSD_PRICES@DF_PRICES_ALL(1.0),FIN,A,N,CPI,IX,_T,N,_Z,2015,99.995,A,,2015,,2
OECD.SDD.TPS:DSD_PRICES@DF_PRICES_ALL(1.0),FIN,A,N,CPI,IX,_T,N,_Z,2016,100.3517,A,,2015,,2
OECD.SDD.TPS:DSD_PRICES@DF_PRICES_ALL(1.0),FIN,A,N,CPI,IX,_T,N,_Z,2017,101.1083,A,,2015,,2
OECD.SDD.TPS:DSD_PRICES@DF_PRICES_ALL(1.0),FIN,A,N,CPI,IX,_T,N,_Z,2018,102.2042,A,,2015,,2
OECD.SDD.TPS:DSD_PRICES@DF_PRICES_ALL(1.0),FIN,A,N,CPI,IX,_T,N,_Z,2019,103.2508,A,,2015,,2
OECD.SDD.TPS:DSD_PRICES@DF_PRICES_ALL(1.0),FIN,A,N,CPI,IX,_T,N,_Z,2020,103.5508,A,,2015,,2
OECD.SDD.TPS:DSD_PRICES@DF_PRICES_ALL(1.0),FIN,A,N,CPI,IX,_T,N,_Z,2021,105.8233,A,,2015,,2
OECD.SDD.TPS:DSD_PRICES@DF_PRICES_ALL(1.0),FIN,A,N,CPI,IX,_T,N,_Z,2022,113.3617,A,,2015,,2
OECD.SDD.TPS:DSD_PRICES@DF_PRICES_ALL(1.0),FIN,A,N,CPI,IX,_T,N,_Z,2023,120.4475,A,,2015,,2
OECD.SDD.TPS:DSD_PRICES@DF_PRICES_ALL(1.0),FIN,A,N,CPI,IX,_T,N,_Z,2024,122.3333,A,,2015,,2
OECD.SDD.TPS:DSD_PRICES@DF_PRICES_ALL(1.0),FIN,A,N,CPI,IX,_T,N,_Z,2025,122.7467,A,,2015,,2
OECD.SDD.TPS:DSD_PRICES@DF_PRICES_ALL(1.0),BEL,A,N,CPI,IX,_T,N,_Z,2015,100,A,,2015,,2
OECD.SDD.TPS:DSD_PRICES@DF_PRICES_ALL(1.0),BEL,A,N,CPI,IX,_T,N,_Z,2016,101.9739,A,,2015,,2
OECD.SDD.TPS:DSD_PRICES@DF_PRICES_ALL(1.0),BEL,A,N,CPI,IX,_T,N,_Z,2017,104.1418,A,,2015,,2
OECD.SDD.TPS:DSD_PRICES@DF_PRICES_ALL(1.0),BEL,A,N,CPI,IX,_T,N,_Z,2018,106.28,A,,2015,,2
OECD.SDD.TPS:DSD_PRICES@DF_PRICES_ALL(1.0),BEL,A,N,CPI,IX,_T,N,_Z,2019,107.807,A,,2015,,2
OECD.SDD.TPS:DSD_PRICES@DF_PRICES_ALL(1.0),BEL,A,N,CPI,IX,_T,N,_Z,2020,108.6057,A,,2015,,2
OECD.SDD.TPS:DSD_PRICES@DF_PRICES_ALL(1.0),BEL,A,N,CPI,IX,_T,N,_Z,2021,111.2559,A,,2015,,2
OECD.SDD.TPS:DSD_PRICES@DF_PRICES_ALL(1.0),BEL,A,N,CPI,IX,_T,N,_Z,2022,121.9337,A,,2015,,2
OECD.SDD.TPS:DSD_PRICES@DF_PRICES_ALL(1.0),BEL,A,N,CPI,IX,_T,N,_Z,2023,126.8708,A,,2015,,2
OECD.SDD.TPS:DSD_PRICES@DF_PRICES_ALL(1.0),BEL,A,N,CPI,IX,_T,N,_Z,2024,130.859,A,,2015,,2
OECD.SDD.TPS:DSD_PRICES@DF_PRICES_ALL(1.0),BEL,A,N,CPI,IX,_T,N,_Z,2025,134.0874,A,,2015,,2
OECD.SDD.TPS:DSD_PRICES@DF_PRICES_ALL(1.0),DEU,A,N,CPI,IX,_T,S,_Z,2015,100,A,,2015,,2
OECD.SDD.TPS:DSD_PRICES@DF_PRICES_ALL(1.0),DEU,A,N,CPI,IX,_T,S,_Z,2016,100.4832,A,,2015,,2
OECD.SDD.TPS:DSD_PRICES@DF_PRICES_ALL(1.0),DEU,A,N,CPI,IX,_T,S,_Z,2017,101.9495,A,,2015,,2
OECD.SDD.TPS:DSD_PRICES@DF_PRICES_ALL(1.0),DEU,A,N,CPI,IX,_T,S,_Z,2018,103.7324,A,,2015,,2
OECD.SDD.TPS:DSD_PRICES@DF_PRICES_ALL(1.0),DEU,A,N,CPI,IX,_T,S,_Z,2019,105.2237,A,,2015,,2
OECD.SDD.TPS:DSD_PRICES@DF_PRICES_ALL(1.0),DEU,A,N,CPI,IX,_T,S,_Z,2020,105.8706,A,,2015,,2
OECD.SDD.TPS:DSD_PRICES@DF_PRICES_ALL(1.0),DEU,A,N,CPI,IX,_T,S,_Z,2021,109.1082,A,,2015,,2
OECD.SDD.TPS:DSD_PRICES@DF_PRICES_ALL(1.0),DEU,A,N,CPI,IX,_T,S,_Z,2022,116.5979,A,,2015,,2
OECD.SDD.TPS:DSD_PRICES@DF_PRICES_ALL(1.0),DEU,A,N,CPI,IX,_T,S,_Z,2023,123.523,A,,2015,,2
OECD.SDD.TPS:DSD_PRICES@DF_PRICES_ALL(1.0),DEU,A,N,CPI,IX,_T,S,_Z,2024,126.3195,A,,2015,,2
OECD.SDD.TPS:DSD_PRICES@DF_PRICES_ALL(1.0),DEU,A,N,CPI,IX,_T,S,_Z,2025,129.0896,A,,2015,,2
OECD.SDD.TPS:DSD_PRICES@DF_PRICES_ALL(1.0),CAN,A,N,CPI,IX,_T,N,_Z,2015,100,A,,2015,,2
OECD.SDD.TPS:DSD_PRICES@DF_PRICES_ALL(1.0),CAN,A,N,CPI,IX,_T,N,_Z,2016,101.4288,A,,2015,,2
OECD.SDD.TPS:DSD_PRICES@DF_PRICES_ALL(1.0),CAN,A,N,CPI,IX,_T,N,_Z,2017,103.0485,A,,2015,,2
OECD.SDD.TPS:DSD_PRICES@DF_PRICES_ALL(1.0),CAN,A,N,CPI,IX,_T,N,_Z,2018,105.3858,A,,2015,,2
OECD.SDD.TPS:DSD_PRICES@DF_PRICES_ALL(1.0),CAN,A,N,CPI,IX,_T,N,_Z,2019,107.4401,A,,2015,,2
OECD.SDD.TPS:DSD_PRICES@DF_PRICES_ALL(1.0),CAN,A,N,CPI,IX,_T,N,_Z,2020,108.2104,A,,2015,,2
OECD.SDD.TPS:DSD_PRICES@DF_PRICES_ALL(1.0),CAN,A,N,CPI,IX,_T,N,_Z,2021,111.8844,A,,2015,,2
OECD.SDD.TPS:DSD_PRICES@DF_PRICES_ALL(1.0),CAN,A,N,CPI,IX,_T,N,_Z,2022,119.4957,A,,2015,,2
OECD.SDD.TPS:DSD_PRICES@DF_PRICES_ALL(1.0),CAN,A,N,CPI,IX,_T,N,_Z,2023,124.1309,A,,2015,,2
OECD.SDD.TPS:DSD_PRICES@DF_PRICES_ALL(1.0),CAN,A,N,CPI,IX,_T,N,_Z,2024,127.0872,A,,2015,,2
OECD.SDD.TPS:DSD_PRICES@DF_PRICES_ALL(1.0),CAN,A,N,CPI,IX,_T,N,_Z,2025,129.7208,A,,2015,,2
OECD.SDD.TPS:DSD_PRICES@DF_PRICES_ALL(1.0),AUT,A,N,CPI,PC,SERV,N,G1,2025,4.509885,A,,,,2
OECD.SDD.TPS:DSD_PRICES@DF_PRICES_ALL(1.0),BEL,A,N,CPI,PC,SERV,N,G1,2022,4.639106,A,,,,2
OECD.SDD.TPS:DSD_PRICES@DF_PRICES_ALL(1.0),CAN,A,N,CPI,PC,SERV,N,G1,2017,2.231822,A,,,,2
OECD.SDD.TPS:DSD_PRICES@DF_PRICES_ALL(1.0),CAN,A,N,CPI,PC,SERV,N,G1,2020,1.435433,A,,,,2
OECD.SDD.TPS:DSD_PRICES@DF_PRICES_ALL(1.0),CHL,A,N,CPI,PC,SERV,N,G1,2017,3.097361,A,,,,2
OECD.SDD.TPS:DSD_PRICES@DF_PRICES_ALL(1.0),CHL,A,N,CPI,PC,SERV,N,G1,2023,7.264694,A,,,,2
OECD.SDD.TPS:DSD_PRICES@DF_PRICES_ALL(1.0),COL,A,N,CPI,PC,SERV,N,G1,2018,4.292023,A,,,,2
OECD.SDD.TPS:DSD_PRICES@DF_PRICES_ALL(1.0),CRI,A,N,CPI,PC,SERV,N,G1,2018,2.858172,A,,,,2
OECD.SDD.TPS:DSD_PRICES@DF_PRICES_ALL(1.0),CZE,A,N,CPI,PC,SERV,N,G1,2015,0.9505383,A,,,,2
OECD.SDD.TPS:DSD_PRICES@DF_PRICES_ALL(1.0),CZE,A,N,CPI,PC,SERV,N,G1,2019,3.83278,A,,,,2
OECD.SDD.TPS:DSD_PRICES@DF_PRICES_ALL(1.0),CZE,A,N,CPI,PC,SERV,N,G1,2021,4.535311,A,,,,2
OECD.SDD.TPS:DSD_PRICES@DF_PRICES_ALL(1.0),DNK,A,N,CPI,PC,SERV,N,G1,2015,1.574403,A,,,,2
OECD.SDD.TPS:DSD_PRICES@DF_PRICES_ALL(1.0),EST,A,N,CPI,PC,SERV,N,G1,2015,2.130626,A,,,,2
OECD.SDD.TPS:DSD_PRICES@DF_PRICES_ALL(1.0),EST,A,N,CPI,PC,SERV,N,G1,2021,3.039621,A,,,,2
OECD.SDD.TPS:DSD_PRICES@DF_PRICES_ALL(1.0),FRA,A,N,CPI,PC,SERV,N,G1,2020,0.8957753,A,,,,2
OECD.SDD.TPS:DSD_PRICES@DF_PRICES_ALL(1.0),GRC,A,N,CPI,PC,SERV,N,G1,2017,1.133804,A,,,,2
OECD.SDD.TPS:DSD_PRICES@DF_PRICES_ALL(1.0),HUN,A,N,CPI,PC,SERV,N,G1,2017,1.884706,A,,,,2
OECD.SDD.TPS:DSD_PRICES@DF_PRICES_ALL(1.0),HUN,A,N,CPI,PC,SERV,N,G1,2024,8.823176,A,,,,2
OECD.SDD.TPS:DSD_PRICES@DF_PRICES_ALL(1.0),IRL,A,N,CPI,PC,SERV,N,G1,2015,2.382033,A,,,,2
OECD.SDD.TPS:DSD_PRICES@DF_PRICES_ALL(1.0),ISR,A,N,CPI,PC,SERV,N,G1,2020,-0.4668445,A,,,,2
OECD.SDD.TPS:DSD_PRICES@DF_PRICES_ALL(1.0),ISR,A,N,CPI,PC,SERV,N,G1,2023,5.380435,A,,,,2
OECD.SDD.TPS:DSD_PRICES@DF_PRICES_ALL(1.0),AUT,A,N,CPI,PA,SERV,N,GY,2023,7.907666,A,,,,2
OECD.SDD.TPS:DSD_PRICES@DF_PRICES_ALL(1.0),CHL,A,N,CPI,PA,SERV,N,GY,2017,3.097361,A,,,,2
OECD.SDD.TPS:DSD_PRICES@DF_PRICES_ALL(1.0),CHL,A,N,CPI,PA,SERV,N,GY,2018,3.18332,A,,,,2
OECD.SDD.TPS:DSD_PRICES@DF_PRICES_ALL(1.0),CHL,A,N,CPI,PA,SERV,N,GY,2020,2.297673,A,,,,2
OECD.SDD.TPS:DSD_PRICES@DF_PRICES_ALL(1.0),CHL,A,N,CPI,PA,SERV,N,GY,2021,3.309577,A,,,,2
OECD.SDD.TPS:DSD_PRICES@DF_PRICES_ALL(1.0),CHL,A,N,CPI,PA,SERV,N,GY,2023,7.264694,A,,,,2
OECD.SDD.TPS:DSD_PRICES@DF_PRICES_ALL(1.0),CZE,A,N,CPI,PA,SERV,N,GY,2022,13.55279,A,,,,2
OECD.SDD.TPS:DSD_PRICES@DF_PRICES_ALL(1.0),DNK,A,N,CPI,PA,SERV,N,GY,2016,1.608333,A,,,,2
OECD.SDD.TPS:DSD_PRICES@DF_PRICES_ALL(1.0),DNK,A,N,CPI,PA,SERV,N,GY,2020,1.10251,A,,,,2
OECD.SDD.TPS:DSD_PRICES@DF_PRICES_ALL(1.0),DNK,A,N,CPI,PA,SERV,N,GY,2023,4.853724,A,,,,2
OECD.SDD.TPS:DSD_PRICES@DF_PRICES_ALL(1.0),FIN,A,N,CPI,PA,SERV,N,GY,2018,1.126135,A,,,,2
OECD.SDD.TPS:DSD_PRICES@DF_PRICES_ALL(1.0),FIN,A,N,CPI,PA,SERV,N,GY,2020,0.7516726,A,,,,2
OECD.SDD.TPS:DSD_PRICES@DF_PRICES_ALL(1.0),GRC,A,N,CPI,PA,SERV,N,GY,2019,0.8867397,A,,,,2
OECD.SDD.TPS:DSD_PRICES@DF_PRICES_ALL(1.0),GRC,A,N,CPI,PA,SERV,N,GY,2025,4.895321,A,,,,2
OECD.SDD.TPS:DSD_PRICES@DF_PRICES_ALL(1.0),HUN,A,N,CPI,PA,SERV,N,GY,2016,1.692887,A,,,,2
OECD.SDD.TPS:DSD_PRICES@DF_PRICES_ALL(1.0),IRL,A,N,CPI,PA,SERV,N,GY,2015,2.382033,A,,,,2
OECD.SDD.TPS:DSD_PRICES@DF_PRICES_ALL(1.0),IRL,A,N,CPI,PA,SERV,N,GY,2016,2.160425,A,,,,2
OECD.SDD.TPS:DSD_PRICES@DF_PRICES_ALL(1.0),IRL,A,N,CPI,PA,SERV,N,GY,2017,2.179807,A,,,,2
OECD.SDD.TPS:DSD_PRICES@DF_PRICES_ALL(1.0),IRL,A,N,CPI,PA,SERV,N,GY,2022,6.896552,A,,,,2
OECD.SDD.TPS:DSD_PRICES@DF_PRICES_ALL(1.0),ISR,A,N,CPI,PA,SERV,N,GY,2017,0.05833738,A,,,,2
OECD.SDD.TPS:DSD_PRICES@DF_PRICES_ALL(1.0),ISR,A,N,CPI,PA,SERV,N,GY,2018,1.15635,A,,,,2
OECD.SDD.TPS:DSD_PRICES@DF_PRICES_ALL(1.0),ISR,A,N,CPI,PA,SERV,N,GY,2022,4.367555,A,,,,2
OECD.SDD.TPS:DSD_PRICES@DF_PRICES_ALL(1.0),BEL,A,N,CPI,IX,SERV,N,_Z,2016,102.6782,A,,2015,,2
OECD.SDD.TPS:DSD_PRICES@DF_PRICES_ALL(1.0),CAN,A,N,CPI,IX,SERV,N,_Z,2017,104.1247,A,,2015,,2
OECD.SDD.TPS:DSD_PRICES@DF_PRICES_ALL(1.0),CHL,A,N,CPI,IX,SERV,N,_Z,2019,115.841,A,,2015,,2
OECD.SDD.TPS:DSD_PRICES@DF_PRICES_ALL(1.0),COL,A,N,CPI,IX,SERV,N,_Z,2015,100,A,,2015,,2
OECD.SDD.TPS:DSD_PRICES@DF_PRICES_ALL(1.0),COL,A,N,CPI,IX,SERV,N,_Z,2017,111.3037,A,,2015,,2
OECD.SDD.TPS:DSD_PRICES@DF_PRICES_ALL(1.0),COL,A,N,CPI,IX,SERV,N,_Z,2020,123.286,A,,2015,,2
OECD.SDD.TPS:DSD_PRICES@DF_PRICES_ALL(1.0),COL,A,N,CPI,IX,SERV,N,_Z,2024,156.1403,A,,2015,,2
OECD.SDD.TPS:DSD_PRICES@DF_PRICES_ALL(1.0),CZE,A,N,CPI,IX,SERV,N,_Z,2015,100.0083,A,,2015,,2
OECD.SDD.TPS:DSD_PRICES@DF_PRICES_ALL(1.0),CZE,A,N,CPI,IX,SERV,N,_Z,2018,107.8417,A,,2015,,2
OECD.SDD.TPS:DSD_PRICES@DF_PRICES_ALL(1.0),CZE,A,N,CPI,IX,SERV,N,_Z,2025,164.9667,A,,2015,,2
OECD.SDD.TPS:DSD_PRICES@DF_PRICES_ALL(1.0),DNK,A,N,CPI,IX,SERV,N,_Z,2025,124.85,A,,2015,,2
OECD.SDD.TPS:DSD_PRICES@DF_PRICES_ALL(1.0),EST,A,N,CPI,IX,SERV,N,_Z,2019,112.1633,A,,2015,,2
OECD.SDD.TPS:DSD_PRICES@DF_PRICES_ALL(1.0),FRA,A,N,CPI,IX,SERV,N,_Z,2017,101.9683,A,,2015,,2
OECD.SDD.TPS:DSD_PRICES@DF_PRICES_ALL(1.0),GRC,A,N,CPI,IX,SERV,N,_Z,2022,109.1007,A,,2015,,2
OECD.SDD.TPS:DSD_PRICES@DF_PRICES_ALL(1.0),HUN,A,N,CPI,IX,SERV,N,_Z,2017,103.6095,A,,2015,,2
OECD.SDD.TPS:DSD_PRICES@DF_PRICES_ALL(1.0),HUN,A,N,CPI,IX,SERV,N,_Z,2021,117.892,A,,2015,,2
OECD.SDD.TPS:DSD_PRICES@DF_PRICES_ALL(1.0),IRL,A,N,CPI,IX,SERV,N,_Z,2016,102.1604,A,,2015,,2
OECD.SDD.TPS:DSD_PRICES@DF_PRICES_ALL(1.0),IRL,A,N,CPI,IX,SERV,N,_Z,2020,109.4394,A,,2015,,2
OECD.SDD.TPS:DSD_PRICES@DF_PRICES_ALL(1.0),ISR,A,N,CPI,IX,SERV,N,_Z,2016,100.0681,A,,2015,,2
OECD.SDD.TPS:DSD_PRICES@DF_PRICES_ALL(1.0),ISR,A,N,CPI,IX,SERV,N,_Z,2019,102.121,A,,2015,,2
OECD.SDD.TPS:DSD_PRICES@DF_PRICES_ALL(1.0),FRA,A,N,CPI,IX,GD,N,_Z,2020,97.95084,U,,2015,,2
OECD.SDD.TPS:DSD_PRICES@DF_PRICES_ALL(1.0),FRA,A,N,CPI,PA,GD,N,GY,2020,-0.22664,U,,,,2
OECD.SDD.TPS:DSD_PRICES@DF_PRICES_ALL(1.0),FRA,A,N,CPI,PC,GD,N,G1,2020,-0.22664,U,,,,2
